date,day_idx,store_id,sku_id,day_of_week,is_weekend,temperature_c,is_tet_period,opening_stock,units_sold,lost_sales,closing_stock,units_received,promo
2026-01-01,0,1,1,3,0,29,0,12,32,0.0,30,50,0
2026-01-02,1,1,1,4,0,31,0,30,30,0.0,0,0,1
2026-01-01,0,2,1,3,0,29,0,28,28,0.0,0,0,0
2024-06-04,0,1,1,1,0,29.9,0,244,33,0.0,211,0,0
2024-06-05,1,1,1,2,0,30.0,0,211,41,0.0,170,0,0
2024-06-06,2,1,1,3,0,27.6,0,170,26,0.0,144,0,0
2024-06-07,3,1,1,4,0,30.6,0,144,37,0.0,107,0,0
2024-06-08,4,1,1,5,1,28.7,0,107,39,0.0,68,0,0
2024-06-09,5,1,1,6,1,22.7,0,68,34,0.0,34,0,0
2024-06-10,6,1,1,0,0,27.9,0,34,31,0.0,242,239,0
2024-06-11,7,1,1,1,0,27.6,0,242,36,0.0,206,0,0
2024-06-12,8,1,1,2,0,26.3,0,206,23,0.0,183,0,0
2024-06-13,9,1,1,3,0,27.7,0,183,38,0.0,145,0,0
2024-06-14,10,1,1,4,0,27.5,0,145,39,0.0,106,0,0
2024-06-15,11,1,1,5,1,28.7,0,106,41,0.0,65,0,0
2024-06-16,12,1,1,6,1,29.8,0,65,43,0.0,22,0,0
2024-06-17,13,1,1,0,0,27.8,0,22,43,0.0,230,251,0
2024-06-18,14,1,1,1,0,27.9,0,230,30,0.0,200,0,0
2024-06-19,15,1,1,2,0,24.7,0,200,32,0.0,168,0,0
2024-06-20,16,1,1,3,0,28.2,0,168,32,0.0,136,0,0
2024-06-21,17,1,1,4,0,27.4,0,136,32,0.0,104,0,0
2024-06-22,18,1,1,5,1,29.5,0,104,55,0.0,49,0,0
2024-06-23,19,1,1,6,1,31.1,0,49,49,0.0,0,0,0
2024-06-24,20,1,1,0,0,28.2,0,0,36,0.0,237,273,0
2024-06-25,21,1,1,1,0,28.6,0,237,26,0.0,211,0,0
2024-06-26,22,1,1,2,0,26.0,0,211,21,0.0,190,0,0
2024-06-27,23,1,1,3,0,27.2,0,190,30,0.0,160,0,0
2024-06-28,24,1,1,4,0,31.2,0,160,36,0.0,124,0,0
2024-06-29,25,1,1,5,1,27.8,0,124,47,0.0,77,0,0
2024-06-30,26,1,1,6,1,27.4,0,77,34,0.0,43,0,0
2024-07-01,27,1,1,0,0,29.5,0,43,38,0.0,235,230,0
2024-07-02,28,1,1,1,0,28.0,0,235,31,0.0,204,0,0
2024-07-03,29,1,1,2,0,27.3,0,204,40,0.0,164,0,0
2024-07-04,30,1,1,3,0,28.6,0,164,31,0.0,133,0,0
2024-07-05,31,1,1,4,0,27.6,0,133,32,0.0,101,0,0
2024-07-06,32,1,1,5,1,29.8,0,101,44,0.0,57,0,0
2024-07-07,33,1,1,6,1,27.0,0,57,42,0.0,15,0,0
2024-07-08,34,1,1,0,0,28.7,0,15,37,0.0,236,258,0
2024-07-09,35,1,1,1,0,31.4,0,236,40,0.0,196,0,0
2024-07-10,36,1,1,2,0,27.1,0,196,41,0.0,155,0,0
2024-07-11,37,1,1,3,0,25.1,0,155,30,0.0,125,0,0
2024-07-12,38,1,1,4,0,29.4,0,125,44,0.0,81,0,0
2024-07-13,39,1,1,5,1,29.4,0,81,43,0.0,38,0,0
2024-07-14,40,1,1,6,1,27.3,0,38,30,0.0,8,0,0
2024-07-15,41,1,1,0,0,28.4,0,8,33,0.0,240,265,0
2024-07-16,42,1,1,1,0,28.2,0,240,50,0.0,190,0,0
2024-07-17,43,1,1,2,0,26.0,0,190,32,0.0,158,0,0
2024-07-18,44,1,1,3,0,28.6,0,158,44,0.0,114,0,0
2024-06-04,0,1,2,1,0,29.9,0,13,20,0.0,9,16,0
2024-06-05,1,1,2,2,0,30.0,0,9,19,0.0,10,20,0
2024-06-06,2,1,2,3,0,27.6,0,10,24,0.0,5,19,0
2024-06-07,3,1,2,4,0,30.6,0,5,24,0.0,5,24,0
2024-06-08,4,1,2,5,1,28.7,0,5,17,0.0,12,24,0
2024-06-09,5,1,2,6,1,22.7,0,12,17,0.0,12,17,0
2024-06-10,6,1,2,0,0,27.9,0,12,22,0.0,7,17,0
2024-06-11,7,1,2,1,0,27.6,0,7,19,0.0,10,22,0
2024-06-12,8,1,2,2,0,26.3,0,10,23,0.0,6,19,0
2024-06-13,9,1,2,3,0,27.7,0,6,20,0.0,9,23,0
2024-06-14,10,1,2,4,0,27.5,0,9,15,0.0,14,20,0
2024-06-15,11,1,2,5,1,28.7,0,14,17,0.0,12,15,0
2024-06-16,12,1,2,6,1,29.8,0,12,27,0.0,2,17,0
2024-06-17,13,1,2,0,0,27.8,0,2,23,0.0,6,27,0
2024-06-18,14,1,2,1,0,27.9,0,6,22,0.0,7,23,0
2024-06-19,15,1,2,2,0,24.7,0,7,25,0.0,4,22,0
2024-06-20,16,1,2,3,0,28.2,0,4,19,0.0,10,25,0
2024-06-21,17,1,2,4,0,27.4,0,10,16,0.0,13,19,0
2024-06-22,18,1,2,5,1,29.5,0,13,24,0.0,5,16,0
2024-06-23,19,1,2,6,1,31.1,0,5,25,0.0,4,24,0
2024-06-24,20,1,2,0,0,28.2,0,4,23,0.0,6,25,0
2024-06-25,21,1,2,1,0,28.6,0,6,11,0.0,18,23,0
2024-06-26,22,1,2,2,0,26.0,0,18,21,0.0,8,11,0
2024-06-27,23,1,2,3,0,27.2,0,8,20,0.0,9,21,0
2024-06-28,24,1,2,4,0,31.2,0,9,17,0.0,12,20,0
2024-06-29,25,1,2,5,1,27.8,0,12,26,0.0,3,17,0
2024-06-30,26,1,2,6,1,27.4,0,3,29,0.0,0,26,0
2024-07-01,27,1,2,0,0,29.5,0,0,20,0.0,9,29,0
2024-07-02,28,1,2,1,0,28.0,0,9,22,0.0,7,20,0
2024-07-03,29,1,2,2,0,27.3,0,7,13,0.0,16,22,0
2024-07-04,30,1,2,3,0,28.6,0,16,28,0.0,1,13,0
2024-07-05,31,1,2,4,0,27.6,0,1,12,0.0,17,28,0
2024-07-06,32,1,2,5,1,29.8,0,17,18,0.0,11,12,0
2024-07-07,33,1,2,6,1,27.0,0,11,24,0.0,5,18,0
2024-07-08,34,1,2,0,0,28.7,0,5,7,0.0,22,24,0
2024-07-09,35,1,2,1,0,31.4,0,22,16,0.0,13,7,0
2024-07-10,36,1,2,2,0,27.1,0,13,21,0.0,8,16,0
2024-07-11,37,1,2,3,0,25.1,0,8,18,0.0,11,21,0
2024-07-12,38,1,2,4,0,29.4,0,11,21,0.0,8,18,0
2024-07-13,39,1,2,5,1,29.4,0,8,19,0.0,10,21,0
2024-07-14,40,1,2,6,1,27.3,0,10,16,0.0,13,19,0
2024-07-15,41,1,2,0,0,28.4,0,13,22,0.0,7,16,0
2024-07-16,42,1,2,1,0,28.2,0,7,16,0.0,13,22,0
2024-07-17,43,1,2,2,0,26.0,0,13,22,0.0,7,16,0
2024-07-18,44,1,2,3,0,28.6,0,7,12,0.0,17,22,0
2024-06-04,0,1,3,1,0,29.9,0,63,6,0.0,57,0,0
2024-06-05,1,1,3,2,0,30.0,0,57,6,0.0,51,0,0
2024-06-06,2,1,3,3,0,27.6,0,51,6,0.0,45,0,0
2024-06-07,3,1,3,4,0,30.6,0,45,9,0.0,36,0,0
2024-06-08,4,1,3,5,1,28.7,0,36,12,0.0,24,0,0
2024-06-09,5,1,3,6,1,22.7,0,24,13,0.0,11,0,0
2024-06-10,6,1,3,0,0,27.9,0,11,7,0.0,69,65,0
2024-06-11,7,1,3,1,0,27.6,0,69,12,0.0,57,0,0
2024-06-12,8,1,3,2,0,26.3,0,57,9,0.0,48,0,0
2024-06-13,9,1,3,3,0,27.7,0,48,9,0.0,39,0,0
2024-06-14,10,1,3,4,0,27.5,0,39,8,0.0,31,0,0
2024-06-15,11,1,3,5,1,28.7,0,31,9,0.0,22,0,0
2024-06-16,12,1,3,6,1,29.8,0,22,9,0.0,13,0,0
2024-06-17,13,1,3,0,0,27.8,0,13,12,0.0,64,63,0
2024-06-18,14,1,3,1,0,27.9,0,64,13,0.0,51,0,0
2024-06-19,15,1,3,2,0,24.7,0,51,4,0.0,47,0,0
2024-06-20,16,1,3,3,0,28.2,0,47,16,0.0,31,0,0
2024-06-21,17,1,3,4,0,27.4,0,31,6,0.0,25,0,0
2024-06-22,18,1,3,5,1,29.5,0,25,11,0.0,14,0,0
2024-06-23,19,1,3,6,1,31.1,0,14,14,0.0,0,0,0
2024-06-24,20,1,3,0,0,28.2,0,0,8,0.0,68,76,0
2024-06-25,21,1,3,1,0,28.6,0,68,9,0.0,59,0,0
2024-06-26,22,1,3,2,0,26.0,0,59,15,0.0,44,0,0
2024-06-27,23,1,3,3,0,27.2,0,44,6,0.0,38,0,0
2024-06-28,24,1,3,4,0,31.2,0,38,17,0.0,21,0,0
2024-06-29,25,1,3,5,1,27.8,0,21,8,0.0,13,0,0
2024-06-30,26,1,3,6,1,27.4,0,13,10,0.0,3,0,0
2024-07-01,27,1,3,0,0,29.5,0,3,9,0.0,67,73,0
2024-07-02,28,1,3,1,0,28.0,0,67,9,0.0,58,0,0
2024-07-03,29,1,3,2,0,27.3,0,58,6,0.0,52,0,0
2024-07-04,30,1,3,3,0,28.6,0,52,5,0.0,47,0,0
2024-07-05,31,1,3,4,0,27.6,0,47,10,0.0,37,0,0
2024-07-06,32,1,3,5,1,29.8,0,37,13,0.0,24,0,0
2024-07-07,33,1,3,6,1,27.0,0,24,9,0.0,15,0,0
2024-07-08,34,1,3,0,0,28.7,0,15,12,0.0,64,61,0
2024-07-09,35,1,3,1,0,31.4,0,64,9,0.0,55,0,0
2024-07-10,36,1,3,2,0,27.1,0,55,7,0.0,48,0,0
2024-07-11,37,1,3,3,0,25.1,0,48,8,0.0,40,0,0
2024-07-12,38,1,3,4,0,29.4,0,40,6,0.0,34,0,0
2024-07-13,39,1,3,5,1,29.4,0,34,14,0.0,20,0,0
2024-07-14,40,1,3,6,1,27.3,0,20,10,0.0,10,0,0
2024-07-15,41,1,3,0,0,28.4,0,10,6,0.0,70,66,0
2024-07-16,42,1,3,1,0,28.2,0,70,12,0.0,58,0,0
2024-07-17,43,1,3,2,0,26.0,0,58,9,0.0,49,0,0
2024-07-18,44,1,3,3,0,28.6,0,49,16,0.0,33,0,0
2024-06-04,0,1,4,1,0,29.9,0,98,18,0.0,80,0,0
2024-06-05,1,1,4,2,0,30.0,0,80,15,0.0,65,0,0
2024-06-06,2,1,4,3,0,27.6,0,65,17,0.0,48,0,0
2024-06-07,3,1,4,4,0,30.6,0,48,11,0.0,37,0,0
2024-06-08,4,1,4,5,1,28.7,0,37,16,0.0,21,0,0
2024-06-09,5,1,4,6,1,22.7,0,21,11,0.0,10,0,0
2024-06-10,6,1,4,0,0,27.9,0,10,9,0.0,105,104,0
2024-06-11,7,1,4,1,0,27.6,0,105,11,0.0,94,0,0
2024-06-12,8,1,4,2,0,26.3,0,94,13,0.0,81,0,0
2024-06-13,9,1,4,3,0,27.7,0,81,15,0.0,66,0,0
2024-06-14,10,1,4,4,0,27.5,0,66,15,0.0,51,0,0
2024-06-15,11,1,4,5,1,28.7,0,51,16,0.0,35,0,0
2024-06-16,12,1,4,6,1,29.8,0,35,12,0.0,23,0,0
2024-06-17,13,1,4,0,0,27.8,0,23,10,0.0,104,91,0
2024-06-18,14,1,4,1,0,27.9,0,104,8,0.0,96,0,0
2024-06-19,15,1,4,2,0,24.7,0,96,20,0.0,76,0,0
2024-06-20,16,1,4,3,0,28.2,0,76,9,0.0,67,0,0
2024-06-21,17,1,4,4,0,27.4,0,67,10,0.0,57,0,0
2024-06-22,18,1,4,5,1,29.5,0,57,11,0.0,46,0,0
2024-06-23,19,1,4,6,1,31.1,0,46,16,0.0,30,0,0
2024-06-24,20,1,4,0,0,28.2,0,30,8,0.0,106,84,0
2024-06-25,21,1,4,1,0,28.6,0,106,16,0.0,90,0,0
2024-06-26,22,1,4,2,0,26.0,0,90,5,0.0,85,0,0
2024-06-27,23,1,4,3,0,27.2,0,85,13,0.0,72,0,0
2024-06-28,24,1,4,4,0,31.2,0,72,9,0.0,63,0,0
2024-06-29,25,1,4,5,1,27.8,0,63,27,0.0,36,0,0
2024-06-30,26,1,4,6,1,27.4,0,36,20,0.0,16,0,0
2024-07-01,27,1,4,0,0,29.5,0,16,19,0.0,95,98,0
2024-07-02,28,1,4,1,0,28.0,0,95,23,0.0,72,0,0
2024-07-03,29,1,4,2,0,27.3,0,72,13,0.0,59,0,0
2024-07-04,30,1,4,3,0,28.6,0,59,15,0.0,44,0,0
2024-07-05,31,1,4,4,0,27.6,0,44,18,0.0,26,0,0
2024-07-06,32,1,4,5,1,29.8,0,26,11,0.0,15,0,0
2024-07-07,33,1,4,6,1,27.0,0,15,15,0.0,0,0,0
2024-07-08,34,1,4,0,0,28.7,0,0,15,0.0,99,114,0
2024-07-09,35,1,4,1,0,31.4,0,99,9,0.0,90,0,0
2024-07-10,36,1,4,2,0,27.1,0,90,14,0.0,76,0,0
2024-07-11,37,1,4,3,0,25.1,0,76,10,0.0,66,0,0
2024-07-12,38,1,4,4,0,29.4,0,66,14,0.0,52,0,0
2024-07-13,39,1,4,5,1,29.4,0,52,18,0.0,34,0,0
2024-07-14,40,1,4,6,1,27.3,0,34,21,0.0,13,0,0
2024-07-15,41,1,4,0,0,28.4,0,13,14,0.0,100,101,0
2024-07-16,42,1,4,1,0,28.2,0,100,16,0.0,84,0,0
2024-07-17,43,1,4,2,0,26.0,0,84,17,0.0,67,0,0
2024-07-18,44,1,4,3,0,28.6,0,67,13,0.0,54,0,0
2024-06-04,0,1,5,1,0,29.9,0,71,9,0.0,62,0,0
2024-06-05,1,1,5,2,0,30.0,0,62,4,0.0,58,0,0
2024-06-06,2,1,5,3,0,27.6,0,58,10,0.0,48,0,0
2024-06-07,3,1,5,4,0,30.6,0,48,18,0.0,30,0,0
2024-06-08,4,1,5,5,1,28.7,0,30,9,0.0,21,0,0
2024-06-09,5,1,5,6,1,22.7,0,21,9,0.0,12,0,0
2024-06-10,6,1,5,0,0,27.9,0,12,7,0.0,78,73,0
2024-06-11,7,1,5,1,0,27.6,0,78,18,0.0,60,0,0
2024-06-12,8,1,5,2,0,26.3,0,60,12,0.0,48,0,0
2024-06-13,9,1,5,3,0,27.7,0,48,10,0.0,38,0,0
2024-06-14,10,1,5,4,0,27.5,0,38,12,0.0,26,0,0
2024-06-15,11,1,5,5,1,28.7,0,26,10,0.0,16,0,0
2024-06-16,12,1,5,6,1,29.8,0,16,14,0.0,2,0,0
2024-06-17,13,1,5,0,0,27.8,0,2,14,0.0,71,83,0
2024-06-18,14,1,5,1,0,27.9,0,71,11,0.0,60,0,0
2024-06-19,15,1,5,2,0,24.7,0,60,10,0.0,50,0,0
2024-06-20,16,1,5,3,0,28.2,0,50,13,0.0,37,0,0
2024-06-21,17,1,5,4,0,27.4,0,37,8,0.0,29,0,0
2024-06-22,18,1,5,5,1,29.5,0,29,12,0.0,17,0,0
2024-06-23,19,1,5,6,1,31.1,0,17,15,0.0,2,0,0
2024-06-24,20,1,5,0,0,28.2,0,2,10,0.0,75,83,0
2024-06-25,21,1,5,1,0,28.6,0,75,5,0.0,70,0,0
2024-06-26,22,1,5,2,0,26.0,0,70,14,0.0,56,0,0
2024-06-27,23,1,5,3,0,27.2,0,56,8,0.0,48,0,0
2024-06-28,24,1,5,4,0,31.2,0,48,12,0.0,36,0,0
2024-06-29,25,1,5,5,1,27.8,0,36,16,0.0,20,0,0
2024-06-30,26,1,5,6,1,27.4,0,20,17,0.0,3,0,0
2024-07-01,27,1,5,0,0,29.5,0,3,9,0.0,76,82,0
2024-07-02,28,1,5,1,0,28.0,0,76,10,0.0,66,0,0
2024-07-03,29,1,5,2,0,27.3,0,66,13,0.0,53,0,0
2024-07-04,30,1,5,3,0,28.6,0,53,15,0.0,38,0,0
2024-07-05,31,1,5,4,0,27.6,0,38,8,0.0,30,0,0
2024-07-06,32,1,5,5,1,29.8,0,30,14,0.0,16,0,0
2024-07-07,33,1,5,6,1,27.0,0,16,16,0.0,0,0,0
2024-07-08,34,1,5,0,0,28.7,0,0,12,0.0,73,85,0
2024-07-09,35,1,5,1,0,31.4,0,73,5,0.0,68,0,0
2024-07-10,36,1,5,2,0,27.1,0,68,11,0.0,57,0,0
2024-07-11,37,1,5,3,0,25.1,0,57,12,0.0,45,0,0
2024-07-12,38,1,5,4,0,29.4,0,45,10,0.0,35,0,0
2024-07-13,39,1,5,5,1,29.4,0,35,18,0.0,17,0,0
2024-07-14,40,1,5,6,1,27.3,0,17,15,0.0,2,0,0
2024-07-15,41,1,5,0,0,28.4,0,2,9,0.0,76,83,0
2024-07-16,42,1,5,1,0,28.2,0,76,10,0.0,66,0,0
2024-07-17,43,1,5,2,0,26.0,0,66,8,0.0,58,0,0
2024-07-18,44,1,5,3,0,28.6,0,58,12,0.0,46,0,0
2024-06-04,0,1,6,1,0,29.9,0,51,7,0.0,44,0,0
2024-06-05,1,1,6,2,0,30.0,0,44,9,0.0,35,0,0
2024-06-06,2,1,6,3,0,27.6,0,35,4,0.0,31,0,0
2024-06-07,3,1,6,4,0,30.6,0,31,1,0.0,30,0,0
2024-06-08,4,1,6,5,1,28.7,0,30,8,0.0,22,0,0
2024-06-09,5,1,6,6,1,22.7,0,22,4,0.0,18,0,0
2024-06-10,6,1,6,0,0,27.9,0,18,7,0.0,51,40,0
2024-06-11,7,1,6,1,0,27.6,0,51,3,0.0,48,0,0
2024-06-12,8,1,6,2,0,26.3,0,48,6,0.0,42,0,0
2024-06-13,9,1,6,3,0,27.7,0,42,7,0.0,35,0,0
2024-06-14,10,1,6,4,0,27.5,0,35,8,0.0,27,0,0
2024-06-15,11,1,6,5,1,28.7,0,27,11,0.0,16,0,0
2024-06-16,12,1,6,6,1,29.8,0,16,16,0.0,0,0,0
2024-06-17,13,1,6,0,0,27.8,0,0,11,0.0,47,58,0
2024-06-18,14,1,6,1,0,27.9,0,47,0,0.0,47,0,0
2024-06-19,15,1,6,2,0,24.7,0,47,7,0.0,40,0,0
2024-06-20,16,1,6,3,0,28.2,0,40,7,0.0,33,0,0
2024-06-21,17,1,6,4,0,27.4,0,33,9,0.0,24,0,0
2024-06-22,18,1,6,5,1,29.5,0,24,4,0.0,20,0,0
2024-06-23,19,1,6,6,1,31.1,0,20,16,0.0,4,0,0
2024-06-24,20,1,6,0,0,28.2,0,4,11,0.0,47,54,0
2024-06-25,21,1,6,1,0,28.6,0,47,9,0.0,38,0,0
2024-06-26,22,1,6,2,0,26.0,0,38,5,0.0,33,0,0
2024-06-27,23,1,6,3,0,27.2,0,33,6,0.0,27,0,0
2024-06-28,24,1,6,4,0,31.2,0,27,6,0.0,21,0,0
2024-06-29,25,1,6,5,1,27.8,0,21,7,0.0,14,0,0
2024-06-30,26,1,6,6,1,27.4,0,14,6,0.0,8,0,0
2024-07-01,27,1,6,0,0,29.5,0,8,10,0.0,48,50,0
2024-07-02,28,1,6,1,0,28.0,0,48,7,0.0,41,0,0
2024-07-03,29,1,6,2,0,27.3,0,41,10,0.0,31,0,0
2024-07-04,30,1,6,3,0,28.6,0,31,5,0.0,26,0,0
2024-07-05,31,1,6,4,0,27.6,0,26,6,0.0,20,0,0
2024-07-06,32,1,6,5,1,29.8,0,20,9,0.0,11,0,0
2024-07-07,33,1,6,6,1,27.0,0,11,7,0.0,4,0,0
2024-07-08,34,1,6,0,0,28.7,0,4,9,0.0,49,54,0
2024-07-09,35,1,6,1,0,31.4,0,49,8,0.0,41,0,0
2024-07-10,36,1,6,2,0,27.1,0,41,7,0.0,34,0,0
2024-07-11,37,1,6,3,0,25.1,0,34,9,0.0,25,0,0
2024-07-12,38,1,6,4,0,29.4,0,25,2,0.0,23,0,0
2024-07-13,39,1,6,5,1,29.4,0,23,8,0.0,15,0,0
2024-07-14,40,1,6,6,1,27.3,0,15,5,0.0,10,0,0
2024-07-15,41,1,6,0,0,28.4,0,10,10,0.0,48,48,0
2024-07-16,42,1,6,1,0,28.2,0,48,8,0.0,40,0,0
2024-07-17,43,1,6,2,0,26.0,0,40,6,0.0,34,0,0
2024-07-18,44,1,6,3,0,28.6,0,34,7,0.0,27,0,0
2024-06-04,0,1,7,1,0,29.9,0,11,1,0.0,10,0,0
2024-06-05,1,1,7,2,0,30.0,0,10,1,0.0,9,0,0
2024-06-06,2,1,7,3,0,27.6,0,9,1,0.0,8,0,0
2024-06-07,3,1,7,4,0,30.6,0,8,3,0.0,5,0,0
2024-06-08,4,1,7,5,1,28.7,0,5,3,0.0,2,0,0
2024-06-09,5,1,7,6,1,22.7,0,2,0,0.0,2,0,0
2024-06-10,6,1,7,0,0,27.9,0,2,0,0.0,12,10,0
2024-06-11,7,1,7,1,0,27.6,0,12,0,0.0,12,0,0
2024-06-12,8,1,7,2,0,26.3,0,12,2,0.0,10,0,0
2024-06-13,9,1,7,3,0,27.7,0,10,1,0.0,9,0,0
2024-06-14,10,1,7,4,0,27.5,0,9,0,0.0,9,0,0
2024-06-15,11,1,7,5,1,28.7,0,9,2,0.0,7,0,0
2024-06-16,12,1,7,6,1,29.8,0,7,4,0.0,3,0,0
2024-06-17,13,1,7,0,0,27.8,0,3,1,0.0,11,9,0
2024-06-18,14,1,7,1,0,27.9,0,11,2,0.0,9,0,0
2024-06-19,15,1,7,2,0,24.7,0,9,1,0.0,8,0,0
2024-06-20,16,1,7,3,0,28.2,0,8,2,0.0,6,0,0
2024-06-21,17,1,7,4,0,27.4,0,6,0,0.0,6,0,0
2024-06-22,18,1,7,5,1,29.5,0,6,1,0.0,5,0,0
2024-06-23,19,1,7,6,1,31.1,0,5,1,0.0,4,0,0
2024-06-24,20,1,7,0,0,28.2,0,4,1,0.0,11,8,0
2024-06-25,21,1,7,1,0,28.6,0,11,1,0.0,10,0,0
2024-06-26,22,1,7,2,0,26.0,0,10,1,0.0,9,0,0
2024-06-27,23,1,7,3,0,27.2,0,9,1,0.0,8,0,0
2024-06-28,24,1,7,4,0,31.2,0,8,2,0.0,6,0,0
2024-06-29,25,1,7,5,1,27.8,0,6,1,0.0,5,0,0
2024-06-30,26,1,7,6,1,27.4,0,5,5,0.0,0,0,0
2024-07-01,27,1,7,0,0,29.5,0,0,2,0.0,10,12,0
2024-07-02,28,1,7,1,0,28.0,0,10,0,0.0,10,0,0
2024-07-03,29,1,7,2,0,27.3,0,10,1,0.0,9,0,0
2024-07-04,30,1,7,3,0,28.6,0,9,1,0.0,8,0,0
2024-07-05,31,1,7,4,0,27.6,0,8,2,0.0,6,0,0
2024-07-06,32,1,7,5,1,29.8,0,6,1,0.0,5,0,0
2024-07-07,33,1,7,6,1,27.0,0,5,3,0.0,2,0,0
2024-07-08,34,1,7,0,0,28.7,0,2,3,0.0,9,10,0
2024-07-09,35,1,7,1,0,31.4,0,9,2,0.0,7,0,0
2024-07-10,36,1,7,2,0,27.1,0,7,1,0.0,6,0,0
2024-07-11,37,1,7,3,0,25.1,0,6,2,0.0,4,0,0
2024-07-12,38,1,7,4,0,29.4,0,4,0,0.0,4,0,0
2024-07-13,39,1,7,5,1,29.4,0,4,0,0.0,4,0,0
2024-07-14,40,1,7,6,1,27.3,0,4,0,0.0,4,0,0
2024-07-15,41,1,7,0,0,28.4,0,4,0,0.0,12,8,0
2024-07-16,42,1,7,1,0,28.2,0,12,3,0.0,9,0,0
2024-07-17,43,1,7,2,0,26.0,0,9,3,0.0,6,0,0
2024-07-18,44,1,7,3,0,28.6,0,6,2,0.0,4,0,0
2024-06-04,0,1,8,1,0,29.9,0,256,30,0.0,226,0,0
2024-06-05,1,1,8,2,0,30.0,0,226,37,0.0,189,0,0
2024-06-06,2,1,8,3,0,27.6,0,189,31,0.0,158,0,0
2024-06-07,3,1,8,4,0,30.6,0,158,50,0.0,108,0,0
2024-06-08,4,1,8,5,1,28.7,0,108,48,0.0,60,0,0
2024-06-09,5,1,8,6,1,22.7,0,60,35,0.0,25,0,0
2024-06-10,6,1,8,0,0,27.9,0,25,45,0.0,256,276,0
2024-06-11,7,1,8,1,0,27.6,0,256,41,0.0,215,0,0
2024-06-12,8,1,8,2,0,26.3,0,215,49,0.0,166,0,0
2024-06-13,9,1,8,3,0,27.7,0,166,41,0.0,125,0,0
2024-06-14,10,1,8,4,0,27.5,0,125,39,0.0,86,0,0
2024-06-15,11,1,8,5,1,28.7,0,86,52,0.0,34,0,0
2024-06-16,12,1,8,6,1,29.8,0,34,34,0.0,0,0,0
2024-06-17,13,1,8,0,0,27.8,0,0,34,0.0,267,301,0
2024-06-18,14,1,8,1,0,27.9,0,267,36,0.0,231,0,0
2024-06-19,15,1,8,2,0,24.7,0,231,29,0.0,202,0,0
2024-06-20,16,1,8,3,0,28.2,0,202,49,0.0,153,0,0
2024-06-21,17,1,8,4,0,27.4,0,153,41,0.0,112,0,0
2024-06-22,18,1,8,5,1,29.5,0,112,32,0.0,80,0,0
2024-06-23,19,1,8,6,1,31.1,0,80,39,0.0,41,0,0
2024-06-24,20,1,8,0,0,28.2,0,41,41,0.0,260,260,0
2024-06-25,21,1,8,1,0,28.6,0,260,48,0.0,212,0,0
2024-06-26,22,1,8,2,0,26.0,0,212,31,0.0,181,0,0
2024-06-27,23,1,8,3,0,27.2,0,181,38,0.0,143,0,0
2024-06-28,24,1,8,4,0,31.2,0,143,48,0.0,95,0,0
2024-06-29,25,1,8,5,1,27.8,0,95,40,0.0,55,0,0
2024-06-30,26,1,8,6,1,27.4,0,55,33,0.0,22,0,0
2024-07-01,27,1,8,0,0,29.5,0,22,33,0.0,268,279,0
2024-07-02,28,1,8,1,0,28.0,0,268,25,0.0,243,0,0
2024-07-03,29,1,8,2,0,27.3,0,243,38,0.0,205,0,0
2024-07-04,30,1,8,3,0,28.6,0,205,39,0.0,166,0,0
2024-07-05,31,1,8,4,0,27.6,0,166,39,0.0,127,0,0
2024-07-06,32,1,8,5,1,29.8,0,127,36,0.0,91,0,0
2024-07-07,33,1,8,6,1,27.0,0,91,47,0.0,44,0,0
2024-07-08,34,1,8,0,0,28.7,0,44,49,0.0,252,257,0
2024-07-09,35,1,8,1,0,31.4,0,252,46,0.0,206,0,0
2024-07-10,36,1,8,2,0,27.1,0,206,27,0.0,179,0,0
2024-07-11,37,1,8,3,0,25.1,0,179,35,0.0,144,0,0
2024-07-12,38,1,8,4,0,29.4,0,144,36,0.0,108,0,0
2024-07-13,39,1,8,5,1,29.4,0,108,38,0.0,70,0,0
2024-07-14,40,1,8,6,1,27.3,0,70,44,0.0,26,0,0
2024-07-15,41,1,8,0,0,28.4,0,26,36,0.0,265,275,0
2024-07-16,42,1,8,1,0,28.2,0,265,43,0.0,222,0,0
2024-07-17,43,1,8,2,0,26.0,0,222,29,0.0,193,0,0
2024-07-18,44,1,8,3,0,28.6,0,193,42,0.0,151,0,0
2024-06-04,0,1,9,1,0,29.9,0,15,23,0.0,19,27,0
2024-06-05,1,1,9,2,0,30.0,0,19,24,0.0,18,23,0
2024-06-06,2,1,9,3,0,27.6,0,18,13,0.0,29,24,0
2024-06-07,3,1,9,4,0,30.6,0,29,27,0.0,15,13,0
2024-06-08,4,1,9,5,1,28.7,0,15,14,0.0,28,27,0
2024-06-09,5,1,9,6,1,22.7,0,28,18,0.0,24,14,0
2024-06-10,6,1,9,0,0,27.9,0,24,24,0.0,18,18,0
2024-06-11,7,1,9,1,0,27.6,0,18,22,0.0,20,24,0
2024-06-12,8,1,9,2,0,26.3,0,20,22,0.0,20,22,0
2024-06-13,9,1,9,3,0,27.7,0,20,19,0.0,23,22,0
2024-06-14,10,1,9,4,0,27.5,0,23,21,0.0,21,19,0
2024-06-15,11,1,9,5,1,28.7,0,21,14,0.0,28,21,0
2024-06-16,12,1,9,6,1,29.8,0,28,23,0.0,19,14,0
2024-06-17,13,1,9,0,0,27.8,0,19,18,0.0,24,23,0
2024-06-18,14,1,9,1,0,27.9,0,24,19,0.0,23,18,0
2024-06-19,15,1,9,2,0,24.7,0,23,14,0.0,28,19,0
2024-06-20,16,1,9,3,0,28.2,0,28,24,0.0,18,14,0
2024-06-21,17,1,9,4,0,27.4,0,18,19,0.0,23,24,0
2024-06-22,18,1,9,5,1,29.5,0,23,42,0.0,0,19,0
2024-06-23,19,1,9,6,1,31.1,0,0,31,0.0,11,42,0
2024-06-24,20,1,9,0,0,28.2,0,11,16,0.0,26,31,0
2024-06-25,21,1,9,1,0,28.6,0,26,21,0.0,21,16,0
2024-06-26,22,1,9,2,0,26.0,0,21,24,0.0,18,21,0
2024-06-27,23,1,9,3,0,27.2,0,18,18,0.0,24,24,0
2024-06-28,24,1,9,4,0,31.2,0,24,21,0.0,21,18,0
2024-06-29,25,1,9,5,1,27.8,0,21,27,0.0,15,21,0
2024-06-30,26,1,9,6,1,27.4,0,15,24,0.0,18,27,0
2024-07-01,27,1,9,0,0,29.5,0,18,28,0.0,14,24,0
2024-07-02,28,1,9,1,0,28.0,0,14,17,0.0,25,28,0
2024-07-03,29,1,9,2,0,27.3,0,25,28,0.0,14,17,0
2024-07-04,30,1,9,3,0,28.6,0,14,22,0.0,20,28,0
2024-07-05,31,1,9,4,0,27.6,0,20,18,0.0,24,22,0
2024-07-06,32,1,9,5,1,29.8,0,24,24,0.0,18,18,0
2024-07-07,33,1,9,6,1,27.0,0,18,24,0.0,18,24,0
2024-07-08,34,1,9,0,0,28.7,0,18,27,0.0,15,24,0
2024-07-09,35,1,9,1,0,31.4,0,15,16,0.0,26,27,0
2024-07-10,36,1,9,2,0,27.1,0,26,21,0.0,21,16,0
2024-07-11,37,1,9,3,0,25.1,0,21,19,0.0,23,21,0
2024-07-12,38,1,9,4,0,29.4,0,23,30,0.0,12,19,0
2024-07-13,39,1,9,5,1,29.4,0,12,20,0.0,22,30,0
2024-07-14,40,1,9,6,1,27.3,0,22,23,0.0,19,20,0
2024-07-15,41,1,9,0,0,28.4,0,19,24,0.0,18,23,0
2024-07-16,42,1,9,1,0,28.2,0,18,35,0.0,7,24,0
2024-07-17,43,1,9,2,0,26.0,0,7,19,0.0,23,35,0
2024-07-18,44,1,9,3,0,28.6,0,23,31,0.0,11,19,0
2024-06-04,0,1,10,1,0,29.9,0,97,12,0.0,85,0,0
2024-06-05,1,1,10,2,0,30.0,0,85,17,0.0,68,0,0
2024-06-06,2,1,10,3,0,27.6,0,68,13,0.0,55,0,0
2024-06-07,3,1,10,4,0,30.6,0,55,14,0.0,41,0,0
2024-06-08,4,1,10,5,1,28.7,0,41,13,0.0,28,0,0
2024-06-09,5,1,10,6,1,22.7,0,28,10,0.0,18,0,0
2024-06-10,6,1,10,0,0,27.9,0,18,9,0.0,99,90,0
2024-06-11,7,1,10,1,0,27.6,0,99,12,0.0,87,0,0
2024-06-12,8,1,10,2,0,26.3,0,87,8,0.0,79,0,0
2024-06-13,9,1,10,3,0,27.7,0,79,10,0.0,69,0,0
2024-06-14,10,1,10,4,0,27.5,0,69,10,0.0,59,0,0
2024-06-15,11,1,10,5,1,28.7,0,59,21,0.0,38,0,0
2024-06-16,12,1,10,6,1,29.8,0,38,13,0.0,25,0,0
2024-06-17,13,1,10,0,0,27.8,0,25,14,0.0,94,83,0
2024-06-18,14,1,10,1,0,27.9,0,94,10,0.0,84,0,0
2024-06-19,15,1,10,2,0,24.7,0,84,12,0.0,72,0,0
2024-06-20,16,1,10,3,0,28.2,0,72,12,0.0,60,0,0
2024-06-21,17,1,10,4,0,27.4,0,60,15,0.0,45,0,0
2024-06-22,18,1,10,5,1,29.5,0,45,8,0.0,37,0,0
2024-06-23,19,1,10,6,1,31.1,0,37,9,0.0,28,0,0
2024-06-24,20,1,10,0,0,28.2,0,28,9,0.0,99,80,0
2024-06-25,21,1,10,1,0,28.6,0,99,11,0.0,88,0,0
2024-06-26,22,1,10,2,0,26.0,0,88,10,0.0,78,0,0
2024-06-27,23,1,10,3,0,27.2,0,78,8,0.0,70,0,0
2024-06-28,24,1,10,4,0,31.2,0,70,19,0.0,51,0,0
2024-06-29,25,1,10,5,1,27.8,0,51,11,0.0,40,0,0
2024-06-30,26,1,10,6,1,27.4,0,40,13,0.0,27,0,0
2024-07-01,27,1,10,0,0,29.5,0,27,15,0.0,93,81,0
2024-07-02,28,1,10,1,0,28.0,0,93,5,0.0,88,0,0
2024-07-03,29,1,10,2,0,27.3,0,88,13,0.0,75,0,0
2024-07-04,30,1,10,3,0,28.6,0,75,16,0.0,59,0,0
2024-07-05,31,1,10,4,0,27.6,0,59,16,0.0,43,0,0
2024-07-06,32,1,10,5,1,29.8,0,43,13,0.0,30,0,0
2024-07-07,33,1,10,6,1,27.0,0,30,6,0.0,24,0,0
2024-07-08,34,1,10,0,0,28.7,0,24,22,0.0,86,84,0
2024-07-09,35,1,10,1,0,31.4,0,86,11,0.0,75,0,0
2024-07-10,36,1,10,2,0,27.1,0,75,18,0.0,57,0,0
2024-07-11,37,1,10,3,0,25.1,0,57,19,0.0,38,0,0
2024-07-12,38,1,10,4,0,29.4,0,38,15,0.0,23,0,0
2024-07-13,39,1,10,5,1,29.4,0,23,23,0.0,0,0,0
2024-07-14,40,1,10,6,1,27.3,0,0,0,0.0,0,0,0
2024-07-15,41,1,10,0,0,28.4,0,0,16,0.0,92,108,0
2024-07-16,42,1,10,1,0,28.2,0,92,10,0.0,82,0,0
2024-07-17,43,1,10,2,0,26.0,0,82,18,0.0,64,0,0
2024-07-18,44,1,10,3,0,28.6,0,64,18,0.0,46,0,0
2024-06-04,0,1,11,1,0,29.9,0,127,18,0.0,109,0,0
2024-06-05,1,1,11,2,0,30.0,0,109,23,0.0,86,0,0
2024-06-06,2,1,11,3,0,27.6,0,86,12,0.0,74,0,0
2024-06-07,3,1,11,4,0,30.6,0,74,19,0.0,55,0,0
2024-06-08,4,1,11,5,1,28.7,0,55,11,0.0,44,0,0
2024-06-09,5,1,11,6,1,22.7,0,44,19,0.0,25,0,0
2024-06-10,6,1,11,0,0,27.9,0,25,15,0.0,127,117,0
2024-06-11,7,1,11,1,0,27.6,0,127,15,0.0,112,0,0
2024-06-12,8,1,11,2,0,26.3,0,112,12,0.0,100,0,0
2024-06-13,9,1,11,3,0,27.7,0,100,20,0.0,80,0,0
2024-06-14,10,1,11,4,0,27.5,0,80,22,0.0,58,0,0
2024-06-15,11,1,11,5,1,28.7,0,58,15,0.0,43,0,0
2024-06-16,12,1,11,6,1,29.8,0,43,14,0.0,29,0,0
2024-06-17,13,1,11,0,0,27.8,0,29,23,0.0,119,113,0
2024-06-18,14,1,11,1,0,27.9,0,119,13,0.0,106,0,0
2024-06-19,15,1,11,2,0,24.7,0,106,12,0.0,94,0,0
2024-06-20,16,1,11,3,0,28.2,0,94,22,0.0,72,0,0
2024-06-21,17,1,11,4,0,27.4,0,72,27,0.0,45,0,0
2024-06-22,18,1,11,5,1,29.5,0,45,22,0.0,23,0,0
2024-06-23,19,1,11,6,1,31.1,0,23,13,0.0,10,0,0
2024-06-24,20,1,11,0,0,28.2,0,10,26,0.0,116,132,0
2024-06-25,21,1,11,1,0,28.6,0,116,20,0.0,96,0,0
2024-06-26,22,1,11,2,0,26.0,0,96,17,0.0,79,0,0
2024-06-27,23,1,11,3,0,27.2,0,79,21,0.0,58,0,0
2024-06-28,24,1,11,4,0,31.2,0,58,11,0.0,47,0,0
2024-06-29,25,1,11,5,1,27.8,0,47,18,0.0,29,0,0
2024-06-30,26,1,11,6,1,27.4,0,29,24,0.0,5,0,0
2024-07-01,27,1,11,0,0,29.5,0,5,11,0.0,131,137,0
2024-07-02,28,1,11,1,0,28.0,0,131,17,0.0,114,0,0
2024-07-03,29,1,11,2,0,27.3,0,114,30,0.0,84,0,0
2024-07-04,30,1,11,3,0,28.6,0,84,12,0.0,72,0,0
2024-07-05,31,1,11,4,0,27.6,0,72,16,0.0,56,0,0
2024-07-06,32,1,11,5,1,29.8,0,56,28,0.0,28,0,0
2024-07-07,33,1,11,6,1,27.0,0,28,28,0.0,0,0,0
2024-07-08,34,1,11,0,0,28.7,0,0,18,0.0,124,142,0
2024-07-09,35,1,11,1,0,31.4,0,124,22,0.0,102,0,0
2024-07-10,36,1,11,2,0,27.1,0,102,16,0.0,86,0,0
2024-07-11,37,1,11,3,0,25.1,0,86,22,0.0,64,0,0
2024-07-12,38,1,11,4,0,29.4,0,64,19,0.0,45,0,0
2024-07-13,39,1,11,5,1,29.4,0,45,16,0.0,29,0,0
2024-07-14,40,1,11,6,1,27.3,0,29,24,0.0,5,0,0
2024-07-15,41,1,11,0,0,28.4,0,5,17,0.0,125,137,0
2024-07-16,42,1,11,1,0,28.2,0,125,14,0.0,111,0,0
2024-07-17,43,1,11,2,0,26.0,0,111,16,0.0,95,0,0
2024-07-18,44,1,11,3,0,28.6,0,95,14,0.0,81,0,0
2024-06-04,0,1,12,1,0,29.9,0,8,12,0.0,63,67,0
2024-06-05,1,1,12,2,0,30.0,0,63,10,0.0,53,0,0
2024-06-06,2,1,12,3,0,27.6,0,53,9,0.0,44,0,0
2024-06-07,3,1,12,4,0,30.6,0,44,12,0.0,32,0,0
2024-06-08,4,1,12,5,1,28.7,0,32,23,0.0,9,0,0
2024-06-09,5,1,12,6,1,22.7,0,9,16,0.0,59,66,0
2024-06-10,6,1,12,0,0,27.9,0,59,7,0.0,52,0,0
2024-06-11,7,1,12,1,0,27.6,0,52,9,0.0,43,0,0
2024-06-12,8,1,12,2,0,26.3,0,43,6,0.0,37,0,0
2024-06-13,9,1,12,3,0,27.7,0,37,12,0.0,25,0,0
2024-06-14,10,1,12,4,0,27.5,0,25,10,0.0,65,50,0
2024-06-15,11,1,12,5,1,28.7,0,65,20,0.0,45,0,0
2024-06-16,12,1,12,6,1,29.8,0,45,11,0.0,34,0,0
2024-06-17,13,1,12,0,0,27.8,0,34,13,0.0,21,0,0
2024-06-18,14,1,12,1,0,27.9,0,21,14,0.0,7,0,0
2024-06-19,15,1,12,2,0,24.7,0,7,11,0.0,64,68,0
2024-06-20,16,1,12,3,0,28.2,0,64,8,0.0,56,0,0
2024-06-21,17,1,12,4,0,27.4,0,56,15,0.0,41,0,0
2024-06-22,18,1,12,5,1,29.5,0,41,11,0.0,30,0,0
2024-06-23,19,1,12,6,1,31.1,0,30,18,0.0,12,0,0
2024-06-24,20,1,12,0,0,28.2,0,12,11,0.0,64,63,0
2024-06-25,21,1,12,1,0,28.6,0,64,10,0.0,54,0,0
2024-06-26,22,1,12,2,0,26.0,0,54,5,0.0,49,0,0
2024-06-27,23,1,12,3,0,27.2,0,49,10,0.0,39,0,0
2024-06-28,24,1,12,4,0,31.2,0,39,8,0.0,31,0,0
2024-06-29,25,1,12,5,1,27.8,0,31,14,0.0,61,44,0
2024-06-30,26,1,12,6,1,27.4,0,61,17,0.0,44,0,0
2024-07-01,27,1,12,0,0,29.5,0,44,16,0.0,28,0,0
2024-07-02,28,1,12,1,0,28.0,0,28,17,0.0,11,0,0
2024-07-03,29,1,12,2,0,27.3,0,11,5,0.0,6,0,0
2024-07-04,30,1,12,3,0,28.6,0,6,19,0.0,56,69,0
2024-07-05,31,1,12,4,0,27.6,0,56,8,0.0,48,0,0
2024-07-06,32,1,12,5,1,29.8,0,48,14,0.0,34,0,0
2024-07-07,33,1,12,6,1,27.0,0,34,18,0.0,16,0,0
2024-07-08,34,1,12,0,0,28.7,0,16,16,0.0,0,0,0
2024-07-09,35,1,12,1,0,31.4,0,0,14,0.0,61,75,0
2024-07-10,36,1,12,2,0,27.1,0,61,9,0.0,52,0,0
2024-07-11,37,1,12,3,0,25.1,0,52,13,0.0,39,0,0
2024-07-12,38,1,12,4,0,29.4,0,39,11,0.0,28,0,0
2024-07-13,39,1,12,5,1,29.4,0,28,16,0.0,12,0,0
2024-07-14,40,1,12,6,1,27.3,0,12,17,0.0,58,63,0
2024-07-15,41,1,12,0,0,28.4,0,58,9,0.0,49,0,0
2024-07-16,42,1,12,1,0,28.2,0,49,9,0.0,40,0,0
2024-07-17,43,1,12,2,0,26.0,0,40,11,0.0,29,0,0
2024-07-18,44,1,12,3,0,28.6,0,29,14,0.0,15,0,0
2024-06-04,0,2,1,1,0,29.9,0,314,58,0.0,256,0,0
2024-06-05,1,2,1,2,0,30.0,0,256,45,0.0,211,0,0
2024-06-06,2,2,1,3,0,27.6,0,211,45,0.0,166,0,0
2024-06-07,3,2,1,4,0,30.6,0,166,58,0.0,108,0,0
2024-06-08,4,2,1,5,1,28.7,0,108,64,0.0,44,0,0
2024-06-09,5,2,1,6,1,22.7,0,44,44,0.0,0,0,0
2024-06-10,6,2,1,0,0,27.9,0,0,49,0.0,310,359,0
2024-06-11,7,2,1,1,0,27.6,0,310,34,0.0,276,0,0
2024-06-12,8,2,1,2,0,26.3,0,276,46,0.0,230,0,0
2024-06-13,9,2,1,3,0,27.7,0,230,52,0.0,178,0,0
2024-06-14,10,2,1,4,0,27.5,0,178,44,0.0,134,0,0
2024-06-15,11,2,1,5,1,28.7,0,134,52,0.0,82,0,0
2024-06-16,12,2,1,6,1,29.8,0,82,54,0.0,28,0,0
2024-06-17,13,2,1,0,0,27.8,0,28,59,0.0,300,331,0
2024-06-18,14,2,1,1,0,27.9,0,300,38,0.0,262,0,0
2024-06-19,15,2,1,2,0,24.7,0,262,32,0.0,230,0,0
2024-06-20,16,2,1,3,0,28.2,0,230,43,0.0,187,0,0
2024-06-21,17,2,1,4,0,27.4,0,187,50,0.0,137,0,0
2024-06-22,18,2,1,5,1,29.5,0,137,53,0.0,84,0,0
2024-06-23,19,2,1,6,1,31.1,0,84,65,0.0,19,0,0
2024-06-24,20,2,1,0,0,28.2,0,19,41,0.0,318,340,0
2024-06-25,21,2,1,1,0,28.6,0,318,41,0.0,277,0,0
2024-06-26,22,2,1,2,0,26.0,0,277,37,0.0,240,0,0
2024-06-27,23,2,1,3,0,27.2,0,240,45,0.0,195,0,0
2024-06-28,24,2,1,4,0,31.2,0,195,41,0.0,154,0,0
2024-06-29,25,2,1,5,1,27.8,0,154,51,0.0,103,0,0
2024-06-30,26,2,1,6,1,27.4,0,103,48,0.0,55,0,0
2024-07-01,27,2,1,0,0,29.5,0,55,45,0.0,314,304,0
2024-07-02,28,2,1,1,0,28.0,0,314,44,0.0,270,0,0
2024-07-03,29,2,1,2,0,27.3,0,270,48,0.0,222,0,0
2024-07-04,30,2,1,3,0,28.6,0,222,51,0.0,171,0,0
2024-07-05,31,2,1,4,0,27.6,0,171,43,0.0,128,0,0
2024-07-06,32,2,1,5,1,29.8,0,128,68,0.0,60,0,0
2024-07-07,33,2,1,6,1,27.0,0,60,55,0.0,5,0,0
2024-07-08,34,2,1,0,0,28.7,0,5,43,0.0,316,354,0
2024-07-09,35,2,1,1,0,31.4,0,316,52,0.0,264,0,0
2024-07-10,36,2,1,2,0,27.1,0,264,37,0.0,227,0,0
2024-07-11,37,2,1,3,0,25.1,0,227,44,0.0,183,0,0
2024-07-12,38,2,1,4,0,29.4,0,183,47,0.0,136,0,0
2024-07-13,39,2,1,5,1,29.4,0,136,44,0.0,92,0,0
2024-07-14,40,2,1,6,1,27.3,0,92,49,0.0,43,0,0
2024-07-15,41,2,1,0,0,28.4,0,43,49,0.0,310,316,0
2024-07-16,42,2,1,1,0,28.2,0,310,51,0.0,259,0,0
2024-07-17,43,2,1,2,0,26.0,0,259,38,0.0,221,0,0
2024-07-18,44,2,1,3,0,28.6,0,221,35,0.0,186,0,0
2024-06-04,0,2,2,1,0,29.9,0,10,16,0.0,14,20,0
2024-06-05,1,2,2,2,0,30.0,0,14,16,0.0,14,16,0
2024-06-06,2,2,2,3,0,27.6,0,14,12,0.0,18,16,0
2024-06-07,3,2,2,4,0,30.6,0,18,15,0.0,15,12,0
2024-06-08,4,2,2,5,1,28.7,0,15,12,0.0,18,15,0
2024-06-09,5,2,2,6,1,22.7,0,18,17,0.0,13,12,0
2024-06-10,6,2,2,0,0,27.9,0,13,18,0.0,12,17,0
2024-06-11,7,2,2,1,0,27.6,0,12,18,0.0,12,18,0
2024-06-12,8,2,2,2,0,26.3,0,12,19,0.0,11,18,0
2024-06-13,9,2,2,3,0,27.7,0,11,18,0.0,12,19,0
2024-06-14,10,2,2,4,0,27.5,0,12,10,0.0,20,18,0
2024-06-15,11,2,2,5,1,28.7,0,20,20,0.0,10,10,0
2024-06-16,12,2,2,6,1,29.8,0,10,22,0.0,8,20,0
2024-06-17,13,2,2,0,0,27.8,0,8,20,0.0,10,22,0
2024-06-18,14,2,2,1,0,27.9,0,10,10,0.0,20,20,0
2024-06-19,15,2,2,2,0,24.7,0,20,19,0.0,11,10,0
2024-06-20,16,2,2,3,0,28.2,0,11,18,0.0,12,19,0
2024-06-21,17,2,2,4,0,27.4,0,12,17,0.0,13,18,0
2024-06-22,18,2,2,5,1,29.5,0,13,20,0.0,10,17,0
2024-06-23,19,2,2,6,1,31.1,0,10,22,0.0,8,20,0
2024-06-24,20,2,2,0,0,28.2,0,8,18,0.0,12,22,0
2024-06-25,21,2,2,1,0,28.6,0,12,16,0.0,14,18,0
2024-06-26,22,2,2,2,0,26.0,0,14,17,0.0,13,16,0
2024-06-27,23,2,2,3,0,27.2,0,13,15,0.0,15,17,0
2024-06-28,24,2,2,4,0,31.2,0,15,16,0.0,14,15,0
2024-06-29,25,2,2,5,1,27.8,0,14,15,0.0,15,16,0
2024-06-30,26,2,2,6,1,27.4,0,15,21,0.0,9,15,0
2024-07-01,27,2,2,0,0,29.5,0,9,22,0.0,8,21,0
2024-07-02,28,2,2,1,0,28.0,0,8,20,0.0,10,22,0
2024-07-03,29,2,2,2,0,27.3,0,10,14,0.0,16,20,0
2024-07-04,30,2,2,3,0,28.6,0,16,15,0.0,15,14,0
2024-07-05,31,2,2,4,0,27.6,0,15,11,0.0,19,15,0
2024-07-06,32,2,2,5,1,29.8,0,19,23,0.0,7,11,0
2024-07-07,33,2,2,6,1,27.0,0,7,30,0.0,0,23,0
2024-07-08,34,2,2,0,0,28.7,0,0,17,0.0,13,30,0
2024-07-09,35,2,2,1,0,31.4,0,13,23,0.0,7,17,0
2024-07-10,36,2,2,2,0,27.1,0,7,18,0.0,12,23,0
2024-07-11,37,2,2,3,0,25.1,0,12,19,0.0,11,18,0
2024-07-12,38,2,2,4,0,29.4,0,11,15,0.0,15,19,0
2024-07-13,39,2,2,5,1,29.4,0,15,25,0.0,5,15,0
2024-07-14,40,2,2,6,1,27.3,0,5,25,0.0,5,25,0
2024-07-15,41,2,2,0,0,28.4,0,5,18,0.0,12,25,0
2024-07-16,42,2,2,1,0,28.2,0,12,18,0.0,12,18,0
2024-07-17,43,2,2,2,0,26.0,0,12,12,0.0,18,18,0
2024-07-18,44,2,2,3,0,28.6,0,18,23,0.0,7,12,0
2024-06-04,0,2,3,1,0,29.9,0,176,23,0.0,153,0,0
2024-06-05,1,2,3,2,0,30.0,0,153,21,0.0,132,0,0
2024-06-06,2,2,3,3,0,27.6,0,132,24,0.0,108,0,0
2024-06-07,3,2,3,4,0,30.6,0,108,16,0.0,92,0,0
2024-06-08,4,2,3,5,1,28.7,0,92,23,0.0,69,0,0
2024-06-09,5,2,3,6,1,22.7,0,69,35,0.0,34,0,0
2024-06-10,6,2,3,0,0,27.9,0,34,16,0.0,179,161,0
2024-06-11,7,2,3,1,0,27.6,0,179,21,0.0,158,0,0
2024-06-12,8,2,3,2,0,26.3,0,158,15,0.0,143,0,0
2024-06-13,9,2,3,3,0,27.7,0,143,21,0.0,122,0,0
2024-06-14,10,2,3,4,0,27.5,0,122,19,0.0,103,0,0
2024-06-15,11,2,3,5,1,28.7,0,103,25,0.0,78,0,0
2024-06-16,12,2,3,6,1,29.8,0,78,28,0.0,50,0,0
2024-06-17,13,2,3,0,0,27.8,0,50,23,0.0,172,145,0
2024-06-18,14,2,3,1,0,27.9,0,172,26,0.0,146,0,0
2024-06-19,15,2,3,2,0,24.7,0,146,17,0.0,129,0,0
2024-06-20,16,2,3,3,0,28.2,0,129,13,0.0,116,0,0
2024-06-21,17,2,3,4,0,27.4,0,116,28,0.0,88,0,0
2024-06-22,18,2,3,5,1,29.5,0,88,32,0.0,56,0,0
2024-06-23,19,2,3,6,1,31.1,0,56,17,0.0,39,0,0
2024-06-24,20,2,3,0,0,28.2,0,39,26,0.0,169,156,0
2024-06-25,21,2,3,1,0,28.6,0,169,26,0.0,143,0,0
2024-06-26,22,2,3,2,0,26.0,0,143,32,0.0,111,0,0
2024-06-27,23,2,3,3,0,27.2,0,111,28,0.0,83,0,0
2024-06-28,24,2,3,4,0,31.2,0,83,27,0.0,56,0,0
2024-06-29,25,2,3,5,1,27.8,0,56,31,0.0,25,0,0
2024-06-30,26,2,3,6,1,27.4,0,25,25,0.0,0,0,0
2024-07-01,27,2,3,0,0,29.5,0,0,12,0.0,183,195,0
2024-07-02,28,2,3,1,0,28.0,0,183,17,0.0,166,0,0
2024-07-03,29,2,3,2,0,27.3,0,166,26,0.0,140,0,0
2024-07-04,30,2,3,3,0,28.6,0,140,23,0.0,117,0,0
2024-07-05,31,2,3,4,0,27.6,0,117,14,0.0,103,0,0
2024-07-06,32,2,3,5,1,29.8,0,103,28,0.0,75,0,0
2024-07-07,33,2,3,6,1,27.0,0,75,22,0.0,53,0,0
2024-07-08,34,2,3,0,0,28.7,0,53,33,0.0,162,142,0
2024-07-09,35,2,3,1,0,31.4,0,162,30,0.0,132,0,0
2024-07-10,36,2,3,2,0,27.1,0,132,22,0.0,110,0,0
2024-07-11,37,2,3,3,0,25.1,0,110,14,0.0,96,0,0
2024-07-12,38,2,3,4,0,29.4,0,96,21,0.0,75,0,0
2024-07-13,39,2,3,5,1,29.4,0,75,18,0.0,57,0,0
2024-07-14,40,2,3,6,1,27.3,0,57,24,0.0,33,0,0
2024-07-15,41,2,3,0,0,28.4,0,33,20,0.0,175,162,0
2024-07-16,42,2,3,1,0,28.2,0,175,26,0.0,149,0,0
2024-07-17,43,2,3,2,0,26.0,0,149,19,0.0,130,0,0
2024-07-18,44,2,3,3,0,28.6,0,130,19,0.0,111,0,0
2024-06-04,0,2,4,1,0,29.9,0,131,26,0.0,105,0,0
2024-06-05,1,2,4,2,0,30.0,0,105,14,0.0,91,0,0
2024-06-06,2,2,4,3,0,27.6,0,91,16,0.0,75,0,0
2024-06-07,3,2,4,4,0,30.6,0,75,22,0.0,53,0,0
2024-06-08,4,2,4,5,1,28.7,0,53,20,0.0,33,0,0
2024-06-09,5,2,4,6,1,22.7,0,33,20,0.0,13,0,0
2024-06-10,6,2,4,0,0,27.9,0,13,14,0.0,133,134,0
2024-06-11,7,2,4,1,0,27.6,0,133,19,0.0,114,0,0
2024-06-12,8,2,4,2,0,26.3,0,114,15,0.0,99,0,0
2024-06-13,9,2,4,3,0,27.7,0,99,15,0.0,84,0,0
2024-06-14,10,2,4,4,0,27.5,0,84,21,0.0,63,0,0
2024-06-15,11,2,4,5,1,28.7,0,63,18,0.0,45,0,0
2024-06-16,12,2,4,6,1,29.8,0,45,18,0.0,27,0,0
2024-06-17,13,2,4,0,0,27.8,0,27,23,0.0,124,120,0
2024-06-18,14,2,4,1,0,27.9,0,124,19,0.0,105,0,0
2024-06-19,15,2,4,2,0,24.7,0,105,22,0.0,83,0,0
2024-06-20,16,2,4,3,0,28.2,0,83,15,0.0,68,0,0
2024-06-21,17,2,4,4,0,27.4,0,68,23,0.0,45,0,0
2024-06-22,18,2,4,5,1,29.5,0,45,15,0.0,30,0,0
2024-06-23,19,2,4,6,1,31.1,0,30,30,0.0,0,0,0
2024-06-24,20,2,4,0,0,28.2,0,0,15,0.0,132,147,0
2024-06-25,21,2,4,1,0,28.6,0,132,16,0.0,116,0,0
2024-06-26,22,2,4,2,0,26.0,0,116,27,0.0,89,0,0
2024-06-27,23,2,4,3,0,27.2,0,89,17,0.0,72,0,0
2024-06-28,24,2,4,4,0,31.2,0,72,16,0.0,56,0,0
2024-06-29,25,2,4,5,1,27.8,0,56,21,0.0,35,0,0
2024-06-30,26,2,4,6,1,27.4,0,35,18,0.0,17,0,0
2024-07-01,27,2,4,0,0,29.5,0,17,10,0.0,137,130,0
2024-07-02,28,2,4,1,0,28.0,0,137,17,0.0,120,0,0
2024-07-03,29,2,4,2,0,27.3,0,120,20,0.0,100,0,0
2024-07-04,30,2,4,3,0,28.6,0,100,22,0.0,78,0,0
2024-07-05,31,2,4,4,0,27.6,0,78,22,0.0,56,0,0
2024-07-06,32,2,4,5,1,29.8,0,56,20,0.0,36,0,0
2024-07-07,33,2,4,6,1,27.0,0,36,24,0.0,12,0,0
2024-07-08,34,2,4,0,0,28.7,0,12,14,0.0,133,135,0
2024-07-09,35,2,4,1,0,31.4,0,133,14,0.0,119,0,0
2024-07-10,36,2,4,2,0,27.1,0,119,19,0.0,100,0,0
2024-07-11,37,2,4,3,0,25.1,0,100,22,0.0,78,0,0
2024-07-12,38,2,4,4,0,29.4,0,78,22,0.0,56,0,0
2024-07-13,39,2,4,5,1,29.4,0,56,25,0.0,31,0,0
2024-07-14,40,2,4,6,1,27.3,0,31,21,0.0,10,0,0
2024-07-15,41,2,4,0,0,28.4,0,10,21,0.0,126,137,0
2024-07-16,42,2,4,1,0,28.2,0,126,24,0.0,102,0,0
2024-07-17,43,2,4,2,0,26.0,0,102,27,0.0,75,0,0
2024-07-18,44,2,4,3,0,28.6,0,75,34,0.0,41,0,0
2024-06-04,0,2,5,1,0,29.9,0,85,7,0.0,78,0,0
2024-06-05,1,2,5,2,0,30.0,0,78,16,0.0,62,0,0
2024-06-06,2,2,5,3,0,27.6,0,62,6,0.0,56,0,0
2024-06-07,3,2,5,4,0,30.6,0,56,16,0.0,40,0,0
2024-06-08,4,2,5,5,1,28.7,0,40,14,0.0,26,0,0
2024-06-09,5,2,5,6,1,22.7,0,26,19,0.0,7,0,0
2024-06-10,6,2,5,0,0,27.9,0,7,12,0.0,84,89,0
2024-06-11,7,2,5,1,0,27.6,0,84,10,0.0,74,0,0
2024-06-12,8,2,5,2,0,26.3,0,74,10,0.0,64,0,0
2024-06-13,9,2,5,3,0,27.7,0,64,11,0.0,53,0,0
2024-06-14,10,2,5,4,0,27.5,0,53,5,0.0,48,0,0
2024-06-15,11,2,5,5,1,28.7,0,48,10,0.0,38,0,0
2024-06-16,12,2,5,6,1,29.8,0,38,17,0.0,21,0,0
2024-06-17,13,2,5,0,0,27.8,0,21,10,0.0,86,75,0
2024-06-18,14,2,5,1,0,27.9,0,86,11,0.0,75,0,0
2024-06-19,15,2,5,2,0,24.7,0,75,8,0.0,67,0,0
2024-06-20,16,2,5,3,0,28.2,0,67,15,0.0,52,0,0
2024-06-21,17,2,5,4,0,27.4,0,52,12,0.0,40,0,0
2024-06-22,18,2,5,5,1,29.5,0,40,10,0.0,30,0,0
2024-06-23,19,2,5,6,1,31.1,0,30,13,0.0,17,0,0
2024-06-24,20,2,5,0,0,28.2,0,17,12,0.0,84,79,0
2024-06-25,21,2,5,1,0,28.6,0,84,7,0.0,77,0,0
2024-06-26,22,2,5,2,0,26.0,0,77,15,0.0,62,0,0
2024-06-27,23,2,5,3,0,27.2,0,62,12,0.0,50,0,0
2024-06-28,24,2,5,4,0,31.2,0,50,8,0.0,42,0,0
2024-06-29,25,2,5,5,1,27.8,0,42,21,0.0,21,0,0
2024-06-30,26,2,5,6,1,27.4,0,21,21,0.0,0,0,0
2024-07-01,27,2,5,0,0,29.5,0,0,12,0.0,84,96,0
2024-07-02,28,2,5,1,0,28.0,0,84,13,0.0,71,0,0
2024-07-03,29,2,5,2,0,27.3,0,71,10,0.0,61,0,0
2024-07-04,30,2,5,3,0,28.6,0,61,7,0.0,54,0,0
2024-07-05,31,2,5,4,0,27.6,0,54,12,0.0,42,0,0
2024-07-06,32,2,5,5,1,29.8,0,42,10,0.0,32,0,0
2024-07-07,33,2,5,6,1,27.0,0,32,18,0.0,14,0,0
2024-07-08,34,2,5,0,0,28.7,0,14,8,0.0,88,82,0
2024-07-09,35,2,5,1,0,31.4,0,88,13,0.0,75,0,0
2024-07-10,36,2,5,2,0,27.1,0,75,9,0.0,66,0,0
2024-07-11,37,2,5,3,0,25.1,0,66,15,0.0,51,0,0
2024-07-12,38,2,5,4,0,29.4,0,51,13,0.0,38,0,0
2024-07-13,39,2,5,5,1,29.4,0,38,8,0.0,30,0,0
2024-07-14,40,2,5,6,1,27.3,0,30,12,0.0,18,0,0
2024-07-15,41,2,5,0,0,28.4,0,18,10,0.0,86,78,0
2024-07-16,42,2,5,1,0,28.2,0,86,12,0.0,74,0,0
2024-07-17,43,2,5,2,0,26.0,0,74,7,0.0,67,0,0
2024-07-18,44,2,5,3,0,28.6,0,67,6,0.0,61,0,0
2024-06-04,0,2,6,1,0,29.9,0,47,2,0.0,45,0,0
2024-06-05,1,2,6,2,0,30.0,0,45,8,0.0,37,0,0
2024-06-06,2,2,6,3,0,27.6,0,37,6,0.0,31,0,0
2024-06-07,3,2,6,4,0,30.6,0,31,6,0.0,25,0,0
2024-06-08,4,2,6,5,1,28.7,0,25,7,0.0,18,0,0
2024-06-09,5,2,6,6,1,22.7,0,18,8,0.0,10,0,0
2024-06-10,6,2,6,0,0,27.9,0,10,8,0.0,43,41,0
2024-06-11,7,2,6,1,0,27.6,0,43,7,0.0,36,0,0
2024-06-12,8,2,6,2,0,26.3,0,36,5,0.0,31,0,0
2024-06-13,9,2,6,3,0,27.7,0,31,14,0.0,17,0,0
2024-06-14,10,2,6,4,0,27.5,0,17,3,0.0,14,0,0
2024-06-15,11,2,6,5,1,28.7,0,14,8,0.0,6,0,0
2024-06-16,12,2,6,6,1,29.8,0,6,6,0.0,0,0,0
2024-06-17,13,2,6,0,0,27.8,0,0,7,0.0,44,51,0
2024-06-18,14,2,6,1,0,27.9,0,44,6,0.0,38,0,0
2024-06-19,15,2,6,2,0,24.7,0,38,7,0.0,31,0,0
2024-06-20,16,2,6,3,0,28.2,0,31,6,0.0,25,0,0
2024-06-21,17,2,6,4,0,27.4,0,25,3,0.0,22,0,0
2024-06-22,18,2,6,5,1,29.5,0,22,10,0.0,12,0,0
2024-06-23,19,2,6,6,1,31.1,0,12,7,0.0,5,0,0
2024-06-24,20,2,6,0,0,28.2,0,5,5,0.0,46,46,0
2024-06-25,21,2,6,1,0,28.6,0,46,6,0.0,40,0,0
2024-06-26,22,2,6,2,0,26.0,0,40,7,0.0,33,0,0
2024-06-27,23,2,6,3,0,27.2,0,33,9,0.0,24,0,0
2024-06-28,24,2,6,4,0,31.2,0,24,4,0.0,20,0,0
2024-06-29,25,2,6,5,1,27.8,0,20,7,0.0,13,0,0
2024-06-30,26,2,6,6,1,27.4,0,13,11,0.0,2,0,0
2024-07-01,27,2,6,0,0,29.5,0,2,3,0.0,48,49,0
2024-07-02,28,2,6,1,0,28.0,0,48,5,0.0,43,0,0
2024-07-03,29,2,6,2,0,27.3,0,43,3,0.0,40,0,0
2024-07-04,30,2,6,3,0,28.6,0,40,8,0.0,32,0,0
2024-07-05,31,2,6,4,0,27.6,0,32,7,0.0,25,0,0
2024-07-06,32,2,6,5,1,29.8,0,25,9,0.0,16,0,0
2024-07-07,33,2,6,6,1,27.0,0,16,6,0.0,10,0,0
2024-07-08,34,2,6,0,0,28.7,0,10,8,0.0,43,41,0
2024-07-09,35,2,6,1,0,31.4,0,43,5,0.0,38,0,0
2024-07-10,36,2,6,2,0,27.1,0,38,3,0.0,35,0,0
2024-07-11,37,2,6,3,0,25.1,0,35,6,0.0,29,0,0
2024-07-12,38,2,6,4,0,29.4,0,29,7,0.0,22,0,0
2024-07-13,39,2,6,5,1,29.4,0,22,9,0.0,13,0,0
2024-07-14,40,2,6,6,1,27.3,0,13,7,0.0,6,0,0
2024-07-15,41,2,6,0,0,28.4,0,6,6,0.0,45,45,0
2024-07-16,42,2,6,1,0,28.2,0,45,6,0.0,39,0,0
2024-07-17,43,2,6,2,0,26.0,0,39,7,0.0,32,0,0
2024-07-18,44,2,6,3,0,28.6,0,32,4,0.0,28,0,0
2024-06-04,0,2,7,1,0,29.9,0,11,2,0.0,9,0,0
2024-06-05,1,2,7,2,0,30.0,0,9,2,0.0,7,0,0
2024-06-06,2,2,7,3,0,27.6,0,7,1,0.0,6,0,0
2024-06-07,3,2,7,4,0,30.6,0,6,1,0.0,5,0,0
2024-06-08,4,2,7,5,1,28.7,0,5,4,0.0,1,0,0
2024-06-09,5,2,7,6,1,22.7,0,1,1,0.0,0,0,0
2024-06-10,6,2,7,0,0,27.9,0,0,5,0.0,10,15,0
2024-06-11,7,2,7,1,0,27.6,0,10,0,0.0,10,0,0
2024-06-12,8,2,7,2,0,26.3,0,10,2,0.0,8,0,0
2024-06-13,9,2,7,3,0,27.7,0,8,1,0.0,7,0,0
2024-06-14,10,2,7,4,0,27.5,0,7,2,0.0,5,0,0
2024-06-15,11,2,7,5,1,28.7,0,5,3,0.0,2,0,0
2024-06-16,12,2,7,6,1,29.8,0,2,2,0.0,0,0,0
2024-06-17,13,2,7,0,0,27.8,0,0,1,0.0,14,15,0
2024-06-18,14,2,7,1,0,27.9,0,14,2,0.0,12,0,0
2024-06-19,15,2,7,2,0,24.7,0,12,2,0.0,10,0,0
2024-06-20,16,2,7,3,0,28.2,0,10,1,0.0,9,0,0
2024-06-21,17,2,7,4,0,27.4,0,9,3,0.0,6,0,0
2024-06-22,18,2,7,5,1,29.5,0,6,3,0.0,3,0,0
2024-06-23,19,2,7,6,1,31.1,0,3,1,0.0,2,0,0
2024-06-24,20,2,7,0,0,28.2,0,2,1,0.0,14,13,0
2024-06-25,21,2,7,1,0,28.6,0,14,4,0.0,10,0,0
2024-06-26,22,2,7,2,0,26.0,0,10,1,0.0,9,0,0
2024-06-27,23,2,7,3,0,27.2,0,9,0,0.0,9,0,0
2024-06-28,24,2,7,4,0,31.2,0,9,2,0.0,7,0,0
2024-06-29,25,2,7,5,1,27.8,0,7,2,0.0,5,0,0
2024-06-30,26,2,7,6,1,27.4,0,5,0,0.0,5,0,0
2024-07-01,27,2,7,0,0,29.5,0,5,1,0.0,14,10,0
2024-07-02,28,2,7,1,0,28.0,0,14,1,0.0,13,0,0
2024-07-03,29,2,7,2,0,27.3,0,13,4,0.0,9,0,0
2024-07-04,30,2,7,3,0,28.6,0,9,0,0.0,9,0,0
2024-07-05,31,2,7,4,0,27.6,0,9,2,0.0,7,0,0
2024-07-06,32,2,7,5,1,29.8,0,7,2,0.0,5,0,0
2024-07-07,33,2,7,6,1,27.0,0,5,3,0.0,2,0,0
2024-07-08,34,2,7,0,0,28.7,0,2,2,0.0,13,13,0
2024-07-09,35,2,7,1,0,31.4,0,13,0,0.0,13,0,0
2024-07-10,36,2,7,2,0,27.1,0,13,0,0.0,13,0,0
2024-07-11,37,2,7,3,0,25.1,0,13,0,0.0,13,0,0
2024-07-12,38,2,7,4,0,29.4,0,13,5,0.0,8,0,0
2024-07-13,39,2,7,5,1,29.4,0,8,1,0.0,7,0,0
2024-07-14,40,2,7,6,1,27.3,0,7,3,0.0,4,0,0
2024-07-15,41,2,7,0,0,28.4,0,4,1,0.0,14,11,0
2024-07-16,42,2,7,1,0,28.2,0,14,4,0.0,10,0,0
2024-07-17,43,2,7,2,0,26.0,0,10,1,0.0,9,0,0
2024-07-18,44,2,7,3,0,28.6,0,9,4,0.0,5,0,0
2024-06-04,0,2,8,1,0,29.9,0,185,30,0.0,155,0,0
2024-06-05,1,2,8,2,0,30.0,0,155,26,0.0,129,0,0
2024-06-06,2,2,8,3,0,27.6,0,129,29,0.0,100,0,0
2024-06-07,3,2,8,4,0,30.6,0,100,25,0.0,75,0,0
2024-06-08,4,2,8,5,1,28.7,0,75,38,0.0,37,0,0
2024-06-09,5,2,8,6,1,22.7,0,37,24,0.0,13,0,0
2024-06-10,6,2,8,0,0,27.9,0,13,25,0.0,188,200,0
2024-06-11,7,2,8,1,0,27.6,0,188,32,0.0,156,0,0
2024-06-12,8,2,8,2,0,26.3,0,156,22,0.0,134,0,0
2024-06-13,9,2,8,3,0,27.7,0,134,25,0.0,109,0,0
2024-06-14,10,2,8,4,0,27.5,0,109,12,0.0,97,0,0
2024-06-15,11,2,8,5,1,28.7,0,97,31,0.0,66,0,0
2024-06-16,12,2,8,6,1,29.8,0,66,30,0.0,36,0,0
2024-06-17,13,2,8,0,0,27.8,0,36,21,0.0,192,177,0
2024-06-18,14,2,8,1,0,27.9,0,192,18,0.0,174,0,0
2024-06-19,15,2,8,2,0,24.7,0,174,18,0.0,156,0,0
2024-06-20,16,2,8,3,0,28.2,0,156,30,0.0,126,0,0
2024-06-21,17,2,8,4,0,27.4,0,126,20,0.0,106,0,0
2024-06-22,18,2,8,5,1,29.5,0,106,23,0.0,83,0,0
2024-06-23,19,2,8,6,1,31.1,0,83,35,0.0,48,0,0
2024-06-24,20,2,8,0,0,28.2,0,48,29,0.0,184,165,0
2024-06-25,21,2,8,1,0,28.6,0,184,33,0.0,151,0,0
2024-06-26,22,2,8,2,0,26.0,0,151,34,0.0,117,0,0
2024-06-27,23,2,8,3,0,27.2,0,117,27,0.0,90,0,0
2024-06-28,24,2,8,4,0,31.2,0,90,30,0.0,60,0,0
2024-06-29,25,2,8,5,1,27.8,0,60,36,0.0,24,0,0
2024-06-30,26,2,8,6,1,27.4,0,24,24,0.0,0,0,0
2024-07-01,27,2,8,0,0,29.5,0,0,18,0.0,195,213,0
2024-07-02,28,2,8,1,0,28.0,0,195,12,0.0,183,0,0
2024-07-03,29,2,8,2,0,27.3,0,183,39,0.0,144,0,0
2024-07-04,30,2,8,3,0,28.6,0,144,38,0.0,106,0,0
2024-07-05,31,2,8,4,0,27.6,0,106,14,0.0,92,0,0
2024-07-06,32,2,8,5,1,29.8,0,92,33,0.0,59,0,0
2024-07-07,33,2,8,6,1,27.0,0,59,33,0.0,26,0,0
2024-07-08,34,2,8,0,0,28.7,0,26,20,0.0,193,187,0
2024-07-09,35,2,8,1,0,31.4,0,193,32,0.0,161,0,0
2024-07-10,36,2,8,2,0,27.1,0,161,22,0.0,139,0,0
2024-07-11,37,2,8,3,0,25.1,0,139,24,0.0,115,0,0
2024-07-12,38,2,8,4,0,29.4,0,115,31,0.0,84,0,0
2024-07-13,39,2,8,5,1,29.4,0,84,31,0.0,53,0,0
2024-07-14,40,2,8,6,1,27.3,0,53,34,0.0,19,0,0
2024-07-15,41,2,8,0,0,28.4,0,19,22,0.0,191,194,0
2024-07-16,42,2,8,1,0,28.2,0,191,26,0.0,165,0,0
2024-07-17,43,2,8,2,0,26.0,0,165,28,0.0,137,0,0
2024-07-18,44,2,8,3,0,28.6,0,137,23,0.0,114,0,0
2024-06-04,0,2,9,1,0,29.9,0,23,17,0.0,23,17,0
2024-06-05,1,2,9,2,0,30.0,0,23,22,0.0,18,17,0
2024-06-06,2,2,9,3,0,27.6,0,18,32,0.0,8,22,0
2024-06-07,3,2,9,4,0,30.6,0,8,21,0.0,19,32,0
2024-06-08,4,2,9,5,1,28.7,0,19,34,0.0,6,21,0
2024-06-09,5,2,9,6,1,22.7,0,6,25,0.0,15,34,0
2024-06-10,6,2,9,0,0,27.9,0,15,24,0.0,16,25,0
2024-06-11,7,2,9,1,0,27.6,0,16,20,0.0,20,24,0
2024-06-12,8,2,9,2,0,26.3,0,20,15,0.0,25,20,0
2024-06-13,9,2,9,3,0,27.7,0,25,27,0.0,13,15,0
2024-06-14,10,2,9,4,0,27.5,0,13,15,0.0,25,27,0
2024-06-15,11,2,9,5,1,28.7,0,25,27,0.0,13,15,0
2024-06-16,12,2,9,6,1,29.8,0,13,23,0.0,17,27,0
2024-06-17,13,2,9,0,0,27.8,0,17,16,0.0,24,23,0
2024-06-18,14,2,9,1,0,27.9,0,24,17,0.0,23,16,0
2024-06-19,15,2,9,2,0,24.7,0,23,22,0.0,18,17,0
2024-06-20,16,2,9,3,0,28.2,0,18,18,0.0,22,22,0
2024-06-21,17,2,9,4,0,27.4,0,22,17,0.0,23,18,0
2024-06-22,18,2,9,5,1,29.5,0,23,26,0.0,14,17,0
2024-06-23,19,2,9,6,1,31.1,0,14,24,0.0,16,26,0
2024-06-24,20,2,9,0,0,28.2,0,16,25,0.0,15,24,0
2024-06-25,21,2,9,1,0,28.6,0,15,22,0.0,18,25,0
2024-06-26,22,2,9,2,0,26.0,0,18,32,0.0,8,22,0
2024-06-27,23,2,9,3,0,27.2,0,8,21,0.0,19,32,0
2024-06-28,24,2,9,4,0,31.2,0,19,28,0.0,12,21,0
2024-06-29,25,2,9,5,1,27.8,0,12,34,0.0,6,28,0
2024-06-30,26,2,9,6,1,27.4,0,6,40,0.0,0,34,0
2024-07-01,27,2,9,0,0,29.5,0,0,16,0.0,24,40,0
2024-07-02,28,2,9,1,0,28.0,0,24,21,0.0,19,16,0
2024-07-03,29,2,9,2,0,27.3,0,19,17,0.0,23,21,0
2024-07-04,30,2,9,3,0,28.6,0,23,24,0.0,16,17,0
2024-07-05,31,2,9,4,0,27.6,0,16,26,0.0,14,24,0
2024-07-06,32,2,9,5,1,29.8,0,14,20,0.0,20,26,0
2024-07-07,33,2,9,6,1,27.0,0,20,36,0.0,4,20,0
2024-07-08,34,2,9,0,0,28.7,0,4,27,0.0,13,36,0
2024-07-09,35,2,9,1,0,31.4,0,13,23,0.0,17,27,0
2024-07-10,36,2,9,2,0,27.1,0,17,24,0.0,16,23,0
2024-07-11,37,2,9,3,0,25.1,0,16,24,0.0,16,24,0
2024-07-12,38,2,9,4,0,29.4,0,16,26,0.0,14,24,0
2024-07-13,39,2,9,5,1,29.4,0,14,22,0.0,18,26,0
2024-07-14,40,2,9,6,1,27.3,0,18,25,0.0,15,22,0
2024-07-15,41,2,9,0,0,28.4,0,15,17,0.0,23,25,0
2024-07-16,42,2,9,1,0,28.2,0,23,19,0.0,21,17,0
2024-07-17,43,2,9,2,0,26.0,0,21,24,0.0,16,19,0
2024-07-18,44,2,9,3,0,28.6,0,16,31,0.0,9,24,0
2024-06-04,0,2,10,1,0,29.9,0,70,11,0.0,59,0,0
2024-06-05,1,2,10,2,0,30.0,0,59,5,0.0,54,0,0
2024-06-06,2,2,10,3,0,27.6,0,54,15,0.0,39,0,0
2024-06-07,3,2,10,4,0,30.6,0,39,15,0.0,24,0,0
2024-06-08,4,2,10,5,1,28.7,0,24,14,0.0,10,0,0
2024-06-09,5,2,10,6,1,22.7,0,10,10,0.0,0,0,0
2024-06-10,6,2,10,0,0,27.9,0,0,9,0.0,72,81,0
2024-06-11,7,2,10,1,0,27.6,0,72,7,0.0,65,0,0
2024-06-12,8,2,10,2,0,26.3,0,65,10,0.0,55,0,0
2024-06-13,9,2,10,3,0,27.7,0,55,7,0.0,48,0,0
2024-06-14,10,2,10,4,0,27.5,0,48,5,0.0,43,0,0
2024-06-15,11,2,10,5,1,28.7,0,43,10,0.0,33,0,0
2024-06-16,12,2,10,6,1,29.8,0,33,17,0.0,16,0,0
2024-06-17,13,2,10,0,0,27.8,0,16,11,0.0,70,65,0
2024-06-18,14,2,10,1,0,27.9,0,70,12,0.0,58,0,0
2024-06-19,15,2,10,2,0,24.7,0,58,9,0.0,49,0,0
2024-06-20,16,2,10,3,0,28.2,0,49,6,0.0,43,0,0
2024-06-21,17,2,10,4,0,27.4,0,43,6,0.0,37,0,0
2024-06-22,18,2,10,5,1,29.5,0,37,10,0.0,27,0,0
2024-06-23,19,2,10,6,1,31.1,0,27,9,0.0,18,0,0
2024-06-24,20,2,10,0,0,28.2,0,18,9,0.0,72,63,0
2024-06-25,21,2,10,1,0,28.6,0,72,7,0.0,65,0,0
2024-06-26,22,2,10,2,0,26.0,0,65,9,0.0,56,0,0
2024-06-27,23,2,10,3,0,27.2,0,56,6,0.0,50,0,0
2024-06-28,24,2,10,4,0,31.2,0,50,7,0.0,43,0,0
2024-06-29,25,2,10,5,1,27.8,0,43,13,0.0,30,0,0
2024-06-30,26,2,10,6,1,27.4,0,30,8,0.0,22,0,0
2024-07-01,27,2,10,0,0,29.5,0,22,7,0.0,74,59,0
2024-07-02,28,2,10,1,0,28.0,0,74,10,0.0,64,0,0
2024-07-03,29,2,10,2,0,27.3,0,64,8,0.0,56,0,0
2024-07-04,30,2,10,3,0,28.6,0,56,12,0.0,44,0,0
2024-07-05,31,2,10,4,0,27.6,0,44,13,0.0,31,0,0
2024-07-06,32,2,10,5,1,29.8,0,31,13,0.0,18,0,0
2024-07-07,33,2,10,6,1,27.0,0,18,11,0.0,7,0,0
2024-07-08,34,2,10,0,0,28.7,0,7,8,0.0,73,74,0
2024-07-09,35,2,10,1,0,31.4,0,73,10,0.0,63,0,0
2024-07-10,36,2,10,2,0,27.1,0,63,12,0.0,51,0,0
2024-07-11,37,2,10,3,0,25.1,0,51,7,0.0,44,0,0
2024-07-12,38,2,10,4,0,29.4,0,44,11,0.0,33,0,0
2024-07-13,39,2,10,5,1,29.4,0,33,10,0.0,23,0,0
2024-07-14,40,2,10,6,1,27.3,0,23,10,0.0,13,0,0
2024-07-15,41,2,10,0,0,28.4,0,13,11,0.0,70,68,0
2024-07-16,42,2,10,1,0,28.2,0,70,14,0.0,56,0,0
2024-07-17,43,2,10,2,0,26.0,0,56,9,0.0,47,0,0
2024-07-18,44,2,10,3,0,28.6,0,47,7,0.0,40,0,0
2024-06-04,0,2,11,1,0,29.9,0,165,22,0.0,143,0,0
2024-06-05,1,2,11,2,0,30.0,0,143,32,0.0,111,0,0
2024-06-06,2,2,11,3,0,27.6,0,111,18,0.0,93,0,0
2024-06-07,3,2,11,4,0,30.6,0,93,31,0.0,62,0,0
2024-06-08,4,2,11,5,1,28.7,0,62,28,0.0,34,0,0
2024-06-09,5,2,11,6,1,22.7,0,34,26,0.0,8,0,0
2024-06-10,6,2,11,0,0,27.9,0,8,18,0.0,172,182,0
2024-06-11,7,2,11,1,0,27.6,0,172,23,0.0,149,0,0
2024-06-12,8,2,11,2,0,26.3,0,149,26,0.0,123,0,0
2024-06-13,9,2,11,3,0,27.7,0,123,25,0.0,98,0,0
2024-06-14,10,2,11,4,0,27.5,0,98,38,0.0,60,0,0
2024-06-15,11,2,11,5,1,28.7,0,60,26,0.0,34,0,0
2024-06-16,12,2,11,6,1,29.8,0,34,21,0.0,13,0,0
2024-06-17,13,2,11,0,0,27.8,0,13,28,0.0,162,177,0
2024-06-18,14,2,11,1,0,27.9,0,162,28,0.0,134,0,0
2024-06-19,15,2,11,2,0,24.7,0,134,29,0.0,105,0,0
2024-06-20,16,2,11,3,0,28.2,0,105,22,0.0,83,0,0
2024-06-21,17,2,11,4,0,27.4,0,83,27,0.0,56,0,0
2024-06-22,18,2,11,5,1,29.5,0,56,35,0.0,21,0,0
2024-06-23,19,2,11,6,1,31.1,0,21,21,0.0,0,0,0
2024-06-24,20,2,11,0,0,28.2,0,0,27,0.0,163,190,0
2024-06-25,21,2,11,1,0,28.6,0,163,31,0.0,132,0,0
2024-06-26,22,2,11,2,0,26.0,0,132,19,0.0,113,0,0
2024-06-27,23,2,11,3,0,27.2,0,113,25,0.0,88,0,0
2024-06-28,24,2,11,4,0,31.2,0,88,21,0.0,67,0,0
2024-06-29,25,2,11,5,1,27.8,0,67,40,0.0,27,0,0
2024-06-30,26,2,11,6,1,27.4,0,27,23,0.0,4,0,0
2024-07-01,27,2,11,0,0,29.5,0,4,25,0.0,165,186,0
2024-07-02,28,2,11,1,0,28.0,0,165,15,0.0,150,0,0
2024-07-03,29,2,11,2,0,27.3,0,150,29,0.0,121,0,0
2024-07-04,30,2,11,3,0,28.6,0,121,29,0.0,92,0,0
2024-07-05,31,2,11,4,0,27.6,0,92,23,0.0,69,0,0
2024-07-06,32,2,11,5,1,29.8,0,69,42,0.0,27,0,0
2024-07-07,33,2,11,6,1,27.0,0,27,26,0.0,1,0,0
2024-07-08,34,2,11,0,0,28.7,0,1,15,0.0,175,189,0
2024-07-09,35,2,11,1,0,31.4,0,175,25,0.0,150,0,0
2024-07-10,36,2,11,2,0,27.1,0,150,34,0.0,116,0,0
2024-07-11,37,2,11,3,0,25.1,0,116,26,0.0,90,0,0
2024-07-12,38,2,11,4,0,29.4,0,90,20,0.0,70,0,0
2024-07-13,39,2,11,5,1,29.4,0,70,31,0.0,39,0,0
2024-07-14,40,2,11,6,1,27.3,0,39,23,0.0,16,0,0
2024-07-15,41,2,11,0,0,28.4,0,16,23,0.0,167,174,0
2024-07-16,42,2,11,1,0,28.2,0,167,19,0.0,148,0,0
2024-07-17,43,2,11,2,0,26.0,0,148,29,0.0,119,0,0
2024-07-18,44,2,11,3,0,28.6,0,119,27,0.0,92,0,0
2024-06-04,0,2,12,1,0,29.9,0,4,14,0.0,37,47,0
2024-06-05,1,2,12,2,0,30.0,0,37,8,0.0,29,0,0
2024-06-06,2,2,12,3,0,27.6,0,29,7,0.0,22,0,0
2024-06-07,3,2,12,4,0,30.6,0,22,15,0.0,7,0,0
2024-06-08,4,2,12,5,1,28.7,0,7,7,0.0,0,0,0
2024-06-09,5,2,12,6,1,22.7,0,0,8,0.0,43,51,0
2024-06-10,6,2,12,0,0,27.9,0,43,10,0.0,33,0,0
2024-06-11,7,2,12,1,0,27.6,0,33,7,0.0,26,0,0
2024-06-12,8,2,12,2,0,26.3,0,26,10,0.0,16,0,0
2024-06-13,9,2,12,3,0,27.7,0,16,8,0.0,8,0,0
2024-06-14,10,2,12,4,0,27.5,0,8,4,0.0,47,43,0
2024-06-15,11,2,12,5,1,28.7,0,47,13,0.0,34,0,0
2024-06-16,12,2,12,6,1,29.8,0,34,9,0.0,25,0,0
2024-06-17,13,2,12,0,0,27.8,0,25,5,0.0,20,0,0
2024-06-18,14,2,12,1,0,27.9,0,20,3,0.0,17,0,0
2024-06-19,15,2,12,2,0,24.7,0,17,10,0.0,41,34,0
2024-06-20,16,2,12,3,0,28.2,0,41,12,0.0,29,0,0
2024-06-21,17,2,12,4,0,27.4,0,29,5,0.0,24,0,0
2024-06-22,18,2,12,5,1,29.5,0,24,14,0.0,10,0,0
2024-06-23,19,2,12,6,1,31.1,0,10,7,0.0,3,0,0
2024-06-24,20,2,12,0,0,28.2,0,3,9,0.0,42,48,0
2024-06-25,21,2,12,1,0,28.6,0,42,3,0.0,39,0,0
2024-06-26,22,2,12,2,0,26.0,0,39,10,0.0,29,0,0
2024-06-27,23,2,12,3,0,27.2,0,29,6,0.0,23,0,0
2024-06-28,24,2,12,4,0,31.2,0,23,11,0.0,12,0,0
2024-06-29,25,2,12,5,1,27.8,0,12,16,0.0,35,39,0
2024-06-30,26,2,12,6,1,27.4,0,35,3,0.0,32,0,0
2024-07-01,27,2,12,0,0,29.5,0,32,5,0.0,27,0,0
2024-07-02,28,2,12,1,0,28.0,0,27,4,0.0,23,0,0
2024-07-03,29,2,12,2,0,27.3,0,23,9,0.0,14,0,0
2024-07-04,30,2,12,3,0,28.6,0,14,6,0.0,45,37,0
2024-07-05,31,2,12,4,0,27.6,0,45,4,0.0,41,0,0
2024-07-06,32,2,12,5,1,29.8,0,41,7,0.0,34,0,0
2024-07-07,33,2,12,6,1,27.0,0,34,11,0.0,23,0,0
2024-07-08,34,2,12,0,0,28.7,0,23,10,0.0,13,0,0
2024-07-09,35,2,12,1,0,31.4,0,13,10,0.0,41,38,0
2024-07-10,36,2,12,2,0,27.1,0,41,8,0.0,33,0,0
2024-07-11,37,2,12,3,0,25.1,0,33,10,0.0,23,0,0
2024-07-12,38,2,12,4,0,29.4,0,23,6,0.0,17,0,0
2024-07-13,39,2,12,5,1,29.4,0,17,5,0.0,12,0,0
2024-07-14,40,2,12,6,1,27.3,0,12,15,0.0,36,39,0
2024-07-15,41,2,12,0,0,28.4,0,36,3,0.0,33,0,0
2024-07-16,42,2,12,1,0,28.2,0,33,9,0.0,24,0,0
2024-07-17,43,2,12,2,0,26.0,0,24,10,0.0,14,0,0
2024-07-18,44,2,12,3,0,28.6,0,14,6,0.0,8,0,0
2024-06-04,0,3,1,1,0,29.9,0,288,37,0.0,251,0,0
2024-06-05,1,3,1,2,0,30.0,0,251,38,0.0,213,0,0
2024-06-06,2,3,1,3,0,27.6,0,213,40,0.0,173,0,0
2024-06-07,3,3,1,4,0,30.6,0,173,40,0.0,133,0,0
2024-06-08,4,3,1,5,1,28.7,0,133,49,0.0,84,0,0
2024-06-09,5,3,1,6,1,22.7,0,84,43,0.0,41,0,0
2024-06-10,6,3,1,0,0,27.9,0,41,41,0.0,297,297,0
2024-06-11,7,3,1,1,0,27.6,0,297,40,0.0,257,0,0
2024-06-12,8,3,1,2,0,26.3,0,257,31,0.0,226,0,0
2024-06-13,9,3,1,3,0,27.7,0,226,58,0.0,168,0,0
2024-06-14,10,3,1,4,0,27.5,0,168,42,0.0,126,0,0
2024-06-15,11,3,1,5,1,28.7,0,126,51,0.0,75,0,0
2024-06-16,12,3,1,6,1,29.8,0,75,47,0.0,28,0,0
2024-06-17,13,3,1,0,0,27.8,0,28,52,0.0,286,310,0
2024-06-18,14,3,1,1,0,27.9,0,286,41,0.0,245,0,0
2024-06-19,15,3,1,2,0,24.7,0,245,32,0.0,213,0,0
2024-06-20,16,3,1,3,0,28.2,0,213,50,0.0,163,0,0
2024-06-21,17,3,1,4,0,27.4,0,163,26,0.0,137,0,0
2024-06-22,18,3,1,5,1,29.5,0,137,50,0.0,87,0,0
2024-06-23,19,3,1,6,1,31.1,0,87,45,0.0,42,0,0
2024-06-24,20,3,1,0,0,28.2,0,42,44,0.0,294,296,0
2024-06-25,21,3,1,1,0,28.6,0,294,40,0.0,254,0,0
2024-06-26,22,3,1,2,0,26.0,0,254,29,0.0,225,0,0
2024-06-27,23,3,1,3,0,27.2,0,225,39,0.0,186,0,0
2024-06-28,24,3,1,4,0,31.2,0,186,38,0.0,148,0,0
2024-06-29,25,3,1,5,1,27.8,0,148,43,0.0,105,0,0
2024-06-30,26,3,1,6,1,27.4,0,105,39,0.0,66,0,0
2024-07-01,27,3,1,0,0,29.5,0,66,45,0.0,293,272,0
2024-07-02,28,3,1,1,0,28.0,0,293,45,0.0,248,0,0
2024-07-03,29,3,1,2,0,27.3,0,248,43,0.0,205,0,0
2024-07-04,30,3,1,3,0,28.6,0,205,41,0.0,164,0,0
2024-07-05,31,3,1,4,0,27.6,0,164,44,0.0,120,0,0
2024-07-06,32,3,1,5,1,29.8,0,120,70,0.0,50,0,0
2024-07-07,33,3,1,6,1,27.0,0,50,50,0.0,0,0,0
2024-07-08,34,3,1,0,0,28.7,0,0,47,0.0,291,338,0
2024-07-09,35,3,1,1,0,31.4,0,291,46,0.0,245,0,0
2024-07-10,36,3,1,2,0,27.1,0,245,43,0.0,202,0,0
2024-07-11,37,3,1,3,0,25.1,0,202,42,0.0,160,0,0
2024-07-12,38,3,1,4,0,29.4,0,160,51,0.0,109,0,0
2024-07-13,39,3,1,5,1,29.4,0,109,56,0.0,53,0,0
2024-07-14,40,3,1,6,1,27.3,0,53,38,0.0,15,0,0
2024-07-15,41,3,1,0,0,28.4,0,15,43,0.0,295,323,0
2024-07-16,42,3,1,1,0,28.2,0,295,42,0.0,253,0,0
2024-07-17,43,3,1,2,0,26.0,0,253,35,0.0,218,0,0
2024-07-18,44,3,1,3,0,28.6,0,218,34,0.0,184,0,0
2024-06-04,0,3,2,1,0,29.9,0,14,22,0.0,17,25,0
2024-06-05,1,3,2,2,0,30.0,0,17,30,0.0,9,22,0
2024-06-06,2,3,2,3,0,27.6,0,9,37,0.0,2,30,0
2024-06-07,3,3,2,4,0,30.6,0,2,30,0.0,9,37,0
2024-06-08,4,3,2,5,1,28.7,0,9,23,0.0,16,30,0
2024-06-09,5,3,2,6,1,22.7,0,16,25,0.0,14,23,0
2024-06-10,6,3,2,0,0,27.9,0,14,33,0.0,6,25,0
2024-06-11,7,3,2,1,0,27.6,0,6,36,0.0,3,33,0
2024-06-12,8,3,2,2,0,26.3,0,3,25,0.0,14,36,0
2024-06-13,9,3,2,3,0,27.7,0,14,34,0.0,5,25,0
2024-06-14,10,3,2,4,0,27.5,0,5,22,0.0,17,34,0
2024-06-15,11,3,2,5,1,28.7,0,17,38,0.0,1,22,0
2024-06-16,12,3,2,6,1,29.8,0,1,25,0.0,14,38,0
2024-06-17,13,3,2,0,0,27.8,0,14,26,0.0,13,25,0
2024-06-18,14,3,2,1,0,27.9,0,13,21,0.0,18,26,0
2024-06-19,15,3,2,2,0,24.7,0,18,29,0.0,10,21,0
2024-06-20,16,3,2,3,0,28.2,0,10,29,0.0,10,29,0
2024-06-21,17,3,2,4,0,27.4,0,10,29,0.0,10,29,0
2024-06-22,18,3,2,5,1,29.5,0,10,31,0.0,8,29,0
2024-06-23,19,3,2,6,1,31.1,0,8,36,0.0,3,31,0
2024-06-24,20,3,2,0,0,28.2,0,3,27,0.0,12,36,0
2024-06-25,21,3,2,1,0,28.6,0,12,28,0.0,11,27,0
2024-06-26,22,3,2,2,0,26.0,0,11,22,0.0,17,28,0
2024-06-27,23,3,2,3,0,27.2,0,17,28,0.0,11,22,0
2024-06-28,24,3,2,4,0,31.2,0,11,25,0.0,14,28,0
2024-06-29,25,3,2,5,1,27.8,0,14,32,0.0,7,25,0
2024-06-30,26,3,2,6,1,27.4,0,7,30,0.0,9,32,0
2024-07-01,27,3,2,0,0,29.5,0,9,23,0.0,16,30,0
2024-07-02,28,3,2,1,0,28.0,0,16,35,0.0,4,23,0
2024-07-03,29,3,2,2,0,27.3,0,4,35,0.0,4,35,0
2024-07-04,30,3,2,3,0,28.6,0,4,29,0.0,10,35,0
2024-07-05,31,3,2,4,0,27.6,0,10,37,0.0,2,29,0
2024-07-06,32,3,2,5,1,29.8,0,2,39,0.0,0,37,0
2024-07-07,33,3,2,6,1,27.0,0,0,35,0.0,4,39,0
2024-07-08,34,3,2,0,0,28.7,0,4,30,0.0,9,35,0
2024-07-09,35,3,2,1,0,31.4,0,9,25,0.0,14,30,0
2024-07-10,36,3,2,2,0,27.1,0,14,27,0.0,12,25,0
2024-07-11,37,3,2,3,0,25.1,0,12,31,0.0,8,27,0
2024-07-12,38,3,2,4,0,29.4,0,8,31,0.0,8,31,0
2024-07-13,39,3,2,5,1,29.4,0,8,27,0.0,12,31,0
2024-07-14,40,3,2,6,1,27.3,0,12,35,0.0,4,27,0
2024-07-15,41,3,2,0,0,28.4,0,4,29,0.0,10,35,0
2024-07-16,42,3,2,1,0,28.2,0,10,28,0.0,11,29,0
2024-07-17,43,3,2,2,0,26.0,0,11,24,0.0,15,28,0
2024-07-18,44,3,2,3,0,28.6,0,15,22,0.0,17,24,0
2024-06-04,0,3,3,1,0,29.9,0,128,20,0.0,108,0,0
2024-06-05,1,3,3,2,0,30.0,0,108,22,0.0,86,0,0
2024-06-06,2,3,3,3,0,27.6,0,86,14,0.0,72,0,0
2024-06-07,3,3,3,4,0,30.6,0,72,14,0.0,58,0,0
2024-06-08,4,3,3,5,1,28.7,0,58,23,0.0,35,0,0
2024-06-09,5,3,3,6,1,22.7,0,35,22,0.0,13,0,0
2024-06-10,6,3,3,0,0,27.9,0,13,24,0.0,127,138,0
2024-06-11,7,3,3,1,0,27.6,0,127,17,0.0,110,0,0
2024-06-12,8,3,3,2,0,26.3,0,110,16,0.0,94,0,0
2024-06-13,9,3,3,3,0,27.7,0,94,23,0.0,71,0,0
2024-06-14,10,3,3,4,0,27.5,0,71,21,0.0,50,0,0
2024-06-15,11,3,3,5,1,28.7,0,50,22,0.0,28,0,0
2024-06-16,12,3,3,6,1,29.8,0,28,23,0.0,5,0,0
2024-06-17,13,3,3,0,0,27.8,0,5,16,0.0,135,146,0
2024-06-18,14,3,3,1,0,27.9,0,135,16,0.0,119,0,0
2024-06-19,15,3,3,2,0,24.7,0,119,24,0.0,95,0,0
2024-06-20,16,3,3,3,0,28.2,0,95,15,0.0,80,0,0
2024-06-21,17,3,3,4,0,27.4,0,80,26,0.0,54,0,0
2024-06-22,18,3,3,5,1,29.5,0,54,23,0.0,31,0,0
2024-06-23,19,3,3,6,1,31.1,0,31,18,0.0,13,0,0
2024-06-24,20,3,3,0,0,28.2,0,13,28,0.0,123,138,0
2024-06-25,21,3,3,1,0,28.6,0,123,21,0.0,102,0,0
2024-06-26,22,3,3,2,0,26.0,0,102,19,0.0,83,0,0
2024-06-27,23,3,3,3,0,27.2,0,83,14,0.0,69,0,0
2024-06-28,24,3,3,4,0,31.2,0,69,21,0.0,48,0,0
2024-06-29,25,3,3,5,1,27.8,0,48,20,0.0,28,0,0
2024-06-30,26,3,3,6,1,27.4,0,28,18,0.0,10,0,0
2024-07-01,27,3,3,0,0,29.5,0,10,24,0.0,127,141,0
2024-07-02,28,3,3,1,0,28.0,0,127,22,0.0,105,0,0
2024-07-03,29,3,3,2,0,27.3,0,105,22,0.0,83,0,0
2024-07-04,30,3,3,3,0,28.6,0,83,29,0.0,54,0,0
2024-07-05,31,3,3,4,0,27.6,0,54,8,0.0,46,0,0
2024-07-06,32,3,3,5,1,29.8,0,46,21,0.0,25,0,0
2024-07-07,33,3,3,6,1,27.0,0,25,25,0.0,0,0,0
2024-07-08,34,3,3,0,0,28.7,0,0,19,0.0,132,151,0
2024-07-09,35,3,3,1,0,31.4,0,132,17,0.0,115,0,0
2024-07-10,36,3,3,2,0,27.1,0,115,14,0.0,101,0,0
2024-07-11,37,3,3,3,0,25.1,0,101,19,0.0,82,0,0
2024-07-12,38,3,3,4,0,29.4,0,82,26,0.0,56,0,0
2024-07-13,39,3,3,5,1,29.4,0,56,13,0.0,43,0,0
2024-07-14,40,3,3,6,1,27.3,0,43,15,0.0,28,0,0
2024-07-15,41,3,3,0,0,28.4,0,28,17,0.0,134,123,0
2024-07-16,42,3,3,1,0,28.2,0,134,17,0.0,117,0,0
2024-07-17,43,3,3,2,0,26.0,0,117,15,0.0,102,0,0
2024-07-18,44,3,3,3,0,28.6,0,102,19,0.0,83,0,0
2024-06-04,0,3,4,1,0,29.9,0,70,14,0.0,56,0,0
2024-06-05,1,3,4,2,0,30.0,0,56,8,0.0,48,0,0
2024-06-06,2,3,4,3,0,27.6,0,48,6,0.0,42,0,0
2024-06-07,3,3,4,4,0,30.6,0,42,5,0.0,37,0,0
2024-06-08,4,3,4,5,1,28.7,0,37,12,0.0,25,0,0
2024-06-09,5,3,4,6,1,22.7,0,25,5,0.0,20,0,0
2024-06-10,6,3,4,0,0,27.9,0,20,10,0.0,74,64,0
2024-06-11,7,3,4,1,0,27.6,0,74,15,0.0,59,0,0
2024-06-12,8,3,4,2,0,26.3,0,59,7,0.0,52,0,0
2024-06-13,9,3,4,3,0,27.7,0,52,11,0.0,41,0,0
2024-06-14,10,3,4,4,0,27.5,0,41,12,0.0,29,0,0
2024-06-15,11,3,4,5,1,28.7,0,29,17,0.0,12,0,0
2024-06-16,12,3,4,6,1,29.8,0,12,11,0.0,1,0,0
2024-06-17,13,3,4,0,0,27.8,0,1,9,0.0,75,83,0
2024-06-18,14,3,4,1,0,27.9,0,75,9,0.0,66,0,0
2024-06-19,15,3,4,2,0,24.7,0,66,16,0.0,50,0,0
2024-06-20,16,3,4,3,0,28.2,0,50,13,0.0,37,0,0
2024-06-21,17,3,4,4,0,27.4,0,37,4,0.0,33,0,0
2024-06-22,18,3,4,5,1,29.5,0,33,10,0.0,23,0,0
2024-06-23,19,3,4,6,1,31.1,0,23,10,0.0,13,0,0
2024-06-24,20,3,4,0,0,28.2,0,13,15,0.0,69,71,0
2024-06-25,21,3,4,1,0,28.6,0,69,10,0.0,59,0,0
2024-06-26,22,3,4,2,0,26.0,0,59,16,0.0,43,0,0
2024-06-27,23,3,4,3,0,27.2,0,43,10,0.0,33,0,0
2024-06-28,24,3,4,4,0,31.2,0,33,10,0.0,23,0,0
2024-06-29,25,3,4,5,1,27.8,0,23,12,0.0,11,0,0
2024-06-30,26,3,4,6,1,27.4,0,11,11,0.0,0,0,0
2024-07-01,27,3,4,0,0,29.5,0,0,13,0.0,71,84,0
2024-07-02,28,3,4,1,0,28.0,0,71,10,0.0,61,0,0
2024-07-03,29,3,4,2,0,27.3,0,61,10,0.0,51,0,0
2024-07-04,30,3,4,3,0,28.6,0,51,13,0.0,38,0,0
2024-07-05,31,3,4,4,0,27.6,0,38,11,0.0,27,0,0
2024-07-06,32,3,4,5,1,29.8,0,27,16,0.0,11,0,0
2024-07-07,33,3,4,6,1,27.0,0,11,10,0.0,1,0,0
2024-07-08,34,3,4,0,0,28.7,0,1,7,0.0,77,83,0
2024-07-09,35,3,4,1,0,31.4,0,77,14,0.0,63,0,0
2024-07-10,36,3,4,2,0,27.1,0,63,11,0.0,52,0,0
2024-07-11,37,3,4,3,0,25.1,0,52,8,0.0,44,0,0
2024-07-12,38,3,4,4,0,29.4,0,44,19,0.0,25,0,0
2024-07-13,39,3,4,5,1,29.4,0,25,11,0.0,14,0,0
2024-07-14,40,3,4,6,1,27.3,0,14,11,0.0,3,0,0
2024-07-15,41,3,4,0,0,28.4,0,3,10,0.0,74,81,0
2024-07-16,42,3,4,1,0,28.2,0,74,4,0.0,70,0,0
2024-07-17,43,3,4,2,0,26.0,0,70,9,0.0,61,0,0
2024-07-18,44,3,4,3,0,28.6,0,61,12,0.0,49,0,0
2024-06-04,0,3,5,1,0,29.9,0,59,6,0.0,53,0,0
2024-06-05,1,3,5,2,0,30.0,0,53,5,0.0,48,0,0
2024-06-06,2,3,5,3,0,27.6,0,48,4,0.0,44,0,0
2024-06-07,3,3,5,4,0,30.6,0,44,11,0.0,33,0,0
2024-06-08,4,3,5,5,1,28.7,0,33,10,0.0,23,0,0
2024-06-09,5,3,5,6,1,22.7,0,23,8,0.0,15,0,0
2024-06-10,6,3,5,0,0,27.9,0,15,6,0.0,65,56,0
2024-06-11,7,3,5,1,0,27.6,0,65,4,0.0,61,0,0
2024-06-12,8,3,5,2,0,26.3,0,61,15,0.0,46,0,0
2024-06-13,9,3,5,3,0,27.7,0,46,9,0.0,37,0,0
2024-06-14,10,3,5,4,0,27.5,0,37,13,0.0,24,0,0
2024-06-15,11,3,5,5,1,28.7,0,24,14,0.0,10,0,0
2024-06-16,12,3,5,6,1,29.8,0,10,10,0.0,0,0,0
2024-06-17,13,3,5,0,0,27.8,0,0,4,0.0,67,71,0
2024-06-18,14,3,5,1,0,27.9,0,67,10,0.0,57,0,0
2024-06-19,15,3,5,2,0,24.7,0,57,8,0.0,49,0,0
2024-06-20,16,3,5,3,0,28.2,0,49,10,0.0,39,0,0
2024-06-21,17,3,5,4,0,27.4,0,39,8,0.0,31,0,0
2024-06-22,18,3,5,5,1,29.5,0,31,11,0.0,20,0,0
2024-06-23,19,3,5,6,1,31.1,0,20,10,0.0,10,0,0
2024-06-24,20,3,5,0,0,28.2,0,10,6,0.0,65,61,0
2024-06-25,21,3,5,1,0,28.6,0,65,6,0.0,59,0,0
2024-06-26,22,3,5,2,0,26.0,0,59,11,0.0,48,0,0
2024-06-27,23,3,5,3,0,27.2,0,48,6,0.0,42,0,0
2024-06-28,24,3,5,4,0,31.2,0,42,12,0.0,30,0,0
2024-06-29,25,3,5,5,1,27.8,0,30,9,0.0,21,0,0
2024-06-30,26,3,5,6,1,27.4,0,21,8,0.0,13,0,0
2024-07-01,27,3,5,0,0,29.5,0,13,5,0.0,66,58,0
2024-07-02,28,3,5,1,0,28.0,0,66,6,0.0,60,0,0
2024-07-03,29,3,5,2,0,27.3,0,60,8,0.0,52,0,0
2024-07-04,30,3,5,3,0,28.6,0,52,8,0.0,44,0,0
2024-07-05,31,3,5,4,0,27.6,0,44,7,0.0,37,0,0
2024-07-06,32,3,5,5,1,29.8,0,37,11,0.0,26,0,0
2024-07-07,33,3,5,6,1,27.0,0,26,7,0.0,19,0,0
2024-07-08,34,3,5,0,0,28.7,0,19,11,0.0,60,52,0
2024-07-09,35,3,5,1,0,31.4,0,60,13,0.0,47,0,0
2024-07-10,36,3,5,2,0,27.1,0,47,6,0.0,41,0,0
2024-07-11,37,3,5,3,0,25.1,0,41,7,0.0,34,0,0
2024-07-12,38,3,5,4,0,29.4,0,34,10,0.0,24,0,0
2024-07-13,39,3,5,5,1,29.4,0,24,7,0.0,17,0,0
2024-07-14,40,3,5,6,1,27.3,0,17,11,0.0,6,0,0
2024-07-15,41,3,5,0,0,28.4,0,6,9,0.0,62,65,0
2024-07-16,42,3,5,1,0,28.2,0,62,5,0.0,57,0,0
2024-07-17,43,3,5,2,0,26.0,0,57,7,0.0,50,0,0
2024-07-18,44,3,5,3,0,28.6,0,50,7,0.0,43,0,0
2024-06-04,0,3,6,1,0,29.9,0,29,1,0.0,28,0,0
2024-06-05,1,3,6,2,0,30.0,0,28,2,0.0,26,0,0
2024-06-06,2,3,6,3,0,27.6,0,26,4,0.0,22,0,0
2024-06-07,3,3,6,4,0,30.6,0,22,0,0.0,22,0,0
2024-06-08,4,3,6,5,1,28.7,0,22,7,0.0,15,0,0
2024-06-09,5,3,6,6,1,22.7,0,15,4,0.0,11,0,0
2024-06-10,6,3,6,0,0,27.9,0,11,2,0.0,30,21,0
2024-06-11,7,3,6,1,0,27.6,0,30,7,0.0,23,0,0
2024-06-12,8,3,6,2,0,26.3,0,23,7,0.0,16,0,0
2024-06-13,9,3,6,3,0,27.7,0,16,1,0.0,15,0,0
2024-06-14,10,3,6,4,0,27.5,0,15,7,0.0,8,0,0
2024-06-15,11,3,6,5,1,28.7,0,8,6,0.0,2,0,0
2024-06-16,12,3,6,6,1,29.8,0,2,2,0.0,0,0,0
2024-06-17,13,3,6,0,0,27.8,0,0,1,0.0,31,32,0
2024-06-18,14,3,6,1,0,27.9,0,31,6,0.0,25,0,0
2024-06-19,15,3,6,2,0,24.7,0,25,5,0.0,20,0,0
2024-06-20,16,3,6,3,0,28.2,0,20,0,0.0,20,0,0
2024-06-21,17,3,6,4,0,27.4,0,20,5,0.0,15,0,0
2024-06-22,18,3,6,5,1,29.5,0,15,6,0.0,9,0,0
2024-06-23,19,3,6,6,1,31.1,0,9,5,0.0,4,0,0
2024-06-24,20,3,6,0,0,28.2,0,4,3,0.0,29,28,0
2024-06-25,21,3,6,1,0,28.6,0,29,7,0.0,22,0,0
2024-06-26,22,3,6,2,0,26.0,0,22,3,0.0,19,0,0
2024-06-27,23,3,6,3,0,27.2,0,19,2,0.0,17,0,0
2024-06-28,24,3,6,4,0,31.2,0,17,4,0.0,13,0,0
2024-06-29,25,3,6,5,1,27.8,0,13,5,0.0,8,0,0
2024-06-30,26,3,6,6,1,27.4,0,8,3,0.0,5,0,0
2024-07-01,27,3,6,0,0,29.5,0,5,1,0.0,31,27,0
2024-07-02,28,3,6,1,0,28.0,0,31,3,0.0,28,0,0
2024-07-03,29,3,6,2,0,27.3,0,28,1,0.0,27,0,0
2024-07-04,30,3,6,3,0,28.6,0,27,2,0.0,25,0,0
2024-07-05,31,3,6,4,0,27.6,0,25,5,0.0,20,0,0
2024-07-06,32,3,6,5,1,29.8,0,20,1,0.0,19,0,0
2024-07-07,33,3,6,6,1,27.0,0,19,3,0.0,16,0,0
2024-07-08,34,3,6,0,0,28.7,0,16,3,0.0,29,16,0
2024-07-09,35,3,6,1,0,31.4,0,29,4,0.0,25,0,0
2024-07-10,36,3,6,2,0,27.1,0,25,3,0.0,22,0,0
2024-07-11,37,3,6,3,0,25.1,0,22,6,0.0,16,0,0
2024-07-12,38,3,6,4,0,29.4,0,16,3,0.0,13,0,0
2024-07-13,39,3,6,5,1,29.4,0,13,6,0.0,7,0,0
2024-07-14,40,3,6,6,1,27.3,0,7,7,0.0,0,0,0
2024-07-15,41,3,6,0,0,28.4,0,0,2,0.0,30,32,0
2024-07-16,42,3,6,1,0,28.2,0,30,4,0.0,26,0,0
2024-07-17,43,3,6,2,0,26.0,0,26,7,0.0,19,0,0
2024-07-18,44,3,6,3,0,28.6,0,19,2,0.0,17,0,0
2024-06-04,0,3,7,1,0,29.9,0,9,0,0.0,9,0,0
2024-06-05,1,3,7,2,0,30.0,0,9,5,0.0,4,0,0
2024-06-06,2,3,7,3,0,27.6,0,4,0,0.0,4,0,0
2024-06-07,3,3,7,4,0,30.6,0,4,1,0.0,3,0,0
2024-06-08,4,3,7,5,1,28.7,0,3,0,0.0,3,0,0
2024-06-09,5,3,7,6,1,22.7,0,3,1,0.0,2,0,0
2024-06-10,6,3,7,0,0,27.9,0,2,1,0.0,8,7,0
2024-06-11,7,3,7,1,0,27.6,0,8,1,0.0,7,0,0
2024-06-12,8,3,7,2,0,26.3,0,7,1,0.0,6,0,0
2024-06-13,9,3,7,3,0,27.7,0,6,2,0.0,4,0,0
2024-06-14,10,3,7,4,0,27.5,0,4,1,0.0,3,0,0
2024-06-15,11,3,7,5,1,28.7,0,3,1,0.0,2,0,0
2024-06-16,12,3,7,6,1,29.8,0,2,0,0.0,2,0,0
2024-06-17,13,3,7,0,0,27.8,0,2,1,0.0,8,7,0
2024-06-18,14,3,7,1,0,27.9,0,8,2,0.0,6,0,0
2024-06-19,15,3,7,2,0,24.7,0,6,1,0.0,5,0,0
2024-06-20,16,3,7,3,0,28.2,0,5,1,0.0,4,0,0
2024-06-21,17,3,7,4,0,27.4,0,4,0,0.0,4,0,0
2024-06-22,18,3,7,5,1,29.5,0,4,0,0.0,4,0,0
2024-06-23,19,3,7,6,1,31.1,0,4,0,0.0,4,0,0
2024-06-24,20,3,7,0,0,28.2,0,4,0,0.0,9,5,0
2024-06-25,21,3,7,1,0,28.6,0,9,0,0.0,9,0,0
2024-06-26,22,3,7,2,0,26.0,0,9,2,0.0,7,0,0
2024-06-27,23,3,7,3,0,27.2,0,7,2,0.0,5,0,0
2024-06-28,24,3,7,4,0,31.2,0,5,0,0.0,5,0,0
2024-06-29,25,3,7,5,1,27.8,0,5,3,0.0,2,0,0
2024-06-30,26,3,7,6,1,27.4,0,2,2,0.0,0,0,0
2024-07-01,27,3,7,0,0,29.5,0,0,1,0.0,8,9,0
2024-07-02,28,3,7,1,0,28.0,0,8,0,0.0,8,0,0
2024-07-03,29,3,7,2,0,27.3,0,8,1,0.0,7,0,0
2024-07-04,30,3,7,3,0,28.6,0,7,1,0.0,6,0,0
2024-07-05,31,3,7,4,0,27.6,0,6,2,0.0,4,0,0
2024-07-06,32,3,7,5,1,29.8,0,4,1,0.0,3,0,0
2024-07-07,33,3,7,6,1,27.0,0,3,1,0.0,2,0,0
2024-07-08,34,3,7,0,0,28.7,0,2,1,0.0,8,7,0
2024-07-09,35,3,7,1,0,31.4,0,8,3,0.0,5,0,0
2024-07-10,36,3,7,2,0,27.1,0,5,2,0.0,3,0,0
2024-07-11,37,3,7,3,0,25.1,0,3,0,0.0,3,0,0
2024-07-12,38,3,7,4,0,29.4,0,3,1,0.0,2,0,0
2024-07-13,39,3,7,5,1,29.4,0,2,0,0.0,2,0,0
2024-07-14,40,3,7,6,1,27.3,0,2,1,0.0,1,0,0
2024-07-15,41,3,7,0,0,28.4,0,1,1,0.0,8,8,0
2024-07-16,42,3,7,1,0,28.2,0,8,1,0.0,7,0,0
2024-07-17,43,3,7,2,0,26.0,0,7,1,0.0,6,0,0
2024-07-18,44,3,7,3,0,28.6,0,6,2,0.0,4,0,0
2024-06-04,0,3,8,1,0,29.9,0,161,22,0.0,139,0,0
2024-06-05,1,3,8,2,0,30.0,0,139,19,0.0,120,0,0
2024-06-06,2,3,8,3,0,27.6,0,120,18,0.0,102,0,0
2024-06-07,3,3,8,4,0,30.6,0,102,29,0.0,73,0,0
2024-06-08,4,3,8,5,1,28.7,0,73,31,0.0,42,0,0
2024-06-09,5,3,8,6,1,22.7,0,42,21,0.0,21,0,0
2024-06-10,6,3,8,0,0,27.9,0,21,24,0.0,158,161,0
2024-06-11,7,3,8,1,0,27.6,0,158,23,0.0,135,0,0
2024-06-12,8,3,8,2,0,26.3,0,135,31,0.0,104,0,0
2024-06-13,9,3,8,3,0,27.7,0,104,28,0.0,76,0,0
2024-06-14,10,3,8,4,0,27.5,0,76,25,0.0,51,0,0
2024-06-15,11,3,8,5,1,28.7,0,51,23,0.0,28,0,0
2024-06-16,12,3,8,6,1,29.8,0,28,28,0.0,0,0,0
2024-06-17,13,3,8,0,0,27.8,0,0,19,0.0,163,182,0
2024-06-18,14,3,8,1,0,27.9,0,163,17,0.0,146,0,0
2024-06-19,15,3,8,2,0,24.7,0,146,30,0.0,116,0,0
2024-06-20,16,3,8,3,0,28.2,0,116,27,0.0,89,0,0
2024-06-21,17,3,8,4,0,27.4,0,89,20,0.0,69,0,0
2024-06-22,18,3,8,5,1,29.5,0,69,30,0.0,39,0,0
2024-06-23,19,3,8,6,1,31.1,0,39,26,0.0,13,0,0
2024-06-24,20,3,8,0,0,28.2,0,13,25,0.0,157,169,0
2024-06-25,21,3,8,1,0,28.6,0,157,25,0.0,132,0,0
2024-06-26,22,3,8,2,0,26.0,0,132,20,0.0,112,0,0
2024-06-27,23,3,8,3,0,27.2,0,112,29,0.0,83,0,0
2024-06-28,24,3,8,4,0,31.2,0,83,21,0.0,62,0,0
2024-06-29,25,3,8,5,1,27.8,0,62,27,0.0,35,0,0
2024-06-30,26,3,8,6,1,27.4,0,35,27,0.0,8,0,0
2024-07-01,27,3,8,0,0,29.5,0,8,18,0.0,164,174,0
2024-07-02,28,3,8,1,0,28.0,0,164,35,0.0,129,0,0
2024-07-03,29,3,8,2,0,27.3,0,129,26,0.0,103,0,0
2024-07-04,30,3,8,3,0,28.6,0,103,11,0.0,92,0,0
2024-07-05,31,3,8,4,0,27.6,0,92,25,0.0,67,0,0
2024-07-06,32,3,8,5,1,29.8,0,67,29,0.0,38,0,0
2024-07-07,33,3,8,6,1,27.0,0,38,27,0.0,11,0,0
2024-07-08,34,3,8,0,0,28.7,0,11,29,0.0,153,171,0
2024-07-09,35,3,8,1,0,31.4,0,153,20,0.0,133,0,0
2024-07-10,36,3,8,2,0,27.1,0,133,22,0.0,111,0,0
2024-07-11,37,3,8,3,0,25.1,0,111,23,0.0,88,0,0
2024-07-12,38,3,8,4,0,29.4,0,88,25,0.0,63,0,0
2024-07-13,39,3,8,5,1,29.4,0,63,31,0.0,32,0,0
2024-07-14,40,3,8,6,1,27.3,0,32,30,0.0,2,0,0
2024-07-15,41,3,8,0,0,28.4,0,2,15,0.0,167,180,0
2024-07-16,42,3,8,1,0,28.2,0,167,16,0.0,151,0,0
2024-07-17,43,3,8,2,0,26.0,0,151,19,0.0,132,0,0
2024-07-18,44,3,8,3,0,28.6,0,132,27,0.0,105,0,0
2024-06-04,0,3,9,1,0,29.9,0,11,15,0.0,11,15,0
2024-06-05,1,3,9,2,0,30.0,0,11,17,0.0,9,15,0
2024-06-06,2,3,9,3,0,27.6,0,9,17,0.0,9,17,0
2024-06-07,3,3,9,4,0,30.6,0,9,17,0.0,9,17,0
2024-06-08,4,3,9,5,1,28.7,0,9,16,0.0,10,17,0
2024-06-09,5,3,9,6,1,22.7,0,10,22,0.0,4,16,0
2024-06-10,6,3,9,0,0,27.9,0,4,16,0.0,10,22,0
2024-06-11,7,3,9,1,0,27.6,0,10,24,0.0,2,16,0
2024-06-12,8,3,9,2,0,26.3,0,2,22,0.0,4,24,0
2024-06-13,9,3,9,3,0,27.7,0,4,19,0.0,7,22,0
2024-06-14,10,3,9,4,0,27.5,0,7,11,0.0,15,19,0
2024-06-15,11,3,9,5,1,28.7,0,15,20,0.0,6,11,0
2024-06-16,12,3,9,6,1,29.8,0,6,15,0.0,11,20,0
2024-06-17,13,3,9,0,0,27.8,0,11,12,0.0,14,15,0
2024-06-18,14,3,9,1,0,27.9,0,14,22,0.0,4,12,0
2024-06-19,15,3,9,2,0,24.7,0,4,15,0.0,11,22,0
2024-06-20,16,3,9,3,0,28.2,0,11,13,0.0,13,15,0
2024-06-21,17,3,9,4,0,27.4,0,13,14,0.0,12,13,0
2024-06-22,18,3,9,5,1,29.5,0,12,22,0.0,4,14,0
2024-06-23,19,3,9,6,1,31.1,0,4,22,0.0,4,22,0
2024-06-24,20,3,9,0,0,28.2,0,4,24,0.0,2,22,0
2024-06-25,21,3,9,1,0,28.6,0,2,15,0.0,11,24,0
2024-06-26,22,3,9,2,0,26.0,0,11,17,0.0,9,15,0
2024-06-27,23,3,9,3,0,27.2,0,9,19,0.0,7,17,0
2024-06-28,24,3,9,4,0,31.2,0,7,18,0.0,8,19,0
2024-06-29,25,3,9,5,1,27.8,0,8,20,0.0,6,18,0
2024-06-30,26,3,9,6,1,27.4,0,6,17,0.0,9,20,0
2024-07-01,27,3,9,0,0,29.5,0,9,14,0.0,12,17,0
2024-07-02,28,3,9,1,0,28.0,0,12,21,0.0,5,14,0
2024-07-03,29,3,9,2,0,27.3,0,5,16,0.0,10,21,0
2024-07-04,30,3,9,3,0,28.6,0,10,25,0.0,1,16,0
2024-07-05,31,3,9,4,0,27.6,0,1,24,0.0,2,25,0
2024-07-06,32,3,9,5,1,29.8,0,2,8,0.0,18,24,0
2024-07-07,33,3,9,6,1,27.0,0,18,25,0.0,1,8,0
2024-07-08,34,3,9,0,0,28.7,0,1,7,0.0,19,25,0
2024-07-09,35,3,9,1,0,31.4,0,19,20,0.0,6,7,0
2024-07-10,36,3,9,2,0,27.1,0,6,15,0.0,11,20,0
2024-07-11,37,3,9,3,0,25.1,0,11,17,0.0,9,15,0
2024-07-12,38,3,9,4,0,29.4,0,9,12,0.0,14,17,0
2024-07-13,39,3,9,5,1,29.4,0,14,19,0.0,7,12,0
2024-07-14,40,3,9,6,1,27.3,0,7,12,0.0,14,19,0
2024-07-15,41,3,9,0,0,28.4,0,14,18,0.0,8,12,0
2024-07-16,42,3,9,1,0,28.2,0,8,26,0.0,0,18,0
2024-07-17,43,3,9,2,0,26.0,0,0,18,0.0,8,26,0
2024-07-18,44,3,9,3,0,28.6,0,8,23,0.0,3,18,0
2024-06-04,0,3,10,1,0,29.9,0,96,9,0.0,87,0,0
2024-06-05,1,3,10,2,0,30.0,0,87,21,0.0,66,0,0
2024-06-06,2,3,10,3,0,27.6,0,66,15,0.0,51,0,0
2024-06-07,3,3,10,4,0,30.6,0,51,12,0.0,39,0,0
2024-06-08,4,3,10,5,1,28.7,0,39,16,0.0,23,0,0
2024-06-09,5,3,10,6,1,22.7,0,23,16,0.0,7,0,0
2024-06-10,6,3,10,0,0,27.9,0,7,11,0.0,94,98,0
2024-06-11,7,3,10,1,0,27.6,0,94,9,0.0,85,0,0
2024-06-12,8,3,10,2,0,26.3,0,85,11,0.0,74,0,0
2024-06-13,9,3,10,3,0,27.7,0,74,14,0.0,60,0,0
2024-06-14,10,3,10,4,0,27.5,0,60,15,0.0,45,0,0
2024-06-15,11,3,10,5,1,28.7,0,45,17,0.0,28,0,0
2024-06-16,12,3,10,6,1,29.8,0,28,18,0.0,10,0,0
2024-06-17,13,3,10,0,0,27.8,0,10,15,0.0,90,95,0
2024-06-18,14,3,10,1,0,27.9,0,90,12,0.0,78,0,0
2024-06-19,15,3,10,2,0,24.7,0,78,17,0.0,61,0,0
2024-06-20,16,3,10,3,0,28.2,0,61,12,0.0,49,0,0
2024-06-21,17,3,10,4,0,27.4,0,49,13,0.0,36,0,0
2024-06-22,18,3,10,5,1,29.5,0,36,14,0.0,22,0,0
2024-06-23,19,3,10,6,1,31.1,0,22,15,0.0,7,0,0
2024-06-24,20,3,10,0,0,28.2,0,7,13,0.0,92,98,0
2024-06-25,21,3,10,1,0,28.6,0,92,15,0.0,77,0,0
2024-06-26,22,3,10,2,0,26.0,0,77,11,0.0,66,0,0
2024-06-27,23,3,10,3,0,27.2,0,66,9,0.0,57,0,0
2024-06-28,24,3,10,4,0,31.2,0,57,10,0.0,47,0,0
2024-06-29,25,3,10,5,1,27.8,0,47,12,0.0,35,0,0
2024-06-30,26,3,10,6,1,27.4,0,35,19,0.0,16,0,0
2024-07-01,27,3,10,0,0,29.5,0,16,15,0.0,90,89,0
2024-07-02,28,3,10,1,0,28.0,0,90,14,0.0,76,0,0
2024-07-03,29,3,10,2,0,27.3,0,76,18,0.0,58,0,0
2024-07-04,30,3,10,3,0,28.6,0,58,20,0.0,38,0,0
2024-07-05,31,3,10,4,0,27.6,0,38,10,0.0,28,0,0
2024-07-06,32,3,10,5,1,29.8,0,28,14,0.0,14,0,0
2024-07-07,33,3,10,6,1,27.0,0,14,14,0.0,0,0,0
2024-07-08,34,3,10,0,0,28.7,0,0,12,0.0,93,105,0
2024-07-09,35,3,10,1,0,31.4,0,93,19,0.0,74,0,0
2024-07-10,36,3,10,2,0,27.1,0,74,15,0.0,59,0,0
2024-07-11,37,3,10,3,0,25.1,0,59,12,0.0,47,0,0
2024-07-12,38,3,10,4,0,29.4,0,47,12,0.0,35,0,0
2024-07-13,39,3,10,5,1,29.4,0,35,15,0.0,20,0,0
2024-07-14,40,3,10,6,1,27.3,0,20,16,0.0,4,0,0
2024-07-15,41,3,10,0,0,28.4,0,4,12,0.0,93,101,0
2024-07-16,42,3,10,1,0,28.2,0,93,16,0.0,77,0,0
2024-07-17,43,3,10,2,0,26.0,0,77,10,0.0,67,0,0
2024-07-18,44,3,10,3,0,28.6,0,67,11,0.0,56,0,0
2024-06-04,0,3,11,1,0,29.9,0,100,16,0.0,84,0,0
2024-06-05,1,3,11,2,0,30.0,0,84,17,0.0,67,0,0
2024-06-06,2,3,11,3,0,27.6,0,67,10,0.0,57,0,0
2024-06-07,3,3,11,4,0,30.6,0,57,21,0.0,36,0,0
2024-06-08,4,3,11,5,1,28.7,0,36,9,0.0,27,0,0
2024-06-09,5,3,11,6,1,22.7,0,27,18,0.0,9,0,0
2024-06-10,6,3,11,0,0,27.9,0,9,15,0.0,96,102,0
2024-06-11,7,3,11,1,0,27.6,0,96,13,0.0,83,0,0
2024-06-12,8,3,11,2,0,26.3,0,83,12,0.0,71,0,0
2024-06-13,9,3,11,3,0,27.7,0,71,13,0.0,58,0,0
2024-06-14,10,3,11,4,0,27.5,0,58,17,0.0,41,0,0
2024-06-15,11,3,11,5,1,28.7,0,41,17,0.0,24,0,0
2024-06-16,12,3,11,6,1,29.8,0,24,20,0.0,4,0,0
2024-06-17,13,3,11,0,0,27.8,0,4,9,0.0,102,107,0
2024-06-18,14,3,11,1,0,27.9,0,102,9,0.0,93,0,0
2024-06-19,15,3,11,2,0,24.7,0,93,12,0.0,81,0,0
2024-06-20,16,3,11,3,0,28.2,0,81,15,0.0,66,0,0
2024-06-21,17,3,11,4,0,27.4,0,66,12,0.0,54,0,0
2024-06-22,18,3,11,5,1,29.5,0,54,16,0.0,38,0,0
2024-06-23,19,3,11,6,1,31.1,0,38,15,0.0,23,0,0
2024-06-24,20,3,11,0,0,28.2,0,23,9,0.0,102,88,0
2024-06-25,21,3,11,1,0,28.6,0,102,14,0.0,88,0,0
2024-06-26,22,3,11,2,0,26.0,0,88,13,0.0,75,0,0
2024-06-27,23,3,11,3,0,27.2,0,75,17,0.0,58,0,0
2024-06-28,24,3,11,4,0,31.2,0,58,14,0.0,44,0,0
2024-06-29,25,3,11,5,1,27.8,0,44,14,0.0,30,0,0
2024-06-30,26,3,11,6,1,27.4,0,30,16,0.0,14,0,0
2024-07-01,27,3,11,0,0,29.5,0,14,11,0.0,100,97,0
2024-07-02,28,3,11,1,0,28.0,0,100,14,0.0,86,0,0
2024-07-03,29,3,11,2,0,27.3,0,86,17,0.0,69,0,0
2024-07-04,30,3,11,3,0,28.6,0,69,13,0.0,56,0,0
2024-07-05,31,3,11,4,0,27.6,0,56,12,0.0,44,0,0
2024-07-06,32,3,11,5,1,29.8,0,44,13,0.0,31,0,0
2024-07-07,33,3,11,6,1,27.0,0,31,15,0.0,16,0,0
2024-07-08,34,3,11,0,0,28.7,0,16,16,0.0,95,95,0
2024-07-09,35,3,11,1,0,31.4,0,95,13,0.0,82,0,0
2024-07-10,36,3,11,2,0,27.1,0,82,16,0.0,66,0,0
2024-07-11,37,3,11,3,0,25.1,0,66,12,0.0,54,0,0
2024-07-12,38,3,11,4,0,29.4,0,54,17,0.0,37,0,0
2024-07-13,39,3,11,5,1,29.4,0,37,21,0.0,16,0,0
2024-07-14,40,3,11,6,1,27.3,0,16,16,0.0,0,0,0
2024-07-15,41,3,11,0,0,28.4,0,0,23,0.0,88,111,0
2024-07-16,42,3,11,1,0,28.2,0,88,8,0.0,80,0,0
2024-07-17,43,3,11,2,0,26.0,0,80,23,0.0,57,0,0
2024-07-18,44,3,11,3,0,28.6,0,57,8,0.0,49,0,0
2024-06-04,0,3,12,1,0,29.9,0,11,9,0.0,85,83,0
2024-06-05,1,3,12,2,0,30.0,0,85,13,0.0,72,0,0
2024-06-06,2,3,12,3,0,27.6,0,72,15,0.0,57,0,0
2024-06-07,3,3,12,4,0,30.6,0,57,14,0.0,43,0,0
2024-06-08,4,3,12,5,1,28.7,0,43,17,0.0,26,0,0
2024-06-09,5,3,12,6,1,22.7,0,26,15,0.0,79,68,0
2024-06-10,6,3,12,0,0,27.9,0,79,16,0.0,63,0,0
2024-06-11,7,3,12,1,0,27.6,0,63,16,0.0,47,0,0
2024-06-12,8,3,12,2,0,26.3,0,47,14,0.0,33,0,0
2024-06-13,9,3,12,3,0,27.7,0,33,18,0.0,15,0,0
2024-06-14,10,3,12,4,0,27.5,0,15,15,0.0,79,79,0
2024-06-15,11,3,12,5,1,28.7,0,79,15,0.0,64,0,0
2024-06-16,12,3,12,6,1,29.8,0,64,14,0.0,50,0,0
2024-06-17,13,3,12,0,0,27.8,0,50,12,0.0,38,0,0
2024-06-18,14,3,12,1,0,27.9,0,38,15,0.0,23,0,0
2024-06-19,15,3,12,2,0,24.7,0,23,17,0.0,77,71,0
2024-06-20,16,3,12,3,0,28.2,0,77,16,0.0,61,0,0
2024-06-21,17,3,12,4,0,27.4,0,61,6,0.0,55,0,0
2024-06-22,18,3,12,5,1,29.5,0,55,18,0.0,37,0,0
2024-06-23,19,3,12,6,1,31.1,0,37,13,0.0,24,0,0
2024-06-24,20,3,12,0,0,28.2,0,24,18,0.0,76,70,0
2024-06-25,21,3,12,1,0,28.6,0,76,25,0.0,51,0,0
2024-06-26,22,3,12,2,0,26.0,0,51,13,0.0,38,0,0
2024-06-27,23,3,12,3,0,27.2,0,38,19,0.0,19,0,0
2024-06-28,24,3,12,4,0,31.2,0,19,19,0.0,0,0,0
2024-06-29,25,3,12,5,1,27.8,0,0,9,0.0,85,94,0
2024-06-30,26,3,12,6,1,27.4,0,85,17,0.0,68,0,0
2024-07-01,27,3,12,0,0,29.5,0,68,13,0.0,55,0,0
2024-07-02,28,3,12,1,0,28.0,0,55,10,0.0,45,0,0
2024-07-03,29,3,12,2,0,27.3,0,45,16,0.0,29,0,0
2024-07-04,30,3,12,3,0,28.6,0,29,18,0.0,76,65,0
2024-07-05,31,3,12,4,0,27.6,0,76,13,0.0,63,0,0
2024-07-06,32,3,12,5,1,29.8,0,63,13,0.0,50,0,0
2024-07-07,33,3,12,6,1,27.0,0,50,15,0.0,35,0,0
2024-07-08,34,3,12,0,0,28.7,0,35,18,0.0,17,0,0
2024-07-09,35,3,12,1,0,31.4,0,17,20,0.0,74,77,0
2024-07-10,36,3,12,2,0,27.1,0,74,23,0.0,51,0,0
2024-07-11,37,3,12,3,0,25.1,0,51,14,0.0,37,0,0
2024-07-12,38,3,12,4,0,29.4,0,37,16,0.0,21,0,0
2024-07-13,39,3,12,5,1,29.4,0,21,15,0.0,6,0,0
2024-07-14,40,3,12,6,1,27.3,0,6,17,0.0,77,88,0
2024-07-15,41,3,12,0,0,28.4,0,77,13,0.0,64,0,0
2024-07-16,42,3,12,1,0,28.2,0,64,21,0.0,43,0,0
2024-07-17,43,3,12,2,0,26.0,0,43,14,0.0,29,0,0
2024-07-18,44,3,12,3,0,28.6,0,29,11,0.0,18,0,0
2024-06-04,0,4,1,1,0,29.9,0,150,31,0.0,119,0,0
2024-06-05,1,4,1,2,0,30.0,0,119,21,0.0,98,0,0
2024-06-06,2,4,1,3,0,27.6,0,98,21,0.0,77,0,0
2024-06-07,3,4,1,4,0,30.6,0,77,27,0.0,50,0,0
2024-06-08,4,4,1,5,1,28.7,0,50,19,0.0,31,0,0
2024-06-09,5,4,1,6,1,22.7,0,31,15,0.0,16,0,0
2024-06-10,6,4,1,0,0,27.9,0,16,19,0.0,157,160,0
2024-06-11,7,4,1,1,0,27.6,0,157,20,0.0,137,0,0
2024-06-12,8,4,1,2,0,26.3,0,137,27,0.0,110,0,0
2024-06-13,9,4,1,3,0,27.7,0,110,21,0.0,89,0,0
2024-06-14,10,4,1,4,0,27.5,0,89,17,0.0,72,0,0
2024-06-15,11,4,1,5,1,28.7,0,72,24,0.0,48,0,0
2024-06-16,12,4,1,6,1,29.8,0,48,30,0.0,18,0,0
2024-06-17,13,4,1,0,0,27.8,0,18,18,0.0,158,158,0
2024-06-18,14,4,1,1,0,27.9,0,158,28,0.0,130,0,0
2024-06-19,15,4,1,2,0,24.7,0,130,19,0.0,111,0,0
2024-06-20,16,4,1,3,0,28.2,0,111,29,0.0,82,0,0
2024-06-21,17,4,1,4,0,27.4,0,82,16,0.0,66,0,0
2024-06-22,18,4,1,5,1,29.5,0,66,29,0.0,37,0,0
2024-06-23,19,4,1,6,1,31.1,0,37,27,0.0,10,0,0
2024-06-24,20,4,1,0,0,28.2,0,10,19,0.0,157,166,0
2024-06-25,21,4,1,1,0,28.6,0,157,20,0.0,137,0,0
2024-06-26,22,4,1,2,0,26.0,0,137,23,0.0,114,0,0
2024-06-27,23,4,1,3,0,27.2,0,114,21,0.0,93,0,0
2024-06-28,24,4,1,4,0,31.2,0,93,29,0.0,64,0,0
2024-06-29,25,4,1,5,1,27.8,0,64,18,0.0,46,0,0
2024-06-30,26,4,1,6,1,27.4,0,46,33,0.0,13,0,0
2024-07-01,27,4,1,0,0,29.5,0,13,20,0.0,156,163,0
2024-07-02,28,4,1,1,0,28.0,0,156,22,0.0,134,0,0
2024-07-03,29,4,1,2,0,27.3,0,134,26,0.0,108,0,0
2024-07-04,30,4,1,3,0,28.6,0,108,22,0.0,86,0,0
2024-07-05,31,4,1,4,0,27.6,0,86,27,0.0,59,0,0
2024-07-06,32,4,1,5,1,29.8,0,59,36,0.0,23,0,0
2024-07-07,33,4,1,6,1,27.0,0,23,23,0.0,0,0,0
2024-07-08,34,4,1,0,0,28.7,0,0,22,0.0,154,176,0
2024-07-09,35,4,1,1,0,31.4,0,154,23,0.0,131,0,0
2024-07-10,36,4,1,2,0,27.1,0,131,22,0.0,109,0,0
2024-07-11,37,4,1,3,0,25.1,0,109,20,0.0,89,0,0
2024-07-12,38,4,1,4,0,29.4,0,89,21,0.0,68,0,0
2024-07-13,39,4,1,5,1,29.4,0,68,22,0.0,46,0,0
2024-07-14,40,4,1,6,1,27.3,0,46,26,0.0,20,0,0
2024-07-15,41,4,1,0,0,28.4,0,20,20,0.0,156,156,0
2024-07-16,42,4,1,1,0,28.2,0,156,25,0.0,131,0,0
2024-07-17,43,4,1,2,0,26.0,0,131,20,0.0,111,0,0
2024-07-18,44,4,1,3,0,28.6,0,111,30,0.0,81,0,0
2024-06-04,0,4,2,1,0,29.9,0,20,35,0.0,6,21,0
2024-06-05,1,4,2,2,0,30.0,0,6,16,0.0,25,35,0
2024-06-06,2,4,2,3,0,27.6,0,25,26,0.0,15,16,0
2024-06-07,3,4,2,4,0,30.6,0,15,26,0.0,15,26,0
2024-06-08,4,4,2,5,1,28.7,0,15,28,0.0,13,26,0
2024-06-09,5,4,2,6,1,22.7,0,13,19,0.0,22,28,0
2024-06-10,6,4,2,0,0,27.9,0,22,14,0.0,27,19,0
2024-06-11,7,4,2,1,0,27.6,0,27,25,0.0,16,14,0
2024-06-12,8,4,2,2,0,26.3,0,16,31,0.0,10,25,0
2024-06-13,9,4,2,3,0,27.7,0,10,29,0.0,12,31,0
2024-06-14,10,4,2,4,0,27.5,0,12,20,0.0,21,29,0
2024-06-15,11,4,2,5,1,28.7,0,21,41,0.0,0,20,0
2024-06-16,12,4,2,6,1,29.8,0,0,30,0.0,11,41,0
2024-06-17,13,4,2,0,0,27.8,0,11,32,0.0,9,30,0
2024-06-18,14,4,2,1,0,27.9,0,9,22,0.0,19,32,0
2024-06-19,15,4,2,2,0,24.7,0,19,19,0.0,22,22,0
2024-06-20,16,4,2,3,0,28.2,0,22,23,0.0,18,19,0
2024-06-21,17,4,2,4,0,27.4,0,18,25,0.0,16,23,0
2024-06-22,18,4,2,5,1,29.5,0,16,29,0.0,12,25,0
2024-06-23,19,4,2,6,1,31.1,0,12,23,0.0,18,29,0
2024-06-24,20,4,2,0,0,28.2,0,18,22,0.0,19,23,0
2024-06-25,21,4,2,1,0,28.6,0,19,27,0.0,14,22,0
2024-06-26,22,4,2,2,0,26.0,0,14,29,0.0,12,27,0
2024-06-27,23,4,2,3,0,27.2,0,12,24,0.0,17,29,0
2024-06-28,24,4,2,4,0,31.2,0,17,25,0.0,16,24,0
2024-06-29,25,4,2,5,1,27.8,0,16,19,0.0,22,25,0
2024-06-30,26,4,2,6,1,27.4,0,22,33,0.0,8,19,0
2024-07-01,27,4,2,0,0,29.5,0,8,19,0.0,22,33,0
2024-07-02,28,4,2,1,0,28.0,0,22,26,0.0,15,19,0
2024-07-03,29,4,2,2,0,27.3,0,15,18,0.0,23,26,0
2024-07-04,30,4,2,3,0,28.6,0,23,18,0.0,23,18,0
2024-07-05,31,4,2,4,0,27.6,0,23,25,0.0,16,18,0
2024-07-06,32,4,2,5,1,29.8,0,16,26,0.0,15,25,0
2024-07-07,33,4,2,6,1,27.0,0,15,22,0.0,19,26,0
2024-07-08,34,4,2,0,0,28.7,0,19,16,0.0,25,22,0
2024-07-09,35,4,2,1,0,31.4,0,25,32,0.0,9,16,0
2024-07-10,36,4,2,2,0,27.1,0,9,28,0.0,13,32,0
2024-07-11,37,4,2,3,0,25.1,0,13,21,0.0,20,28,0
2024-07-12,38,4,2,4,0,29.4,0,20,25,0.0,16,21,0
2024-07-13,39,4,2,5,1,29.4,0,16,23,0.0,18,25,0
2024-07-14,40,4,2,6,1,27.3,0,18,28,0.0,13,23,0
2024-07-15,41,4,2,0,0,28.4,0,13,26,0.0,15,28,0
2024-07-16,42,4,2,1,0,28.2,0,15,23,0.0,18,26,0
2024-07-17,43,4,2,2,0,26.0,0,18,16,0.0,25,23,0
2024-07-18,44,4,2,3,0,28.6,0,25,16,0.0,25,16,0
2024-06-04,0,4,3,1,0,29.9,0,147,23,0.0,124,0,0
2024-06-05,1,4,3,2,0,30.0,0,124,15,0.0,109,0,0
2024-06-06,2,4,3,3,0,27.6,0,109,26,0.0,83,0,0
2024-06-07,3,4,3,4,0,30.6,0,83,22,0.0,61,0,0
2024-06-08,4,4,3,5,1,28.7,0,61,19,0.0,42,0,0
2024-06-09,5,4,3,6,1,22.7,0,42,20,0.0,22,0,0
2024-06-10,6,4,3,0,0,27.9,0,22,21,0.0,149,148,0
2024-06-11,7,4,3,1,0,27.6,0,149,23,0.0,126,0,0
2024-06-12,8,4,3,2,0,26.3,0,126,20,0.0,106,0,0
2024-06-13,9,4,3,3,0,27.7,0,106,23,0.0,83,0,0
2024-06-14,10,4,3,4,0,27.5,0,83,14,0.0,69,0,0
2024-06-15,11,4,3,5,1,28.7,0,69,27,0.0,42,0,0
2024-06-16,12,4,3,6,1,29.8,0,42,42,0.0,0,0,0
2024-06-17,13,4,3,0,0,27.8,0,0,26,0.0,144,170,0
2024-06-18,14,4,3,1,0,27.9,0,144,19,0.0,125,0,0
2024-06-19,15,4,3,2,0,24.7,0,125,17,0.0,108,0,0
2024-06-20,16,4,3,3,0,28.2,0,108,19,0.0,89,0,0
2024-06-21,17,4,3,4,0,27.4,0,89,13,0.0,76,0,0
2024-06-22,18,4,3,5,1,29.5,0,76,32,0.0,44,0,0
2024-06-23,19,4,3,6,1,31.1,0,44,26,0.0,18,0,0
2024-06-24,20,4,3,0,0,28.2,0,18,16,0.0,154,152,0
2024-06-25,21,4,3,1,0,28.6,0,154,21,0.0,133,0,0
2024-06-26,22,4,3,2,0,26.0,0,133,24,0.0,109,0,0
2024-06-27,23,4,3,3,0,27.2,0,109,22,0.0,87,0,0
2024-06-28,24,4,3,4,0,31.2,0,87,24,0.0,63,0,0
2024-06-29,25,4,3,5,1,27.8,0,63,29,0.0,34,0,0
2024-06-30,26,4,3,6,1,27.4,0,34,27,0.0,7,0,0
2024-07-01,27,4,3,0,0,29.5,0,7,21,0.0,149,163,0
2024-07-02,28,4,3,1,0,28.0,0,149,24,0.0,125,0,0
2024-07-03,29,4,3,2,0,27.3,0,125,25,0.0,100,0,0
2024-07-04,30,4,3,3,0,28.6,0,100,25,0.0,75,0,0
2024-07-05,31,4,3,4,0,27.6,0,75,18,0.0,57,0,0
2024-07-06,32,4,3,5,1,29.8,0,57,29,0.0,28,0,0
2024-07-07,33,4,3,6,1,27.0,0,28,25,0.0,3,0,0
2024-07-08,34,4,3,0,0,28.7,0,3,20,0.0,150,167,0
2024-07-09,35,4,3,1,0,31.4,0,150,25,0.0,125,0,0
2024-07-10,36,4,3,2,0,27.1,0,125,18,0.0,107,0,0
2024-07-11,37,4,3,3,0,25.1,0,107,17,0.0,90,0,0
2024-07-12,38,4,3,4,0,29.4,0,90,24,0.0,66,0,0
2024-07-13,39,4,3,5,1,29.4,0,66,16,0.0,50,0,0
2024-07-14,40,4,3,6,1,27.3,0,50,18,0.0,32,0,0
2024-07-15,41,4,3,0,0,28.4,0,32,14,0.0,156,138,0
2024-07-16,42,4,3,1,0,28.2,0,156,23,0.0,133,0,0
2024-07-17,43,4,3,2,0,26.0,0,133,10,0.0,123,0,0
2024-07-18,44,4,3,3,0,28.6,0,123,23,0.0,100,0,0
2024-06-04,0,4,4,1,0,29.9,0,93,15,0.0,78,0,0
2024-06-05,1,4,4,2,0,30.0,0,78,14,0.0,64,0,0
2024-06-06,2,4,4,3,0,27.6,0,64,11,0.0,53,0,0
2024-06-07,3,4,4,4,0,30.6,0,53,8,0.0,45,0,0
2024-06-08,4,4,4,5,1,28.7,0,45,12,0.0,33,0,0
2024-06-09,5,4,4,6,1,22.7,0,33,19,0.0,14,0,0
2024-06-10,6,4,4,0,0,27.9,0,14,12,0.0,96,94,0
2024-06-11,7,4,4,1,0,27.6,0,96,18,0.0,78,0,0
2024-06-12,8,4,4,2,0,26.3,0,78,9,0.0,69,0,0
2024-06-13,9,4,4,3,0,27.7,0,69,20,0.0,49,0,0
2024-06-14,10,4,4,4,0,27.5,0,49,16,0.0,33,0,0
2024-06-15,11,4,4,5,1,28.7,0,33,16,0.0,17,0,0
2024-06-16,12,4,4,6,1,29.8,0,17,17,0.0,0,0,0
2024-06-17,13,4,4,0,0,27.8,0,0,6,0.0,102,108,0
2024-06-18,14,4,4,1,0,27.9,0,102,17,0.0,85,0,0
2024-06-19,15,4,4,2,0,24.7,0,85,8,0.0,77,0,0
2024-06-20,16,4,4,3,0,28.2,0,77,14,0.0,63,0,0
2024-06-21,17,4,4,4,0,27.4,0,63,17,0.0,46,0,0
2024-06-22,18,4,4,5,1,29.5,0,46,19,0.0,27,0,0
2024-06-23,19,4,4,6,1,31.1,0,27,9,0.0,18,0,0
2024-06-24,20,4,4,0,0,28.2,0,18,22,0.0,86,90,0
2024-06-25,21,4,4,1,0,28.6,0,86,13,0.0,73,0,0
2024-06-26,22,4,4,2,0,26.0,0,73,8,0.0,65,0,0
2024-06-27,23,4,4,3,0,27.2,0,65,12,0.0,53,0,0
2024-06-28,24,4,4,4,0,31.2,0,53,7,0.0,46,0,0
2024-06-29,25,4,4,5,1,27.8,0,46,9,0.0,37,0,0
2024-06-30,26,4,4,6,1,27.4,0,37,8,0.0,29,0,0
2024-07-01,27,4,4,0,0,29.5,0,29,13,0.0,95,79,0
2024-07-02,28,4,4,1,0,28.0,0,95,13,0.0,82,0,0
2024-07-03,29,4,4,2,0,27.3,0,82,18,0.0,64,0,0
2024-07-04,30,4,4,3,0,28.6,0,64,9,0.0,55,0,0
2024-07-05,31,4,4,4,0,27.6,0,55,14,0.0,41,0,0
2024-07-06,32,4,4,5,1,29.8,0,41,18,0.0,23,0,0
2024-07-07,33,4,4,6,1,27.0,0,23,21,0.0,2,0,0
2024-07-08,34,4,4,0,0,28.7,0,2,15,0.0,93,106,0
2024-07-09,35,4,4,1,0,31.4,0,93,18,0.0,75,0,0
2024-07-10,36,4,4,2,0,27.1,0,75,9,0.0,66,0,0
2024-07-11,37,4,4,3,0,25.1,0,66,16,0.0,50,0,0
2024-07-12,38,4,4,4,0,29.4,0,50,14,0.0,36,0,0
2024-07-13,39,4,4,5,1,29.4,0,36,8,0.0,28,0,0
2024-07-14,40,4,4,6,1,27.3,0,28,11,0.0,17,0,0
2024-07-15,41,4,4,0,0,28.4,0,17,12,0.0,96,91,0
2024-07-16,42,4,4,1,0,28.2,0,96,16,0.0,80,0,0
2024-07-17,43,4,4,2,0,26.0,0,80,13,0.0,67,0,0
2024-07-18,44,4,4,3,0,28.6,0,67,13,0.0,54,0,0
2024-06-04,0,4,5,1,0,29.9,0,58,9,0.0,49,0,0
2024-06-05,1,4,5,2,0,30.0,0,49,10,0.0,39,0,0
2024-06-06,2,4,5,3,0,27.6,0,39,7,0.0,32,0,0
2024-06-07,3,4,5,4,0,30.6,0,32,15,0.0,17,0,0
2024-06-08,4,4,5,5,1,28.7,0,17,11,0.0,6,0,0
2024-06-09,5,4,5,6,1,22.7,0,6,6,0.0,0,0,0
2024-06-10,6,4,5,0,0,27.9,0,0,11,0.0,58,69,0
2024-06-11,7,4,5,1,0,27.6,0,58,3,0.0,55,0,0
2024-06-12,8,4,5,2,0,26.3,0,55,7,0.0,48,0,0
2024-06-13,9,4,5,3,0,27.7,0,48,7,0.0,41,0,0
2024-06-14,10,4,5,4,0,27.5,0,41,17,0.0,24,0,0
2024-06-15,11,4,5,5,1,28.7,0,24,4,0.0,20,0,0
2024-06-16,12,4,5,6,1,29.8,0,20,8,0.0,12,0,0
2024-06-17,13,4,5,0,0,27.8,0,12,7,0.0,62,57,0
2024-06-18,14,4,5,1,0,27.9,0,62,9,0.0,53,0,0
2024-06-19,15,4,5,2,0,24.7,0,53,6,0.0,47,0,0
2024-06-20,16,4,5,3,0,28.2,0,47,10,0.0,37,0,0
2024-06-21,17,4,5,4,0,27.4,0,37,4,0.0,33,0,0
2024-06-22,18,4,5,5,1,29.5,0,33,16,0.0,17,0,0
2024-06-23,19,4,5,6,1,31.1,0,17,10,0.0,7,0,0
2024-06-24,20,4,5,0,0,28.2,0,7,7,0.0,62,62,0
2024-06-25,21,4,5,1,0,28.6,0,62,10,0.0,52,0,0
2024-06-26,22,4,5,2,0,26.0,0,52,4,0.0,48,0,0
2024-06-27,23,4,5,3,0,27.2,0,48,10,0.0,38,0,0
2024-06-28,24,4,5,4,0,31.2,0,38,8,0.0,30,0,0
2024-06-29,25,4,5,5,1,27.8,0,30,11,0.0,19,0,0
2024-06-30,26,4,5,6,1,27.4,0,19,8,0.0,11,0,0
2024-07-01,27,4,5,0,0,29.5,0,11,7,0.0,62,58,0
2024-07-02,28,4,5,1,0,28.0,0,62,7,0.0,55,0,0
2024-07-03,29,4,5,2,0,27.3,0,55,8,0.0,47,0,0
2024-07-04,30,4,5,3,0,28.6,0,47,11,0.0,36,0,0
2024-07-05,31,4,5,4,0,27.6,0,36,13,0.0,23,0,0
2024-07-06,32,4,5,5,1,29.8,0,23,8,0.0,15,0,0
2024-07-07,33,4,5,6,1,27.0,0,15,6,0.0,9,0,0
2024-07-08,34,4,5,0,0,28.7,0,9,6,0.0,63,60,0
2024-07-09,35,4,5,1,0,31.4,0,63,11,0.0,52,0,0
2024-07-10,36,4,5,2,0,27.1,0,52,7,0.0,45,0,0
2024-07-11,37,4,5,3,0,25.1,0,45,4,0.0,41,0,0
2024-07-12,38,4,5,4,0,29.4,0,41,3,0.0,38,0,0
2024-07-13,39,4,5,5,1,29.4,0,38,10,0.0,28,0,0
2024-07-14,40,4,5,6,1,27.3,0,28,11,0.0,17,0,0
2024-07-15,41,4,5,0,0,28.4,0,17,2,0.0,67,52,0
2024-07-16,42,4,5,1,0,28.2,0,67,9,0.0,58,0,0
2024-07-17,43,4,5,2,0,26.0,0,58,13,0.0,45,0,0
2024-07-18,44,4,5,3,0,28.6,0,45,3,0.0,42,0,0
2024-06-04,0,4,6,1,0,29.9,0,55,11,0.0,44,0,0
2024-06-05,1,4,6,2,0,30.0,0,44,11,0.0,33,0,0
2024-06-06,2,4,6,3,0,27.6,0,33,10,0.0,23,0,0
2024-06-07,3,4,6,4,0,30.6,0,23,5,0.0,18,0,0
2024-06-08,4,4,6,5,1,28.7,0,18,7,0.0,11,0,0
2024-06-09,5,4,6,6,1,22.7,0,11,11,0.0,0,0,0
2024-06-10,6,4,6,0,0,27.9,0,0,10,0.0,52,62,0
2024-06-11,7,4,6,1,0,27.6,0,52,4,0.0,48,0,0
2024-06-12,8,4,6,2,0,26.3,0,48,5,0.0,43,0,0
2024-06-13,9,4,6,3,0,27.7,0,43,9,0.0,34,0,0
2024-06-14,10,4,6,4,0,27.5,0,34,9,0.0,25,0,0
2024-06-15,11,4,6,5,1,28.7,0,25,9,0.0,16,0,0
2024-06-16,12,4,6,6,1,29.8,0,16,9,0.0,7,0,0
2024-06-17,13,4,6,0,0,27.8,0,7,9,0.0,53,55,0
2024-06-18,14,4,6,1,0,27.9,0,53,10,0.0,43,0,0
2024-06-19,15,4,6,2,0,24.7,0,43,6,0.0,37,0,0
2024-06-20,16,4,6,3,0,28.2,0,37,4,0.0,33,0,0
2024-06-21,17,4,6,4,0,27.4,0,33,2,0.0,31,0,0
2024-06-22,18,4,6,5,1,29.5,0,31,9,0.0,22,0,0
2024-06-23,19,4,6,6,1,31.1,0,22,9,0.0,13,0,0
2024-06-24,20,4,6,0,0,28.2,0,13,10,0.0,52,49,0
2024-06-25,21,4,6,1,0,28.6,0,52,12,0.0,40,0,0
2024-06-26,22,4,6,2,0,26.0,0,40,4,0.0,36,0,0
2024-06-27,23,4,6,3,0,27.2,0,36,7,0.0,29,0,0
2024-06-28,24,4,6,4,0,31.2,0,29,4,0.0,25,0,0
2024-06-29,25,4,6,5,1,27.8,0,25,9,0.0,16,0,0
2024-06-30,26,4,6,6,1,27.4,0,16,7,0.0,9,0,0
2024-07-01,27,4,6,0,0,29.5,0,9,6,0.0,56,53,0
2024-07-02,28,4,6,1,0,28.0,0,56,8,0.0,48,0,0
2024-07-03,29,4,6,2,0,27.3,0,48,3,0.0,45,0,0
2024-07-04,30,4,6,3,0,28.6,0,45,6,0.0,39,0,0
2024-07-05,31,4,6,4,0,27.6,0,39,5,0.0,34,0,0
2024-07-06,32,4,6,5,1,29.8,0,34,10,0.0,24,0,0
2024-07-07,33,4,6,6,1,27.0,0,24,6,0.0,18,0,0
2024-07-08,34,4,6,0,0,28.7,0,18,7,0.0,55,44,0
2024-07-09,35,4,6,1,0,31.4,0,55,7,0.0,48,0,0
2024-07-10,36,4,6,2,0,27.1,0,48,5,0.0,43,0,0
2024-07-11,37,4,6,3,0,25.1,0,43,8,0.0,35,0,0
2024-07-12,38,4,6,4,0,29.4,0,35,14,0.0,21,0,0
2024-07-13,39,4,6,5,1,29.4,0,21,9,0.0,12,0,0
2024-07-14,40,4,6,6,1,27.3,0,12,11,0.0,1,0,0
2024-07-15,41,4,6,0,0,28.4,0,1,7,0.0,55,61,0
2024-07-16,42,4,6,1,0,28.2,0,55,8,0.0,47,0,0
2024-07-17,43,4,6,2,0,26.0,0,47,9,0.0,38,0,0
2024-07-18,44,4,6,3,0,28.6,0,38,10,0.0,28,0,0
2024-06-04,0,4,7,1,0,29.9,0,31,4,0.0,27,0,0
2024-06-05,1,4,7,2,0,30.0,0,27,5,0.0,22,0,0
2024-06-06,2,4,7,3,0,27.6,0,22,7,0.0,15,0,0
2024-06-07,3,4,7,4,0,30.6,0,15,4,0.0,11,0,0
2024-06-08,4,4,7,5,1,28.7,0,11,3,0.0,8,0,0
2024-06-09,5,4,7,6,1,22.7,0,8,4,0.0,4,0,0
2024-06-10,6,4,7,0,0,27.9,0,4,5,0.0,33,34,0
2024-06-11,7,4,7,1,0,27.6,0,33,2,0.0,31,0,0
2024-06-12,8,4,7,2,0,26.3,0,31,10,0.0,21,0,0
2024-06-13,9,4,7,3,0,27.7,0,21,5,0.0,16,0,0
2024-06-14,10,4,7,4,0,27.5,0,16,2,0.0,14,0,0
2024-06-15,11,4,7,5,1,28.7,0,14,0,0.0,14,0,0
2024-06-16,12,4,7,6,1,29.8,0,14,6,0.0,8,0,0
2024-06-17,13,4,7,0,0,27.8,0,8,5,0.0,33,30,0
2024-06-18,14,4,7,1,0,27.9,0,33,4,0.0,29,0,0
2024-06-19,15,4,7,2,0,24.7,0,29,3,0.0,26,0,0
2024-06-20,16,4,7,3,0,28.2,0,26,6,0.0,20,0,0
2024-06-21,17,4,7,4,0,27.4,0,20,6,0.0,14,0,0
2024-06-22,18,4,7,5,1,29.5,0,14,11,0.0,3,0,0
2024-06-23,19,4,7,6,1,31.1,0,3,2,0.0,1,0,0
2024-06-24,20,4,7,0,0,28.2,0,1,6,0.0,32,37,0
2024-06-25,21,4,7,1,0,28.6,0,32,2,0.0,30,0,0
2024-06-26,22,4,7,2,0,26.0,0,30,1,0.0,29,0,0
2024-06-27,23,4,7,3,0,27.2,0,29,5,0.0,24,0,0
2024-06-28,24,4,7,4,0,31.2,0,24,4,0.0,20,0,0
2024-06-29,25,4,7,5,1,27.8,0,20,14,0.0,6,0,0
2024-06-30,26,4,7,6,1,27.4,0,6,6,0.0,0,0,0
2024-07-01,27,4,7,0,0,29.5,0,0,4,0.0,34,38,0
2024-07-02,28,4,7,1,0,28.0,0,34,5,0.0,29,0,0
2024-07-03,29,4,7,2,0,27.3,0,29,5,0.0,24,0,0
2024-07-04,30,4,7,3,0,28.6,0,24,7,0.0,17,0,0
2024-07-05,31,4,7,4,0,27.6,0,17,1,0.0,16,0,0
2024-07-06,32,4,7,5,1,29.8,0,16,6,0.0,10,0,0
2024-07-07,33,4,7,6,1,27.0,0,10,9,0.0,1,0,0
2024-07-08,34,4,7,0,0,28.7,0,1,5,0.0,33,37,0
2024-07-09,35,4,7,1,0,31.4,0,33,1,0.0,32,0,0
2024-07-10,36,4,7,2,0,27.1,0,32,3,0.0,29,0,0
2024-07-11,37,4,7,3,0,25.1,0,29,6,0.0,23,0,0
2024-07-12,38,4,7,4,0,29.4,0,23,3,0.0,20,0,0
2024-07-13,39,4,7,5,1,29.4,0,20,5,0.0,15,0,0
2024-07-14,40,4,7,6,1,27.3,0,15,2,0.0,13,0,0
2024-07-15,41,4,7,0,0,28.4,0,13,8,0.0,30,25,0
2024-07-16,42,4,7,1,0,28.2,0,30,4,0.0,26,0,0
2024-07-17,43,4,7,2,0,26.0,0,26,5,0.0,21,0,0
2024-07-18,44,4,7,3,0,28.6,0,21,0,0.0,21,0,0
2024-06-04,0,4,8,1,0,29.9,0,281,43,0.0,238,0,0
2024-06-05,1,4,8,2,0,30.0,0,238,43,0.0,195,0,0
2024-06-06,2,4,8,3,0,27.6,0,195,41,0.0,154,0,0
2024-06-07,3,4,8,4,0,30.6,0,154,47,0.0,107,0,0
2024-06-08,4,4,8,5,1,28.7,0,107,51,0.0,56,0,0
2024-06-09,5,4,8,6,1,22.7,0,56,39,0.0,17,0,0
2024-06-10,6,4,8,0,0,27.9,0,17,31,0.0,295,309,0
2024-06-11,7,4,8,1,0,27.6,0,295,46,0.0,249,0,0
2024-06-12,8,4,8,2,0,26.3,0,249,38,0.0,211,0,0
2024-06-13,9,4,8,3,0,27.7,0,211,34,0.0,177,0,0
2024-06-14,10,4,8,4,0,27.5,0,177,36,0.0,141,0,0
2024-06-15,11,4,8,5,1,28.7,0,141,42,0.0,99,0,0
2024-06-16,12,4,8,6,1,29.8,0,99,49,0.0,50,0,0
2024-06-17,13,4,8,0,0,27.8,0,50,46,0.0,280,276,0
2024-06-18,14,4,8,1,0,27.9,0,280,48,0.0,232,0,0
2024-06-19,15,4,8,2,0,24.7,0,232,63,0.0,169,0,0
2024-06-20,16,4,8,3,0,28.2,0,169,33,0.0,136,0,0
2024-06-21,17,4,8,4,0,27.4,0,136,35,0.0,101,0,0
2024-06-22,18,4,8,5,1,29.5,0,101,48,0.0,53,0,0
2024-06-23,19,4,8,6,1,31.1,0,53,47,0.0,6,0,0
2024-06-24,20,4,8,0,0,28.2,0,6,38,0.0,288,320,0
2024-06-25,21,4,8,1,0,28.6,0,288,52,0.0,236,0,0
2024-06-26,22,4,8,2,0,26.0,0,236,45,0.0,191,0,0
2024-06-27,23,4,8,3,0,27.2,0,191,44,0.0,147,0,0
2024-06-28,24,4,8,4,0,31.2,0,147,46,0.0,101,0,0
2024-06-29,25,4,8,5,1,27.8,0,101,38,0.0,63,0,0
2024-06-30,26,4,8,6,1,27.4,0,63,52,0.0,11,0,0
2024-07-01,27,4,8,0,0,29.5,0,11,50,0.0,276,315,0
2024-07-02,28,4,8,1,0,28.0,0,276,45,0.0,231,0,0
2024-07-03,29,4,8,2,0,27.3,0,231,40,0.0,191,0,0
2024-07-04,30,4,8,3,0,28.6,0,191,47,0.0,144,0,0
2024-07-05,31,4,8,4,0,27.6,0,144,41,0.0,103,0,0
2024-07-06,32,4,8,5,1,29.8,0,103,50,0.0,53,0,0
2024-07-07,33,4,8,6,1,27.0,0,53,53,0.0,0,0,0
2024-07-08,34,4,8,0,0,28.7,0,0,37,0.0,289,326,0
2024-07-09,35,4,8,1,0,31.4,0,289,60,0.0,229,0,0
2024-07-10,36,4,8,2,0,27.1,0,229,38,0.0,191,0,0
2024-07-11,37,4,8,3,0,25.1,0,191,31,0.0,160,0,0
2024-07-12,38,4,8,4,0,29.4,0,160,50,0.0,110,0,0
2024-07-13,39,4,8,5,1,29.4,0,110,38,0.0,72,0,0
2024-07-14,40,4,8,6,1,27.3,0,72,51,0.0,21,0,0
2024-07-15,41,4,8,0,0,28.4,0,21,39,0.0,287,305,0
2024-07-16,42,4,8,1,0,28.2,0,287,34,0.0,253,0,0
2024-07-17,43,4,8,2,0,26.0,0,253,31,0.0,222,0,0
2024-07-18,44,4,8,3,0,28.6,0,222,42,0.0,180,0,0
2024-06-04,0,4,9,1,0,29.9,0,8,10,0.0,8,10,0
2024-06-05,1,4,9,2,0,30.0,0,8,10,0.0,8,10,0
2024-06-06,2,4,9,3,0,27.6,0,8,15,0.0,3,10,0
2024-06-07,3,4,9,4,0,30.6,0,3,16,0.0,2,15,0
2024-06-08,4,4,9,5,1,28.7,0,2,16,0.0,2,16,0
2024-06-09,5,4,9,6,1,22.7,0,2,12,0.0,6,16,0
2024-06-10,6,4,9,0,0,27.9,0,6,15,0.0,3,12,0
2024-06-11,7,4,9,1,0,27.6,0,3,8,0.0,10,15,0
2024-06-12,8,4,9,2,0,26.3,0,10,10,0.0,8,8,0
2024-06-13,9,4,9,3,0,27.7,0,8,14,0.0,4,10,0
2024-06-14,10,4,9,4,0,27.5,0,4,10,0.0,8,14,0
2024-06-15,11,4,9,5,1,28.7,0,8,10,0.0,8,10,0
2024-06-16,12,4,9,6,1,29.8,0,8,14,0.0,4,10,0
2024-06-17,13,4,9,0,0,27.8,0,4,6,0.0,12,14,0
2024-06-18,14,4,9,1,0,27.9,0,12,12,0.0,6,6,0
2024-06-19,15,4,9,2,0,24.7,0,6,14,0.0,4,12,0
2024-06-20,16,4,9,3,0,28.2,0,4,10,0.0,8,14,0
2024-06-21,17,4,9,4,0,27.4,0,8,9,0.0,9,10,0
2024-06-22,18,4,9,5,1,29.5,0,9,10,0.0,8,9,0
2024-06-23,19,4,9,6,1,31.1,0,8,8,0.0,10,10,0
2024-06-24,20,4,9,0,0,28.2,0,10,11,0.0,7,8,0
2024-06-25,21,4,9,1,0,28.6,0,7,18,0.0,0,11,0
2024-06-26,22,4,9,2,0,26.0,0,0,9,0.0,9,18,0
2024-06-27,23,4,9,3,0,27.2,0,9,13,0.0,5,9,0
2024-06-28,24,4,9,4,0,31.2,0,5,10,0.0,8,13,0
2024-06-29,25,4,9,5,1,27.8,0,8,5,0.0,13,10,0
2024-06-30,26,4,9,6,1,27.4,0,13,16,0.0,2,5,0
2024-07-01,27,4,9,0,0,29.5,0,2,7,0.0,11,16,0
2024-07-02,28,4,9,1,0,28.0,0,11,14,0.0,4,7,0
2024-07-03,29,4,9,2,0,27.3,0,4,11,0.0,7,14,0
2024-07-04,30,4,9,3,0,28.6,0,7,12,0.0,6,11,0
2024-07-05,31,4,9,4,0,27.6,0,6,14,0.0,4,12,0
2024-07-06,32,4,9,5,1,29.8,0,4,11,0.0,7,14,0
2024-07-07,33,4,9,6,1,27.0,0,7,17,0.0,1,11,0
2024-07-08,34,4,9,0,0,28.7,0,1,15,0.0,3,17,0
2024-07-09,35,4,9,1,0,31.4,0,3,12,0.0,6,15,0
2024-07-10,36,4,9,2,0,27.1,0,6,7,0.0,11,12,0
2024-07-11,37,4,9,3,0,25.1,0,11,8,0.0,10,7,0
2024-07-12,38,4,9,4,0,29.4,0,10,10,0.0,8,8,0
2024-07-13,39,4,9,5,1,29.4,0,8,6,0.0,12,10,0
2024-07-14,40,4,9,6,1,27.3,0,12,13,0.0,5,6,0
2024-07-15,41,4,9,0,0,28.4,0,5,11,0.0,7,13,0
2024-07-16,42,4,9,1,0,28.2,0,7,12,0.0,6,11,0
2024-07-17,43,4,9,2,0,26.0,0,6,11,0.0,7,12,0
2024-07-18,44,4,9,3,0,28.6,0,7,7,0.0,11,11,0
2024-06-04,0,4,10,1,0,29.9,0,93,16,0.0,77,0,0
2024-06-05,1,4,10,2,0,30.0,0,77,15,0.0,62,0,0
2024-06-06,2,4,10,3,0,27.6,0,62,17,0.0,45,0,0
2024-06-07,3,4,10,4,0,30.6,0,45,12,0.0,33,0,0
2024-06-08,4,4,10,5,1,28.7,0,33,8,0.0,25,0,0
2024-06-09,5,4,10,6,1,22.7,0,25,25,0.0,0,0,0
2024-06-10,6,4,10,0,0,27.9,0,0,13,0.0,89,102,0
2024-06-11,7,4,10,1,0,27.6,0,89,9,0.0,80,0,0
2024-06-12,8,4,10,2,0,26.3,0,80,9,0.0,71,0,0
2024-06-13,9,4,10,3,0,27.7,0,71,13,0.0,58,0,0
2024-06-14,10,4,10,4,0,27.5,0,58,11,0.0,47,0,0
2024-06-15,11,4,10,5,1,28.7,0,47,19,0.0,28,0,0
2024-06-16,12,4,10,6,1,29.8,0,28,16,0.0,12,0,0
2024-06-17,13,4,10,0,0,27.8,0,12,12,0.0,90,90,0
2024-06-18,14,4,10,1,0,27.9,0,90,8,0.0,82,0,0
2024-06-19,15,4,10,2,0,24.7,0,82,14,0.0,68,0,0
2024-06-20,16,4,10,3,0,28.2,0,68,10,0.0,58,0,0
2024-06-21,17,4,10,4,0,27.4,0,58,18,0.0,40,0,0
2024-06-22,18,4,10,5,1,29.5,0,40,9,0.0,31,0,0
2024-06-23,19,4,10,6,1,31.1,0,31,14,0.0,17,0,0
2024-06-24,20,4,10,0,0,28.2,0,17,10,0.0,92,85,0
2024-06-25,21,4,10,1,0,28.6,0,92,16,0.0,76,0,0
2024-06-26,22,4,10,2,0,26.0,0,76,17,0.0,59,0,0
2024-06-27,23,4,10,3,0,27.2,0,59,18,0.0,41,0,0
2024-06-28,24,4,10,4,0,31.2,0,41,12,0.0,29,0,0
2024-06-29,25,4,10,5,1,27.8,0,29,16,0.0,13,0,0
2024-06-30,26,4,10,6,1,27.4,0,13,12,0.0,1,0,0
2024-07-01,27,4,10,0,0,29.5,0,1,18,0.0,84,101,0
2024-07-02,28,4,10,1,0,28.0,0,84,9,0.0,75,0,0
2024-07-03,29,4,10,2,0,27.3,0,75,12,0.0,63,0,0
2024-07-04,30,4,10,3,0,28.6,0,63,16,0.0,47,0,0
2024-07-05,31,4,10,4,0,27.6,0,47,14,0.0,33,0,0
2024-07-06,32,4,10,5,1,29.8,0,33,4,0.0,29,0,0
2024-07-07,33,4,10,6,1,27.0,0,29,16,0.0,13,0,0
2024-07-08,34,4,10,0,0,28.7,0,13,13,0.0,89,89,0
2024-07-09,35,4,10,1,0,31.4,0,89,2,0.0,87,0,0
2024-07-10,36,4,10,2,0,27.1,0,87,17,0.0,70,0,0
2024-07-11,37,4,10,3,0,25.1,0,70,12,0.0,58,0,0
2024-07-12,38,4,10,4,0,29.4,0,58,12,0.0,46,0,0
2024-07-13,39,4,10,5,1,29.4,0,46,15,0.0,31,0,0
2024-07-14,40,4,10,6,1,27.3,0,31,21,0.0,10,0,0
2024-07-15,41,4,10,0,0,28.4,0,10,11,0.0,91,92,0
2024-07-16,42,4,10,1,0,28.2,0,91,10,0.0,81,0,0
2024-07-17,43,4,10,2,0,26.0,0,81,11,0.0,70,0,0
2024-07-18,44,4,10,3,0,28.6,0,70,13,0.0,57,0,0
2024-06-04,0,4,11,1,0,29.9,0,68,12,0.0,56,0,0
2024-06-05,1,4,11,2,0,30.0,0,56,8,0.0,48,0,0
2024-06-06,2,4,11,3,0,27.6,0,48,10,0.0,38,0,0
2024-06-07,3,4,11,4,0,30.6,0,38,12,0.0,26,0,0
2024-06-08,4,4,11,5,1,28.7,0,26,11,0.0,15,0,0
2024-06-09,5,4,11,6,1,22.7,0,15,7,0.0,8,0,0
2024-06-10,6,4,11,0,0,27.9,0,8,10,0.0,69,71,0
2024-06-11,7,4,11,1,0,27.6,0,69,5,0.0,64,0,0
2024-06-12,8,4,11,2,0,26.3,0,64,8,0.0,56,0,0
2024-06-13,9,4,11,3,0,27.7,0,56,15,0.0,41,0,0
2024-06-14,10,4,11,4,0,27.5,0,41,11,0.0,30,0,0
2024-06-15,11,4,11,5,1,28.7,0,30,16,0.0,14,0,0
2024-06-16,12,4,11,6,1,29.8,0,14,7,0.0,7,0,0
2024-06-17,13,4,11,0,0,27.8,0,7,12,0.0,67,72,0
2024-06-18,14,4,11,1,0,27.9,0,67,8,0.0,59,0,0
2024-06-19,15,4,11,2,0,24.7,0,59,9,0.0,50,0,0
2024-06-20,16,4,11,3,0,28.2,0,50,14,0.0,36,0,0
2024-06-21,17,4,11,4,0,27.4,0,36,11,0.0,25,0,0
2024-06-22,18,4,11,5,1,29.5,0,25,11,0.0,14,0,0
2024-06-23,19,4,11,6,1,31.1,0,14,12,0.0,2,0,0
2024-06-24,20,4,11,0,0,28.2,0,2,10,0.0,69,77,0
2024-06-25,21,4,11,1,0,28.6,0,69,11,0.0,58,0,0
2024-06-26,22,4,11,2,0,26.0,0,58,7,0.0,51,0,0
2024-06-27,23,4,11,3,0,27.2,0,51,8,0.0,43,0,0
2024-06-28,24,4,11,4,0,31.2,0,43,10,0.0,33,0,0
2024-06-29,25,4,11,5,1,27.8,0,33,14,0.0,19,0,0
2024-06-30,26,4,11,6,1,27.4,0,19,11,0.0,8,0,0
2024-07-01,27,4,11,0,0,29.5,0,8,17,0.0,62,71,0
2024-07-02,28,4,11,1,0,28.0,0,62,4,0.0,58,0,0
2024-07-03,29,4,11,2,0,27.3,0,58,12,0.0,46,0,0
2024-07-04,30,4,11,3,0,28.6,0,46,12,0.0,34,0,0
2024-07-05,31,4,11,4,0,27.6,0,34,13,0.0,21,0,0
2024-07-06,32,4,11,5,1,29.8,0,21,7,0.0,14,0,0
2024-07-07,33,4,11,6,1,27.0,0,14,14,0.0,0,0,0
2024-07-08,34,4,11,0,0,28.7,0,0,12,0.0,67,79,0
2024-07-09,35,4,11,1,0,31.4,0,67,9,0.0,58,0,0
2024-07-10,36,4,11,2,0,27.1,0,58,8,0.0,50,0,0
2024-07-11,37,4,11,3,0,25.1,0,50,11,0.0,39,0,0
2024-07-12,38,4,11,4,0,29.4,0,39,3,0.0,36,0,0
2024-07-13,39,4,11,5,1,29.4,0,36,11,0.0,25,0,0
2024-07-14,40,4,11,6,1,27.3,0,25,17,0.0,8,0,0
2024-07-15,41,4,11,0,0,28.4,0,8,8,0.0,71,71,0
2024-07-16,42,4,11,1,0,28.2,0,71,10,0.0,61,0,0
2024-07-17,43,4,11,2,0,26.0,0,61,10,0.0,51,0,0
2024-07-18,44,4,11,3,0,28.6,0,51,9,0.0,42,0,0
2024-06-04,0,4,12,1,0,29.9,0,21,10,0.0,60,49,0
2024-06-05,1,4,12,2,0,30.0,0,60,10,0.0,50,0,0
2024-06-06,2,4,12,3,0,27.6,0,50,8,0.0,42,0,0
2024-06-07,3,4,12,4,0,30.6,0,42,7,0.0,35,0,0
2024-06-08,4,4,12,5,1,28.7,0,35,15,0.0,20,0,0
2024-06-09,5,4,12,6,1,22.7,0,20,5,0.0,65,50,0
2024-06-10,6,4,12,0,0,27.9,0,65,6,0.0,59,0,0
2024-06-11,7,4,12,1,0,27.6,0,59,12,0.0,47,0,0
2024-06-12,8,4,12,2,0,26.3,0,47,9,0.0,38,0,0
2024-06-13,9,4,12,3,0,27.7,0,38,12,0.0,26,0,0
2024-06-14,10,4,12,4,0,27.5,0,26,11,0.0,59,44,0
2024-06-15,11,4,12,5,1,28.7,0,59,16,0.0,43,0,0
2024-06-16,12,4,12,6,1,29.8,0,43,13,0.0,30,0,0
2024-06-17,13,4,12,0,0,27.8,0,30,10,0.0,20,0,0
2024-06-18,14,4,12,1,0,27.9,0,20,12,0.0,8,0,0
2024-06-19,15,4,12,2,0,24.7,0,8,9,0.0,61,62,0
2024-06-20,16,4,12,3,0,28.2,0,61,17,0.0,44,0,0
2024-06-21,17,4,12,4,0,27.4,0,44,6,0.0,38,0,0
2024-06-22,18,4,12,5,1,29.5,0,38,24,0.0,14,0,0
2024-06-23,19,4,12,6,1,31.1,0,14,6,0.0,8,0,0
2024-06-24,20,4,12,0,0,28.2,0,8,16,0.0,54,62,0
2024-06-25,21,4,12,1,0,28.6,0,54,19,0.0,35,0,0
2024-06-26,22,4,12,2,0,26.0,0,35,14,0.0,21,0,0
2024-06-27,23,4,12,3,0,27.2,0,21,10,0.0,11,0,0
2024-06-28,24,4,12,4,0,31.2,0,11,11,0.0,0,0,0
2024-06-29,25,4,12,5,1,27.8,0,0,7,0.0,63,70,0
2024-06-30,26,4,12,6,1,27.4,0,63,8,0.0,55,0,0
2024-07-01,27,4,12,0,0,29.5,0,55,15,0.0,40,0,0
2024-07-02,28,4,12,1,0,28.0,0,40,19,0.0,21,0,0
2024-07-03,29,4,12,2,0,27.3,0,21,12,0.0,9,0,0
2024-07-04,30,4,12,3,0,28.6,0,9,12,0.0,58,61,0
2024-07-05,31,4,12,4,0,27.6,0,58,11,0.0,47,0,0
2024-07-06,32,4,12,5,1,29.8,0,47,13,0.0,34,0,0
2024-07-07,33,4,12,6,1,27.0,0,34,10,0.0,24,0,0
2024-07-08,34,4,12,0,0,28.7,0,24,13,0.0,11,0,0
2024-07-09,35,4,12,1,0,31.4,0,11,9,0.0,61,59,0
2024-07-10,36,4,12,2,0,27.1,0,61,10,0.0,51,0,0
2024-07-11,37,4,12,3,0,25.1,0,51,12,0.0,39,0,0
2024-07-12,38,4,12,4,0,29.4,0,39,9,0.0,30,0,0
2024-07-13,39,4,12,5,1,29.4,0,30,14,0.0,16,0,0
2024-07-14,40,4,12,6,1,27.3,0,16,15,0.0,55,54,0
2024-07-15,41,4,12,0,0,28.4,0,55,11,0.0,44,0,0
2024-07-16,42,4,12,1,0,28.2,0,44,6,0.0,38,0,0
2024-07-17,43,4,12,2,0,26.0,0,38,10,0.0,28,0,0
2024-07-18,44,4,12,3,0,28.6,0,28,14,0.0,14,0,0
2024-06-04,0,5,1,1,0,29.9,0,358,60,0.0,298,0,0
2024-06-05,1,5,1,2,0,30.0,0,298,60,0.0,238,0,0
2024-06-06,2,5,1,3,0,27.6,0,238,43,0.0,195,0,0
2024-06-07,3,5,1,4,0,30.6,0,195,87,0.0,108,0,0
2024-06-08,4,5,1,5,1,28.7,0,108,54,0.0,54,0,0
2024-06-09,5,5,1,6,1,22.7,0,54,35,0.0,19,0,0
2024-06-10,6,5,1,0,0,27.9,0,19,68,0.0,344,393,0
2024-06-11,7,5,1,1,0,27.6,0,344,49,0.0,295,0,0
2024-06-12,8,5,1,2,0,26.3,0,295,59,0.0,236,0,0
2024-06-13,9,5,1,3,0,27.7,0,236,52,0.0,184,0,0
2024-06-14,10,5,1,4,0,27.5,0,184,44,0.0,140,0,0
2024-06-15,11,5,1,5,1,28.7,0,140,78,0.0,62,0,0
2024-06-16,12,5,1,6,1,29.8,0,62,62,0.0,0,0,0
2024-06-17,13,5,1,0,0,27.8,0,0,50,0.0,362,412,0
2024-06-18,14,5,1,1,0,27.9,0,362,52,0.0,310,0,0
2024-06-19,15,5,1,2,0,24.7,0,310,41,0.0,269,0,0
2024-06-20,16,5,1,3,0,28.2,0,269,41,0.0,228,0,0
2024-06-21,17,5,1,4,0,27.4,0,228,52,0.0,176,0,0
2024-06-22,18,5,1,5,1,29.5,0,176,52,0.0,124,0,0
2024-06-23,19,5,1,6,1,31.1,0,124,58,0.0,66,0,0
2024-06-24,20,5,1,0,0,28.2,0,66,53,0.0,359,346,0
2024-06-25,21,5,1,1,0,28.6,0,359,44,0.0,315,0,0
2024-06-26,22,5,1,2,0,26.0,0,315,63,0.0,252,0,0
2024-06-27,23,5,1,3,0,27.2,0,252,45,0.0,207,0,0
2024-06-28,24,5,1,4,0,31.2,0,207,50,0.0,157,0,0
2024-06-29,25,5,1,5,1,27.8,0,157,61,0.0,96,0,0
2024-06-30,26,5,1,6,1,27.4,0,96,58,0.0,38,0,0
2024-07-01,27,5,1,0,0,29.5,0,38,46,0.0,366,374,0
2024-07-02,28,5,1,1,0,28.0,0,366,47,0.0,319,0,0
2024-07-03,29,5,1,2,0,27.3,0,319,47,0.0,272,0,0
2024-07-04,30,5,1,3,0,28.6,0,272,54,0.0,218,0,0
2024-07-05,31,5,1,4,0,27.6,0,218,51,0.0,167,0,0
2024-07-06,32,5,1,5,1,29.8,0,167,50,0.0,117,0,0
2024-07-07,33,5,1,6,1,27.0,0,117,54,0.0,63,0,0
2024-07-08,34,5,1,0,0,28.7,0,63,54,0.0,358,349,0
2024-07-09,35,5,1,1,0,31.4,0,358,43,0.0,315,0,0
2024-07-10,36,5,1,2,0,27.1,0,315,46,0.0,269,0,0
2024-07-11,37,5,1,3,0,25.1,0,269,50,0.0,219,0,0
2024-07-12,38,5,1,4,0,29.4,0,219,49,0.0,170,0,0
2024-07-13,39,5,1,5,1,29.4,0,170,65,0.0,105,0,0
2024-07-14,40,5,1,6,1,27.3,0,105,61,0.0,44,0,0
2024-07-15,41,5,1,0,0,28.4,0,44,51,0.0,361,368,0
2024-07-16,42,5,1,1,0,28.2,0,361,56,0.0,305,0,0
2024-07-17,43,5,1,2,0,26.0,0,305,38,0.0,267,0,0
2024-07-18,44,5,1,3,0,28.6,0,267,48,0.0,219,0,0
2024-06-04,0,5,2,1,0,29.9,0,7,34,0.0,7,34,0
2024-06-05,1,5,2,2,0,30.0,0,7,30,0.0,11,34,0
2024-06-06,2,5,2,3,0,27.6,0,11,24,0.0,17,30,0
2024-06-07,3,5,2,4,0,30.6,0,17,21,0.0,20,24,0
2024-06-08,4,5,2,5,1,28.7,0,20,25,0.0,16,21,0
2024-06-09,5,5,2,6,1,22.7,0,16,30,0.0,11,25,0
2024-06-10,6,5,2,0,0,27.9,0,11,22,0.0,19,30,0
2024-06-11,7,5,2,1,0,27.6,0,19,23,0.0,18,22,0
2024-06-12,8,5,2,2,0,26.3,0,18,23,0.0,18,23,0
2024-06-13,9,5,2,3,0,27.7,0,18,27,0.0,14,23,0
2024-06-14,10,5,2,4,0,27.5,0,14,30,0.0,11,27,0
2024-06-15,11,5,2,5,1,28.7,0,11,41,0.0,0,30,0
2024-06-16,12,5,2,6,1,29.8,0,0,36,0.0,5,41,0
2024-06-17,13,5,2,0,0,27.8,0,5,25,0.0,16,36,0
2024-06-18,14,5,2,1,0,27.9,0,16,23,0.0,18,25,0
2024-06-19,15,5,2,2,0,24.7,0,18,21,0.0,20,23,0
2024-06-20,16,5,2,3,0,28.2,0,20,15,0.0,26,21,0
2024-06-21,17,5,2,4,0,27.4,0,26,38,0.0,3,15,0
2024-06-22,18,5,2,5,1,29.5,0,3,38,0.0,3,38,0
2024-06-23,19,5,2,6,1,31.1,0,3,34,0.0,7,38,0
2024-06-24,20,5,2,0,0,28.2,0,7,31,0.0,10,34,0
2024-06-25,21,5,2,1,0,28.6,0,10,29,0.0,12,31,0
2024-06-26,22,5,2,2,0,26.0,0,12,33,0.0,8,29,0
2024-06-27,23,5,2,3,0,27.2,0,8,28,0.0,13,33,0
2024-06-28,24,5,2,4,0,31.2,0,13,35,0.0,6,28,0
2024-06-29,25,5,2,5,1,27.8,0,6,29,0.0,12,35,0
2024-06-30,26,5,2,6,1,27.4,0,12,29,0.0,12,29,0
2024-07-01,27,5,2,0,0,29.5,0,12,23,0.0,18,29,0
2024-07-02,28,5,2,1,0,28.0,0,18,33,0.0,8,23,0
2024-07-03,29,5,2,2,0,27.3,0,8,22,0.0,19,33,0
2024-07-04,30,5,2,3,0,28.6,0,19,37,0.0,4,22,0
2024-07-05,31,5,2,4,0,27.6,0,4,22,0.0,19,37,0
2024-07-06,32,5,2,5,1,29.8,0,19,30,0.0,11,22,0
2024-07-07,33,5,2,6,1,27.0,0,11,30,0.0,11,30,0
2024-07-08,34,5,2,0,0,28.7,0,11,23,0.0,18,30,0
2024-07-09,35,5,2,1,0,31.4,0,18,28,0.0,13,23,0
2024-07-10,36,5,2,2,0,27.1,0,13,28,0.0,13,28,0
2024-07-11,37,5,2,3,0,25.1,0,13,16,0.0,25,28,0
2024-07-12,38,5,2,4,0,29.4,0,25,22,0.0,19,16,0
2024-07-13,39,5,2,5,1,29.4,0,19,30,0.0,11,22,0
2024-07-14,40,5,2,6,1,27.3,0,11,35,0.0,6,30,0
2024-07-15,41,5,2,0,0,28.4,0,6,27,0.0,14,35,0
2024-07-16,42,5,2,1,0,28.2,0,14,20,0.0,21,27,0
2024-07-17,43,5,2,2,0,26.0,0,21,23,0.0,18,20,0
2024-07-18,44,5,2,3,0,28.6,0,18,28,0.0,13,23,0
2024-06-04,0,5,3,1,0,29.9,0,105,9,0.0,96,0,0
2024-06-05,1,5,3,2,0,30.0,0,96,11,0.0,85,0,0
2024-06-06,2,5,3,3,0,27.6,0,85,20,0.0,65,0,0
2024-06-07,3,5,3,4,0,30.6,0,65,15,0.0,50,0,0
2024-06-08,4,5,3,5,1,28.7,0,50,12,0.0,38,0,0
2024-06-09,5,5,3,6,1,22.7,0,38,17,0.0,21,0,0
2024-06-10,6,5,3,0,0,27.9,0,21,15,0.0,99,93,0
2024-06-11,7,5,3,1,0,27.6,0,99,15,0.0,84,0,0
2024-06-12,8,5,3,2,0,26.3,0,84,8,0.0,76,0,0
2024-06-13,9,5,3,3,0,27.7,0,76,23,0.0,53,0,0
2024-06-14,10,5,3,4,0,27.5,0,53,17,0.0,36,0,0
2024-06-15,11,5,3,5,1,28.7,0,36,19,0.0,17,0,0
2024-06-16,12,5,3,6,1,29.8,0,17,17,0.0,0,0,0
2024-06-17,13,5,3,0,0,27.8,0,0,9,0.0,105,114,0
2024-06-18,14,5,3,1,0,27.9,0,105,12,0.0,93,0,0
2024-06-19,15,5,3,2,0,24.7,0,93,13,0.0,80,0,0
2024-06-20,16,5,3,3,0,28.2,0,80,11,0.0,69,0,0
2024-06-21,17,5,3,4,0,27.4,0,69,18,0.0,51,0,0
2024-06-22,18,5,3,5,1,29.5,0,51,12,0.0,39,0,0
2024-06-23,19,5,3,6,1,31.1,0,39,10,0.0,29,0,0
2024-06-24,20,5,3,0,0,28.2,0,29,17,0.0,97,85,0
2024-06-25,21,5,3,1,0,28.6,0,97,13,0.0,84,0,0
2024-06-26,22,5,3,2,0,26.0,0,84,15,0.0,69,0,0
2024-06-27,23,5,3,3,0,27.2,0,69,14,0.0,55,0,0
2024-06-28,24,5,3,4,0,31.2,0,55,17,0.0,38,0,0
2024-06-29,25,5,3,5,1,27.8,0,38,22,0.0,16,0,0
2024-06-30,26,5,3,6,1,27.4,0,16,15,0.0,1,0,0
2024-07-01,27,5,3,0,0,29.5,0,1,15,0.0,99,113,0
2024-07-02,28,5,3,1,0,28.0,0,99,17,0.0,82,0,0
2024-07-03,29,5,3,2,0,27.3,0,82,10,0.0,72,0,0
2024-07-04,30,5,3,3,0,28.6,0,72,18,0.0,54,0,0
2024-07-05,31,5,3,4,0,27.6,0,54,10,0.0,44,0,0
2024-07-06,32,5,3,5,1,29.8,0,44,11,0.0,33,0,0
2024-07-07,33,5,3,6,1,27.0,0,33,23,0.0,10,0,0
2024-07-08,34,5,3,0,0,28.7,0,10,13,0.0,101,104,0
2024-07-09,35,5,3,1,0,31.4,0,101,8,0.0,93,0,0
2024-07-10,36,5,3,2,0,27.1,0,93,16,0.0,77,0,0
2024-07-11,37,5,3,3,0,25.1,0,77,14,0.0,63,0,0
2024-07-12,38,5,3,4,0,29.4,0,63,11,0.0,52,0,0
2024-07-13,39,5,3,5,1,29.4,0,52,25,0.0,27,0,0
2024-07-14,40,5,3,6,1,27.3,0,27,16,0.0,11,0,0
2024-07-15,41,5,3,0,0,28.4,0,11,14,0.0,100,103,0
2024-07-16,42,5,3,1,0,28.2,0,100,15,0.0,85,0,0
2024-07-17,43,5,3,2,0,26.0,0,85,11,0.0,74,0,0
2024-07-18,44,5,3,3,0,28.6,0,74,10,0.0,64,0,0
2024-06-04,0,5,4,1,0,29.9,0,162,20,0.0,142,0,0
2024-06-05,1,5,4,2,0,30.0,0,142,18,0.0,124,0,0
2024-06-06,2,5,4,3,0,27.6,0,124,22,0.0,102,0,0
2024-06-07,3,5,4,4,0,30.6,0,102,26,0.0,76,0,0
2024-06-08,4,5,4,5,1,28.7,0,76,30,0.0,46,0,0
2024-06-09,5,5,4,6,1,22.7,0,46,34,0.0,12,0,0
2024-06-10,6,5,4,0,0,27.9,0,12,21,0.0,168,177,0
2024-06-11,7,5,4,1,0,27.6,0,168,17,0.0,151,0,0
2024-06-12,8,5,4,2,0,26.3,0,151,30,0.0,121,0,0
2024-06-13,9,5,4,3,0,27.7,0,121,23,0.0,98,0,0
2024-06-14,10,5,4,4,0,27.5,0,98,20,0.0,78,0,0
2024-06-15,11,5,4,5,1,28.7,0,78,22,0.0,56,0,0
2024-06-16,12,5,4,6,1,29.8,0,56,37,0.0,19,0,0
2024-06-17,13,5,4,0,0,27.8,0,19,25,0.0,164,170,0
2024-06-18,14,5,4,1,0,27.9,0,164,17,0.0,147,0,0
2024-06-19,15,5,4,2,0,24.7,0,147,23,0.0,124,0,0
2024-06-20,16,5,4,3,0,28.2,0,124,30,0.0,94,0,0
2024-06-21,17,5,4,4,0,27.4,0,94,31,0.0,63,0,0
2024-06-22,18,5,4,5,1,29.5,0,63,41,0.0,22,0,0
2024-06-23,19,5,4,6,1,31.1,0,22,21,0.0,1,0,0
2024-06-24,20,5,4,0,0,28.2,0,1,18,0.0,171,188,0
2024-06-25,21,5,4,1,0,28.6,0,171,21,0.0,150,0,0
2024-06-26,22,5,4,2,0,26.0,0,150,23,0.0,127,0,0
2024-06-27,23,5,4,3,0,27.2,0,127,34,0.0,93,0,0
2024-06-28,24,5,4,4,0,31.2,0,93,31,0.0,62,0,0
2024-06-29,25,5,4,5,1,27.8,0,62,30,0.0,32,0,0
2024-06-30,26,5,4,6,1,27.4,0,32,19,0.0,13,0,0
2024-07-01,27,5,4,0,0,29.5,0,13,28,0.0,161,176,0
2024-07-02,28,5,4,1,0,28.0,0,161,29,0.0,132,0,0
2024-07-03,29,5,4,2,0,27.3,0,132,23,0.0,109,0,0
2024-07-04,30,5,4,3,0,28.6,0,109,22,0.0,87,0,0
2024-07-05,31,5,4,4,0,27.6,0,87,22,0.0,65,0,0
2024-07-06,32,5,4,5,1,29.8,0,65,32,0.0,33,0,0
2024-07-07,33,5,4,6,1,27.0,0,33,33,0.0,0,0,0
2024-07-08,34,5,4,0,0,28.7,0,0,22,0.0,167,189,0
2024-07-09,35,5,4,1,0,31.4,0,167,25,0.0,142,0,0
2024-07-10,36,5,4,2,0,27.1,0,142,23,0.0,119,0,0
2024-07-11,37,5,4,3,0,25.1,0,119,23,0.0,96,0,0
2024-07-12,38,5,4,4,0,29.4,0,96,22,0.0,74,0,0
2024-07-13,39,5,4,5,1,29.4,0,74,30,0.0,44,0,0
2024-07-14,40,5,4,6,1,27.3,0,44,24,0.0,20,0,0
2024-07-15,41,5,4,0,0,28.4,0,20,27,0.0,162,169,0
2024-07-16,42,5,4,1,0,28.2,0,162,22,0.0,140,0,0
2024-07-17,43,5,4,2,0,26.0,0,140,25,0.0,115,0,0
2024-07-18,44,5,4,3,0,28.6,0,115,22,0.0,93,0,0
2024-06-04,0,5,5,1,0,29.9,0,96,7,0.0,89,0,0
2024-06-05,1,5,5,2,0,30.0,0,89,20,0.0,69,0,0
2024-06-06,2,5,5,3,0,27.6,0,69,10,0.0,59,0,0
2024-06-07,3,5,5,4,0,30.6,0,59,8,0.0,51,0,0
2024-06-08,4,5,5,5,1,28.7,0,51,16,0.0,35,0,0
2024-06-09,5,5,5,6,1,22.7,0,35,17,0.0,18,0,0
2024-06-10,6,5,5,0,0,27.9,0,18,14,0.0,91,87,0
2024-06-11,7,5,5,1,0,27.6,0,91,14,0.0,77,0,0
2024-06-12,8,5,5,2,0,26.3,0,77,16,0.0,61,0,0
2024-06-13,9,5,5,3,0,27.7,0,61,9,0.0,52,0,0
2024-06-14,10,5,5,4,0,27.5,0,52,11,0.0,41,0,0
2024-06-15,11,5,5,5,1,28.7,0,41,6,0.0,35,0,0
2024-06-16,12,5,5,6,1,29.8,0,35,20,0.0,15,0,0
2024-06-17,13,5,5,0,0,27.8,0,15,13,0.0,92,90,0
2024-06-18,14,5,5,1,0,27.9,0,92,13,0.0,79,0,0
2024-06-19,15,5,5,2,0,24.7,0,79,15,0.0,64,0,0
2024-06-20,16,5,5,3,0,28.2,0,64,8,0.0,56,0,0
2024-06-21,17,5,5,4,0,27.4,0,56,8,0.0,48,0,0
2024-06-22,18,5,5,5,1,29.5,0,48,12,0.0,36,0,0
2024-06-23,19,5,5,6,1,31.1,0,36,13,0.0,23,0,0
2024-06-24,20,5,5,0,0,28.2,0,23,15,0.0,90,82,0
2024-06-25,21,5,5,1,0,28.6,0,90,20,0.0,70,0,0
2024-06-26,22,5,5,2,0,26.0,0,70,6,0.0,64,0,0
2024-06-27,23,5,5,3,0,27.2,0,64,15,0.0,49,0,0
2024-06-28,24,5,5,4,0,31.2,0,49,12,0.0,37,0,0
2024-06-29,25,5,5,5,1,27.8,0,37,12,0.0,25,0,0
2024-06-30,26,5,5,6,1,27.4,0,25,15,0.0,10,0,0
2024-07-01,27,5,5,0,0,29.5,0,10,7,0.0,98,95,0
2024-07-02,28,5,5,1,0,28.0,0,98,15,0.0,83,0,0
2024-07-03,29,5,5,2,0,27.3,0,83,16,0.0,67,0,0
2024-07-04,30,5,5,3,0,28.6,0,67,11,0.0,56,0,0
2024-07-05,31,5,5,4,0,27.6,0,56,8,0.0,48,0,0
2024-07-06,32,5,5,5,1,29.8,0,48,20,0.0,28,0,0
2024-07-07,33,5,5,6,1,27.0,0,28,28,0.0,0,0,0
2024-07-08,34,5,5,0,0,28.7,0,0,16,0.0,89,105,0
2024-07-09,35,5,5,1,0,31.4,0,89,15,0.0,74,0,0
2024-07-10,36,5,5,2,0,27.1,0,74,14,0.0,60,0,0
2024-07-11,37,5,5,3,0,25.1,0,60,7,0.0,53,0,0
2024-07-12,38,5,5,4,0,29.4,0,53,13,0.0,40,0,0
2024-07-13,39,5,5,5,1,29.4,0,40,9,0.0,31,0,0
2024-07-14,40,5,5,6,1,27.3,0,31,8,0.0,23,0,0
2024-07-15,41,5,5,0,0,28.4,0,23,10,0.0,95,82,0
2024-07-16,42,5,5,1,0,28.2,0,95,6,0.0,89,0,0
2024-07-17,43,5,5,2,0,26.0,0,89,11,0.0,78,0,0
2024-07-18,44,5,5,3,0,28.6,0,78,13,0.0,65,0,0
2024-06-04,0,5,6,1,0,29.9,0,48,7,0.0,41,0,0
2024-06-05,1,5,6,2,0,30.0,0,41,6,0.0,35,0,0
2024-06-06,2,5,6,3,0,27.6,0,35,7,0.0,28,0,0
2024-06-07,3,5,6,4,0,30.6,0,28,9,0.0,19,0,0
2024-06-08,4,5,6,5,1,28.7,0,19,4,0.0,15,0,0
2024-06-09,5,5,6,6,1,22.7,0,15,4,0.0,11,0,0
2024-06-10,6,5,6,0,0,27.9,0,11,3,0.0,53,45,0
2024-06-11,7,5,6,1,0,27.6,0,53,6,0.0,47,0,0
2024-06-12,8,5,6,2,0,26.3,0,47,6,0.0,41,0,0
2024-06-13,9,5,6,3,0,27.7,0,41,4,0.0,37,0,0
2024-06-14,10,5,6,4,0,27.5,0,37,4,0.0,33,0,0
2024-06-15,11,5,6,5,1,28.7,0,33,6,0.0,27,0,0
2024-06-16,12,5,6,6,1,29.8,0,27,6,0.0,21,0,0
2024-06-17,13,5,6,0,0,27.8,0,21,8,0.0,48,35,0
2024-06-18,14,5,6,1,0,27.9,0,48,6,0.0,42,0,0
2024-06-19,15,5,6,2,0,24.7,0,42,5,0.0,37,0,0
2024-06-20,16,5,6,3,0,28.2,0,37,12,0.0,25,0,0
2024-06-21,17,5,6,4,0,27.4,0,25,11,0.0,14,0,0
2024-06-22,18,5,6,5,1,29.5,0,14,4,0.0,10,0,0
2024-06-23,19,5,6,6,1,31.1,0,10,6,0.0,4,0,0
2024-06-24,20,5,6,0,0,28.2,0,4,5,0.0,51,52,0
2024-06-25,21,5,6,1,0,28.6,0,51,7,0.0,44,0,0
2024-06-26,22,5,6,2,0,26.0,0,44,6,0.0,38,0,0
2024-06-27,23,5,6,3,0,27.2,0,38,4,0.0,34,0,0
2024-06-28,24,5,6,4,0,31.2,0,34,15,0.0,19,0,0
2024-06-29,25,5,6,5,1,27.8,0,19,7,0.0,12,0,0
2024-06-30,26,5,6,6,1,27.4,0,12,7,0.0,5,0,0
2024-07-01,27,5,6,0,0,29.5,0,5,10,0.0,46,51,0
2024-07-02,28,5,6,1,0,28.0,0,46,5,0.0,41,0,0
2024-07-03,29,5,6,2,0,27.3,0,41,9,0.0,32,0,0
2024-07-04,30,5,6,3,0,28.6,0,32,3,0.0,29,0,0
2024-07-05,31,5,6,4,0,27.6,0,29,8,0.0,21,0,0
2024-07-06,32,5,6,5,1,29.8,0,21,8,0.0,13,0,0
2024-07-07,33,5,6,6,1,27.0,0,13,13,0.0,0,0,0
2024-07-08,34,5,6,0,0,28.7,0,0,7,0.0,49,56,0
2024-07-09,35,5,6,1,0,31.4,0,49,5,0.0,44,0,0
2024-07-10,36,5,6,2,0,27.1,0,44,4,0.0,40,0,0
2024-07-11,37,5,6,3,0,25.1,0,40,3,0.0,37,0,0
2024-07-12,38,5,6,4,0,29.4,0,37,5,0.0,32,0,0
2024-07-13,39,5,6,5,1,29.4,0,32,10,0.0,22,0,0
2024-07-14,40,5,6,6,1,27.3,0,22,10,0.0,12,0,0
2024-07-15,41,5,6,0,0,28.4,0,12,7,0.0,49,44,0
2024-07-16,42,5,6,1,0,28.2,0,49,7,0.0,42,0,0
2024-07-17,43,5,6,2,0,26.0,0,42,7,0.0,35,0,0
2024-07-18,44,5,6,3,0,28.6,0,35,6,0.0,29,0,0
2024-06-04,0,5,7,1,0,29.9,0,25,5,0.0,20,0,0
2024-06-05,1,5,7,2,0,30.0,0,20,2,0.0,18,0,0
2024-06-06,2,5,7,3,0,27.6,0,18,1,0.0,17,0,0
2024-06-07,3,5,7,4,0,30.6,0,17,6,0.0,11,0,0
2024-06-08,4,5,7,5,1,28.7,0,11,10,0.0,1,0,0
2024-06-09,5,5,7,6,1,22.7,0,1,1,0.0,0,0,0
2024-06-10,6,5,7,0,0,27.9,0,0,2,0.0,31,33,0
2024-06-11,7,5,7,1,0,27.6,0,31,5,0.0,26,0,0
2024-06-12,8,5,7,2,0,26.3,0,26,4,0.0,22,0,0
2024-06-13,9,5,7,3,0,27.7,0,22,4,0.0,18,0,0
2024-06-14,10,5,7,4,0,27.5,0,18,3,0.0,15,0,0
2024-06-15,11,5,7,5,1,28.7,0,15,8,0.0,7,0,0
2024-06-16,12,5,7,6,1,29.8,0,7,4,0.0,3,0,0
2024-06-17,13,5,7,0,0,27.8,0,3,3,0.0,30,30,0
2024-06-18,14,5,7,1,0,27.9,0,30,3,0.0,27,0,0
2024-06-19,15,5,7,2,0,24.7,0,27,3,0.0,24,0,0
2024-06-20,16,5,7,3,0,28.2,0,24,0,0.0,24,0,0
2024-06-21,17,5,7,4,0,27.4,0,24,6,0.0,18,0,0
2024-06-22,18,5,7,5,1,29.5,0,18,3,0.0,15,0,0
2024-06-23,19,5,7,6,1,31.1,0,15,5,0.0,10,0,0
2024-06-24,20,5,7,0,0,28.2,0,10,2,0.0,31,23,0
2024-06-25,21,5,7,1,0,28.6,0,31,6,0.0,25,0,0
2024-06-26,22,5,7,2,0,26.0,0,25,4,0.0,21,0,0
2024-06-27,23,5,7,3,0,27.2,0,21,5,0.0,16,0,0
2024-06-28,24,5,7,4,0,31.2,0,16,3,0.0,13,0,0
2024-06-29,25,5,7,5,1,27.8,0,13,6,0.0,7,0,0
2024-06-30,26,5,7,6,1,27.4,0,7,7,0.0,0,0,0
2024-07-01,27,5,7,0,0,29.5,0,0,4,0.0,29,33,0
2024-07-02,28,5,7,1,0,28.0,0,29,6,0.0,23,0,0
2024-07-03,29,5,7,2,0,27.3,0,23,6,0.0,17,0,0
2024-07-04,30,5,7,3,0,28.6,0,17,2,0.0,15,0,0
2024-07-05,31,5,7,4,0,27.6,0,15,4,0.0,11,0,0
2024-07-06,32,5,7,5,1,29.8,0,11,6,0.0,5,0,0
2024-07-07,33,5,7,6,1,27.0,0,5,3,0.0,2,0,0
2024-07-08,34,5,7,0,0,28.7,0,2,9,0.0,24,31,0
2024-07-09,35,5,7,1,0,31.4,0,24,2,0.0,22,0,0
2024-07-10,36,5,7,2,0,27.1,0,22,4,0.0,18,0,0
2024-07-11,37,5,7,3,0,25.1,0,18,2,0.0,16,0,0
2024-07-12,38,5,7,4,0,29.4,0,16,3,0.0,13,0,0
2024-07-13,39,5,7,5,1,29.4,0,13,5,0.0,8,0,0
2024-07-14,40,5,7,6,1,27.3,0,8,5,0.0,3,0,0
2024-07-15,41,5,7,0,0,28.4,0,3,1,0.0,32,30,0
2024-07-16,42,5,7,1,0,28.2,0,32,4,0.0,28,0,0
2024-07-17,43,5,7,2,0,26.0,0,28,4,0.0,24,0,0
2024-07-18,44,5,7,3,0,28.6,0,24,5,0.0,19,0,0
2024-06-04,0,5,8,1,0,29.9,0,258,43,0.0,215,0,0
2024-06-05,1,5,8,2,0,30.0,0,215,45,0.0,170,0,0
2024-06-06,2,5,8,3,0,27.6,0,170,26,0.0,144,0,0
2024-06-07,3,5,8,4,0,30.6,0,144,39,0.0,105,0,0
2024-06-08,4,5,8,5,1,28.7,0,105,46,0.0,59,0,0
2024-06-09,5,5,8,6,1,22.7,0,59,26,0.0,33,0,0
2024-06-10,6,5,8,0,0,27.9,0,33,31,0.0,267,265,0
2024-06-11,7,5,8,1,0,27.6,0,267,32,0.0,235,0,0
2024-06-12,8,5,8,2,0,26.3,0,235,35,0.0,200,0,0
2024-06-13,9,5,8,3,0,27.7,0,200,36,0.0,164,0,0
2024-06-14,10,5,8,4,0,27.5,0,164,30,0.0,134,0,0
2024-06-15,11,5,8,5,1,28.7,0,134,49,0.0,85,0,0
2024-06-16,12,5,8,6,1,29.8,0,85,41,0.0,44,0,0
2024-06-17,13,5,8,0,0,27.8,0,44,42,0.0,256,254,0
2024-06-18,14,5,8,1,0,27.9,0,256,30,0.0,226,0,0
2024-06-19,15,5,8,2,0,24.7,0,226,31,0.0,195,0,0
2024-06-20,16,5,8,3,0,28.2,0,195,42,0.0,153,0,0
2024-06-21,17,5,8,4,0,27.4,0,153,28,0.0,125,0,0
2024-06-22,18,5,8,5,1,29.5,0,125,51,0.0,74,0,0
2024-06-23,19,5,8,6,1,31.1,0,74,43,0.0,31,0,0
2024-06-24,20,5,8,0,0,28.2,0,31,43,0.0,255,267,0
2024-06-25,21,5,8,1,0,28.6,0,255,41,0.0,214,0,0
2024-06-26,22,5,8,2,0,26.0,0,214,61,0.0,153,0,0
2024-06-27,23,5,8,3,0,27.2,0,153,43,0.0,110,0,0
2024-06-28,24,5,8,4,0,31.2,0,110,34,0.0,76,0,0
2024-06-29,25,5,8,5,1,27.8,0,76,35,0.0,41,0,0
2024-06-30,26,5,8,6,1,27.4,0,41,41,0.0,0,0,0
2024-07-01,27,5,8,0,0,29.5,0,0,39,0.0,259,298,0
2024-07-02,28,5,8,1,0,28.0,0,259,42,0.0,217,0,0
2024-07-03,29,5,8,2,0,27.3,0,217,32,0.0,185,0,0
2024-07-04,30,5,8,3,0,28.6,0,185,50,0.0,135,0,0
2024-07-05,31,5,8,4,0,27.6,0,135,30,0.0,105,0,0
2024-07-06,32,5,8,5,1,29.8,0,105,28,0.0,77,0,0
2024-07-07,33,5,8,6,1,27.0,0,77,34,0.0,43,0,0
2024-07-08,34,5,8,0,0,28.7,0,43,32,0.0,266,255,0
2024-07-09,35,5,8,1,0,31.4,0,266,41,0.0,225,0,0
2024-07-10,36,5,8,2,0,27.1,0,225,35,0.0,190,0,0
2024-07-11,37,5,8,3,0,25.1,0,190,29,0.0,161,0,0
2024-07-12,38,5,8,4,0,29.4,0,161,40,0.0,121,0,0
2024-07-13,39,5,8,5,1,29.4,0,121,41,0.0,80,0,0
2024-07-14,40,5,8,6,1,27.3,0,80,40,0.0,40,0,0
2024-07-15,41,5,8,0,0,28.4,0,40,32,0.0,266,258,0
2024-07-16,42,5,8,1,0,28.2,0,266,35,0.0,231,0,0
2024-07-17,43,5,8,2,0,26.0,0,231,30,0.0,201,0,0
2024-07-18,44,5,8,3,0,28.6,0,201,45,0.0,156,0,0
2024-06-04,0,5,9,1,0,29.9,0,12,21,0.0,10,19,0
2024-06-05,1,5,9,2,0,30.0,0,10,21,0.0,10,21,0
2024-06-06,2,5,9,3,0,27.6,0,10,23,0.0,8,21,0
2024-06-07,3,5,9,4,0,30.6,0,8,31,0.0,0,23,0
2024-06-08,4,5,9,5,1,28.7,0,0,29,0.0,2,31,0
2024-06-09,5,5,9,6,1,22.7,0,2,29,0.0,2,29,0
2024-06-10,6,5,9,0,0,27.9,0,2,19,0.0,12,29,0
2024-06-11,7,5,9,1,0,27.6,0,12,12,0.0,19,19,0
2024-06-12,8,5,9,2,0,26.3,0,19,15,0.0,16,12,0
2024-06-13,9,5,9,3,0,27.7,0,16,14,0.0,17,15,0
2024-06-14,10,5,9,4,0,27.5,0,17,18,0.0,13,14,0
2024-06-15,11,5,9,5,1,28.7,0,13,21,0.0,10,18,0
2024-06-16,12,5,9,6,1,29.8,0,10,24,0.0,7,21,0
2024-06-17,13,5,9,0,0,27.8,0,7,18,0.0,13,24,0
2024-06-18,14,5,9,1,0,27.9,0,13,23,0.0,8,18,0
2024-06-19,15,5,9,2,0,24.7,0,8,16,0.0,15,23,0
2024-06-20,16,5,9,3,0,28.2,0,15,21,0.0,10,16,0
2024-06-21,17,5,9,4,0,27.4,0,10,18,0.0,13,21,0
2024-06-22,18,5,9,5,1,29.5,0,13,19,0.0,12,18,0
2024-06-23,19,5,9,6,1,31.1,0,12,25,0.0,6,19,0
2024-06-24,20,5,9,0,0,28.2,0,6,24,0.0,7,25,0
2024-06-25,21,5,9,1,0,28.6,0,7,16,0.0,15,24,0
2024-06-26,22,5,9,2,0,26.0,0,15,16,0.0,15,16,0
2024-06-27,23,5,9,3,0,27.2,0,15,16,0.0,15,16,0
2024-06-28,24,5,9,4,0,31.2,0,15,19,0.0,12,16,0
2024-06-29,25,5,9,5,1,27.8,0,12,24,0.0,7,19,0
2024-06-30,26,5,9,6,1,27.4,0,7,18,0.0,13,24,0
2024-07-01,27,5,9,0,0,29.5,0,13,19,0.0,12,18,0
2024-07-02,28,5,9,1,0,28.0,0,12,19,0.0,12,19,0
2024-07-03,29,5,9,2,0,27.3,0,12,11,0.0,20,19,0
2024-07-04,30,5,9,3,0,28.6,0,20,18,0.0,13,11,0
2024-07-05,31,5,9,4,0,27.6,0,13,30,0.0,1,18,0
2024-07-06,32,5,9,5,1,29.8,0,1,25,0.0,6,30,0
2024-07-07,33,5,9,6,1,27.0,0,6,10,0.0,21,25,0
2024-07-08,34,5,9,0,0,28.7,0,21,19,0.0,12,10,0
2024-07-09,35,5,9,1,0,31.4,0,12,19,0.0,12,19,0
2024-07-10,36,5,9,2,0,27.1,0,12,15,0.0,16,19,0
2024-07-11,37,5,9,3,0,25.1,0,16,17,0.0,14,15,0
2024-07-12,38,5,9,4,0,29.4,0,14,20,0.0,11,17,0
2024-07-13,39,5,9,5,1,29.4,0,11,22,0.0,9,20,0
2024-07-14,40,5,9,6,1,27.3,0,9,16,0.0,15,22,0
2024-07-15,41,5,9,0,0,28.4,0,15,15,0.0,16,16,0
2024-07-16,42,5,9,1,0,28.2,0,16,17,0.0,14,15,0
2024-07-17,43,5,9,2,0,26.0,0,14,23,0.0,8,17,0
2024-07-18,44,5,9,3,0,28.6,0,8,15,0.0,16,23,0
2024-06-04,0,5,10,1,0,29.9,0,152,26,0.0,126,0,0
2024-06-05,1,5,10,2,0,30.0,0,126,21,0.0,105,0,0
2024-06-06,2,5,10,3,0,27.6,0,105,28,0.0,77,0,0
2024-06-07,3,5,10,4,0,30.6,0,77,17,0.0,60,0,0
2024-06-08,4,5,10,5,1,28.7,0,60,29,0.0,31,0,0
2024-06-09,5,5,10,6,1,22.7,0,31,31,0.0,0,0,0
2024-06-10,6,5,10,0,0,27.9,0,0,23,0.0,144,167,0
2024-06-11,7,5,10,1,0,27.6,0,144,16,0.0,128,0,0
2024-06-12,8,5,10,2,0,26.3,0,128,17,0.0,111,0,0
2024-06-13,9,5,10,3,0,27.7,0,111,21,0.0,90,0,0
2024-06-14,10,5,10,4,0,27.5,0,90,28,0.0,62,0,0
2024-06-15,11,5,10,5,1,28.7,0,62,27,0.0,35,0,0
2024-06-16,12,5,10,6,1,29.8,0,35,34,0.0,1,0,0
2024-06-17,13,5,10,0,0,27.8,0,1,15,0.0,152,166,0
2024-06-18,14,5,10,1,0,27.9,0,152,20,0.0,132,0,0
2024-06-19,15,5,10,2,0,24.7,0,132,19,0.0,113,0,0
2024-06-20,16,5,10,3,0,28.2,0,113,16,0.0,97,0,0
2024-06-21,17,5,10,4,0,27.4,0,97,9,0.0,88,0,0
2024-06-22,18,5,10,5,1,29.5,0,88,25,0.0,63,0,0
2024-06-23,19,5,10,6,1,31.1,0,63,24,0.0,39,0,0
2024-06-24,20,5,10,0,0,28.2,0,39,15,0.0,152,128,0
2024-06-25,21,5,10,1,0,28.6,0,152,15,0.0,137,0,0
2024-06-26,22,5,10,2,0,26.0,0,137,25,0.0,112,0,0
2024-06-27,23,5,10,3,0,27.2,0,112,22,0.0,90,0,0
2024-06-28,24,5,10,4,0,31.2,0,90,13,0.0,77,0,0
2024-06-29,25,5,10,5,1,27.8,0,77,16,0.0,61,0,0
2024-06-30,26,5,10,6,1,27.4,0,61,28,0.0,33,0,0
2024-07-01,27,5,10,0,0,29.5,0,33,21,0.0,146,134,0
2024-07-02,28,5,10,1,0,28.0,0,146,14,0.0,132,0,0
2024-07-03,29,5,10,2,0,27.3,0,132,15,0.0,117,0,0
2024-07-04,30,5,10,3,0,28.6,0,117,18,0.0,99,0,0
2024-07-05,31,5,10,4,0,27.6,0,99,15,0.0,84,0,0
2024-07-06,32,5,10,5,1,29.8,0,84,20,0.0,64,0,0
2024-07-07,33,5,10,6,1,27.0,0,64,16,0.0,48,0,0
2024-07-08,34,5,10,0,0,28.7,0,48,23,0.0,144,119,0
2024-07-09,35,5,10,1,0,31.4,0,144,22,0.0,122,0,0
2024-07-10,36,5,10,2,0,27.1,0,122,15,0.0,107,0,0
2024-07-11,37,5,10,3,0,25.1,0,107,20,0.0,87,0,0
2024-07-12,38,5,10,4,0,29.4,0,87,10,0.0,77,0,0
2024-07-13,39,5,10,5,1,29.4,0,77,19,0.0,58,0,0
2024-07-14,40,5,10,6,1,27.3,0,58,21,0.0,37,0,0
2024-07-15,41,5,10,0,0,28.4,0,37,14,0.0,153,130,0
2024-07-16,42,5,10,1,0,28.2,0,153,15,0.0,138,0,0
2024-07-17,43,5,10,2,0,26.0,0,138,21,0.0,117,0,0
2024-07-18,44,5,10,3,0,28.6,0,117,17,0.0,100,0,0
2024-06-04,0,5,11,1,0,29.9,0,84,14,0.0,70,0,0
2024-06-05,1,5,11,2,0,30.0,0,70,10,0.0,60,0,0
2024-06-06,2,5,11,3,0,27.6,0,60,6,0.0,54,0,0
2024-06-07,3,5,11,4,0,30.6,0,54,11,0.0,43,0,0
2024-06-08,4,5,11,5,1,28.7,0,43,17,0.0,26,0,0
2024-06-09,5,5,11,6,1,22.7,0,26,16,0.0,10,0,0
2024-06-10,6,5,11,0,0,27.9,0,10,14,0.0,79,83,0
2024-06-11,7,5,11,1,0,27.6,0,79,16,0.0,63,0,0
2024-06-12,8,5,11,2,0,26.3,0,63,10,0.0,53,0,0
2024-06-13,9,5,11,3,0,27.7,0,53,10,0.0,43,0,0
2024-06-14,10,5,11,4,0,27.5,0,43,15,0.0,28,0,0
2024-06-15,11,5,11,5,1,28.7,0,28,15,0.0,13,0,0
2024-06-16,12,5,11,6,1,29.8,0,13,13,0.0,0,0,0
2024-06-17,13,5,11,0,0,27.8,0,0,8,0.0,85,93,0
2024-06-18,14,5,11,1,0,27.9,0,85,10,0.0,75,0,0
2024-06-19,15,5,11,2,0,24.7,0,75,9,0.0,66,0,0
2024-06-20,16,5,11,3,0,28.2,0,66,14,0.0,52,0,0
2024-06-21,17,5,11,4,0,27.4,0,52,14,0.0,38,0,0
2024-06-22,18,5,11,5,1,29.5,0,38,14,0.0,24,0,0
2024-06-23,19,5,11,6,1,31.1,0,24,7,0.0,17,0,0
2024-06-24,20,5,11,0,0,28.2,0,17,11,0.0,82,76,0
2024-06-25,21,5,11,1,0,28.6,0,82,13,0.0,69,0,0
2024-06-26,22,5,11,2,0,26.0,0,69,10,0.0,59,0,0
2024-06-27,23,5,11,3,0,27.2,0,59,10,0.0,49,0,0
2024-06-28,24,5,11,4,0,31.2,0,49,9,0.0,40,0,0
2024-06-29,25,5,11,5,1,27.8,0,40,18,0.0,22,0,0
2024-06-30,26,5,11,6,1,27.4,0,22,10,0.0,12,0,0
2024-07-01,27,5,11,0,0,29.5,0,12,9,0.0,84,81,0
2024-07-02,28,5,11,1,0,28.0,0,84,9,0.0,75,0,0
2024-07-03,29,5,11,2,0,27.3,0,75,15,0.0,60,0,0
2024-07-04,30,5,11,3,0,28.6,0,60,16,0.0,44,0,0
2024-07-05,31,5,11,4,0,27.6,0,44,7,0.0,37,0,0
2024-07-06,32,5,11,5,1,29.8,0,37,15,0.0,22,0,0
2024-07-07,33,5,11,6,1,27.0,0,22,16,0.0,6,0,0
2024-07-08,34,5,11,0,0,28.7,0,6,15,0.0,78,87,0
2024-07-09,35,5,11,1,0,31.4,0,78,18,0.0,60,0,0
2024-07-10,36,5,11,2,0,27.1,0,60,6,0.0,54,0,0
2024-07-11,37,5,11,3,0,25.1,0,54,8,0.0,46,0,0
2024-07-12,38,5,11,4,0,29.4,0,46,15,0.0,31,0,0
2024-07-13,39,5,11,5,1,29.4,0,31,18,0.0,13,0,0
2024-07-14,40,5,11,6,1,27.3,0,13,13,0.0,0,0,0
2024-07-15,41,5,11,0,0,28.4,0,0,9,0.0,84,93,0
2024-07-16,42,5,11,1,0,28.2,0,84,8,0.0,76,0,0
2024-07-17,43,5,11,2,0,26.0,0,76,17,0.0,59,0,0
2024-07-18,44,5,11,3,0,28.6,0,59,12,0.0,47,0,0
2024-06-04,0,5,12,1,0,29.9,0,1,11,0.0,64,74,0
2024-06-05,1,5,12,2,0,30.0,0,64,13,0.0,51,0,0
2024-06-06,2,5,12,3,0,27.6,0,51,18,0.0,33,0,0
2024-06-07,3,5,12,4,0,30.6,0,33,10,0.0,23,0,0
2024-06-08,4,5,12,5,1,28.7,0,23,13,0.0,10,0,0
2024-06-09,5,5,12,6,1,22.7,0,10,9,0.0,66,65,0
2024-06-10,6,5,12,0,0,27.9,0,66,12,0.0,54,0,0
2024-06-11,7,5,12,1,0,27.6,0,54,18,0.0,36,0,0
2024-06-12,8,5,12,2,0,26.3,0,36,9,0.0,27,0,0
2024-06-13,9,5,12,3,0,27.7,0,27,6,0.0,21,0,0
2024-06-14,10,5,12,4,0,27.5,0,21,5,0.0,70,54,0
2024-06-15,11,5,12,5,1,28.7,0,70,7,0.0,63,0,0
2024-06-16,12,5,12,6,1,29.8,0,63,9,0.0,54,0,0
2024-06-17,13,5,12,0,0,27.8,0,54,13,0.0,41,0,0
2024-06-18,14,5,12,1,0,27.9,0,41,8,0.0,33,0,0
2024-06-19,15,5,12,2,0,24.7,0,33,12,0.0,63,42,0
2024-06-20,16,5,12,3,0,28.2,0,63,11,0.0,52,0,0
2024-06-21,17,5,12,4,0,27.4,0,52,7,0.0,45,0,0
2024-06-22,18,5,12,5,1,29.5,0,45,17,0.0,28,0,0
2024-06-23,19,5,12,6,1,31.1,0,28,14,0.0,14,0,0
2024-06-24,20,5,12,0,0,28.2,0,14,9,0.0,66,61,0
2024-06-25,21,5,12,1,0,28.6,0,66,9,0.0,57,0,0
2024-06-26,22,5,12,2,0,26.0,0,57,15,0.0,42,0,0
2024-06-27,23,5,12,3,0,27.2,0,42,13,0.0,29,0,0
2024-06-28,24,5,12,4,0,31.2,0,29,5,0.0,24,0,0
2024-06-29,25,5,12,5,1,27.8,0,24,8,0.0,67,51,0
2024-06-30,26,5,12,6,1,27.4,0,67,10,0.0,57,0,0
2024-07-01,27,5,12,0,0,29.5,0,57,11,0.0,46,0,0
2024-07-02,28,5,12,1,0,28.0,0,46,13,0.0,33,0,0
2024-07-03,29,5,12,2,0,27.3,0,33,12,0.0,21,0,0
2024-07-04,30,5,12,3,0,28.6,0,21,22,0.0,53,54,0
2024-07-05,31,5,12,4,0,27.6,0,53,6,0.0,47,0,0
2024-07-06,32,5,12,5,1,29.8,0,47,18,0.0,29,0,0
2024-07-07,33,5,12,6,1,27.0,0,29,16,0.0,13,0,0
2024-07-08,34,5,12,0,0,28.7,0,13,13,0.0,0,0,0
2024-07-09,35,5,12,1,0,31.4,0,0,17,0.0,58,75,0
2024-07-10,36,5,12,2,0,27.1,0,58,13,0.0,45,0,0
2024-07-11,37,5,12,3,0,25.1,0,45,9,0.0,36,0,0
2024-07-12,38,5,12,4,0,29.4,0,36,9,0.0,27,0,0
2024-07-13,39,5,12,5,1,29.4,0,27,8,0.0,19,0,0
2024-07-14,40,5,12,6,1,27.3,0,19,12,0.0,63,56,0
2024-07-15,41,5,12,0,0,28.4,0,63,4,0.0,59,0,0
2024-07-16,42,5,12,1,0,28.2,0,59,11,0.0,48,0,0
2024-07-17,43,5,12,2,0,26.0,0,48,7,0.0,41,0,0
2024-07-18,44,5,12,3,0,28.6,0,41,14,0.0,27,0,0
2024-06-04,0,6,1,1,0,30.9,0,290,46,0.0,244,0,0
2024-06-05,1,6,1,2,0,29.2,0,244,47,0.0,197,0,0
2024-06-06,2,6,1,3,0,26.6,0,197,39,0.0,158,0,0
2024-06-07,3,6,1,4,0,33.8,0,158,47,0.0,111,0,0
2024-06-08,4,6,1,5,1,31.7,0,111,50,0.0,61,0,0
2024-06-09,5,6,1,6,1,31.4,0,61,42,0.0,19,0,0
2024-06-10,6,6,1,0,0,29.9,0,19,36,0.0,312,329,0
2024-06-11,7,6,1,1,0,28.2,0,312,30,0.0,282,0,0
2024-06-12,8,6,1,2,0,30.7,0,282,47,0.0,235,0,0
2024-06-13,9,6,1,3,0,33.1,0,235,43,0.0,192,0,0
2024-06-14,10,6,1,4,0,32.7,0,192,46,0.0,146,0,0
2024-06-15,11,6,1,5,1,29.9,0,146,45,0.0,101,0,0
2024-06-16,12,6,1,6,1,30.2,0,101,43,0.0,58,0,0
2024-06-17,13,6,1,0,0,28.3,0,58,38,0.0,310,290,0
2024-06-18,14,6,1,1,0,29.4,0,310,56,0.0,254,0,0
2024-06-19,15,6,1,2,0,30.8,0,254,41,0.0,213,0,0
2024-06-20,16,6,1,3,0,30.1,0,213,54,0.0,159,0,0
2024-06-21,17,6,1,4,0,30.4,0,159,41,0.0,118,0,0
2024-06-22,18,6,1,5,1,33.0,0,118,61,0.0,57,0,0
2024-06-23,19,6,1,6,1,31.0,0,57,57,0.0,0,0,0
2024-06-24,20,6,1,0,0,31.4,0,0,45,0.0,303,348,0
2024-06-25,21,6,1,1,0,30.6,0,303,57,0.0,246,0,0
2024-06-26,22,6,1,2,0,29.5,0,246,52,0.0,194,0,0
2024-06-27,23,6,1,3,0,30.9,0,194,40,0.0,154,0,0
2024-06-28,24,6,1,4,0,29.5,0,154,43,0.0,111,0,0
2024-06-29,25,6,1,5,1,29.3,0,111,58,0.0,53,0,0
2024-06-30,26,6,1,6,1,29.8,0,53,44,0.0,9,0,0
2024-07-01,27,6,1,0,0,30.1,0,9,40,0.0,308,339,0
2024-07-02,28,6,1,1,0,30.0,0,308,43,0.0,265,0,0
2024-07-03,29,6,1,2,0,30.1,0,265,39,0.0,226,0,0
2024-07-04,30,6,1,3,0,29.9,0,226,31,0.0,195,0,0
2024-07-05,31,6,1,4,0,29.6,0,195,51,0.0,144,0,0
2024-07-06,32,6,1,5,1,29.8,0,144,47,0.0,97,0,0
2024-07-07,33,6,1,6,1,28.9,0,97,44,0.0,53,0,0
2024-07-08,34,6,1,0,0,29.1,0,53,33,0.0,315,295,0
2024-07-09,35,6,1,1,0,28.5,0,315,52,0.0,263,0,0
2024-07-10,36,6,1,2,0,31.9,0,263,44,0.0,219,0,0
2024-07-11,37,6,1,3,0,30.5,0,219,38,0.0,181,0,0
2024-07-12,38,6,1,4,0,30.7,0,181,41,0.0,140,0,0
2024-07-13,39,6,1,5,1,30.2,0,140,37,0.0,103,0,0
2024-07-14,40,6,1,6,1,30.1,0,103,76,0.0,27,0,0
2024-07-15,41,6,1,0,0,28.7,0,27,44,0.0,304,321,0
2024-07-16,42,6,1,1,0,34.2,0,304,57,0.0,247,0,0
2024-07-17,43,6,1,2,0,29.1,0,247,46,0.0,201,0,0
2024-07-18,44,6,1,3,0,28.5,0,201,47,0.0,154,0,0
2024-06-04,0,6,2,1,0,30.9,0,14,20,0.0,11,17,0
2024-06-05,1,6,2,2,0,29.2,0,11,16,0.0,15,20,0
2024-06-06,2,6,2,3,0,26.6,0,15,16,0.0,15,16,0
2024-06-07,3,6,2,4,0,33.8,0,15,14,0.0,17,16,0
2024-06-08,4,6,2,5,1,31.7,0,17,23,0.0,8,14,0
2024-06-09,5,6,2,6,1,31.4,0,8,21,0.0,10,23,0
2024-06-10,6,6,2,0,0,29.9,0,10,25,0.0,6,21,0
2024-06-11,7,6,2,1,0,28.2,0,6,21,0.0,10,25,0
2024-06-12,8,6,2,2,0,30.7,0,10,19,0.0,12,21,0
2024-06-13,9,6,2,3,0,33.1,0,12,13,0.0,18,19,0
2024-06-14,10,6,2,4,0,32.7,0,18,22,0.0,9,13,0
2024-06-15,11,6,2,5,1,29.9,0,9,17,0.0,14,22,0
2024-06-16,12,6,2,6,1,30.2,0,14,22,0.0,9,17,0
2024-06-17,13,6,2,0,0,28.3,0,9,23,0.0,8,22,0
2024-06-18,14,6,2,1,0,29.4,0,8,10,0.0,21,23,0
2024-06-19,15,6,2,2,0,30.8,0,21,21,0.0,10,10,0
2024-06-20,16,6,2,3,0,30.1,0,10,14,0.0,17,21,0
2024-06-21,17,6,2,4,0,30.4,0,17,12,0.0,19,14,0
2024-06-22,18,6,2,5,1,33.0,0,19,28,0.0,3,12,0
2024-06-23,19,6,2,6,1,31.0,0,3,23,0.0,8,28,0
2024-06-24,20,6,2,0,0,31.4,0,8,19,0.0,12,23,0
2024-06-25,21,6,2,1,0,30.6,0,12,16,0.0,15,19,0
2024-06-26,22,6,2,2,0,29.5,0,15,16,0.0,15,16,0
2024-06-27,23,6,2,3,0,30.9,0,15,16,0.0,15,16,0
2024-06-28,24,6,2,4,0,29.5,0,15,16,0.0,15,16,0
2024-06-29,25,6,2,5,1,29.3,0,15,21,0.0,10,16,0
2024-06-30,26,6,2,6,1,29.8,0,10,26,0.0,5,21,0
2024-07-01,27,6,2,0,0,30.1,0,5,12,0.0,19,26,0
2024-07-02,28,6,2,1,0,30.0,0,19,19,0.0,12,12,0
2024-07-03,29,6,2,2,0,30.1,0,12,24,0.0,7,19,0
2024-07-04,30,6,2,3,0,29.9,0,7,10,0.0,21,24,0
2024-07-05,31,6,2,4,0,29.6,0,21,21,0.0,10,10,0
2024-07-06,32,6,2,5,1,29.8,0,10,24,0.0,7,21,0
2024-07-07,33,6,2,6,1,28.9,0,7,19,0.0,12,24,0
2024-07-08,34,6,2,0,0,29.1,0,12,27,0.0,4,19,0
2024-07-09,35,6,2,1,0,28.5,0,4,23,0.0,8,27,0
2024-07-10,36,6,2,2,0,31.9,0,8,17,0.0,14,23,0
2024-07-11,37,6,2,3,0,30.5,0,14,19,0.0,12,17,0
2024-07-12,38,6,2,4,0,30.7,0,12,24,0.0,7,19,0
2024-07-13,39,6,2,5,1,30.2,0,7,26,0.0,5,24,0
2024-07-14,40,6,2,6,1,30.1,0,5,31,0.0,0,26,0
2024-07-15,41,6,2,0,0,28.7,0,0,17,0.0,14,31,0
2024-07-16,42,6,2,1,0,34.2,0,14,23,0.0,8,17,0
2024-07-17,43,6,2,2,0,29.1,0,8,17,0.0,14,23,0
2024-07-18,44,6,2,3,0,28.5,0,14,17,0.0,14,17,0
2024-06-04,0,6,3,1,0,30.9,0,182,31,0.0,151,0,0
2024-06-05,1,6,3,2,0,29.2,0,151,43,0.0,108,0,0
2024-06-06,2,6,3,3,0,26.6,0,108,17,0.0,91,0,0
2024-06-07,3,6,3,4,0,33.8,0,91,17,0.0,74,0,0
2024-06-08,4,6,3,5,1,31.7,0,74,37,0.0,37,0,0
2024-06-09,5,6,3,6,1,31.4,0,37,21,0.0,16,0,0
2024-06-10,6,6,3,0,0,29.9,0,16,31,0.0,173,188,0
2024-06-11,7,6,3,1,0,28.2,0,173,28,0.0,145,0,0
2024-06-12,8,6,3,2,0,30.7,0,145,23,0.0,122,0,0
2024-06-13,9,6,3,3,0,33.1,0,122,32,0.0,90,0,0
2024-06-14,10,6,3,4,0,32.7,0,90,23,0.0,67,0,0
2024-06-15,11,6,3,5,1,29.9,0,67,35,0.0,32,0,0
2024-06-16,12,6,3,6,1,30.2,0,32,32,0.0,0,0,0
2024-06-17,13,6,3,0,0,28.3,0,0,21,0.0,183,204,0
2024-06-18,14,6,3,1,0,29.4,0,183,27,0.0,156,0,0
2024-06-19,15,6,3,2,0,30.8,0,156,33,0.0,123,0,0
2024-06-20,16,6,3,3,0,30.1,0,123,20,0.0,103,0,0
2024-06-21,17,6,3,4,0,30.4,0,103,21,0.0,82,0,0
2024-06-22,18,6,3,5,1,33.0,0,82,25,0.0,57,0,0
2024-06-23,19,6,3,6,1,31.0,0,57,38,0.0,19,0,0
2024-06-24,20,6,3,0,0,31.4,0,19,21,0.0,183,185,0
2024-06-25,21,6,3,1,0,30.6,0,183,28,0.0,155,0,0
2024-06-26,22,6,3,2,0,29.5,0,155,28,0.0,127,0,0
2024-06-27,23,6,3,3,0,30.9,0,127,17,0.0,110,0,0
2024-06-28,24,6,3,4,0,29.5,0,110,17,0.0,93,0,0
2024-06-29,25,6,3,5,1,29.3,0,93,30,0.0,63,0,0
2024-06-30,26,6,3,6,1,29.8,0,63,22,0.0,41,0,0
2024-07-01,27,6,3,0,0,30.1,0,41,19,0.0,185,163,0
2024-07-02,28,6,3,1,0,30.0,0,185,25,0.0,160,0,0
2024-07-03,29,6,3,2,0,30.1,0,160,24,0.0,136,0,0
2024-07-04,30,6,3,3,0,29.9,0,136,23,0.0,113,0,0
2024-07-05,31,6,3,4,0,29.6,0,113,23,0.0,90,0,0
2024-07-06,32,6,3,5,1,29.8,0,90,33,0.0,57,0,0
2024-07-07,33,6,3,6,1,28.9,0,57,20,0.0,37,0,0
2024-07-08,34,6,3,0,0,29.1,0,37,29,0.0,175,167,0
2024-07-09,35,6,3,1,0,28.5,0,175,30,0.0,145,0,0
2024-07-10,36,6,3,2,0,31.9,0,145,20,0.0,125,0,0
2024-07-11,37,6,3,3,0,30.5,0,125,30,0.0,95,0,0
2024-07-12,38,6,3,4,0,30.7,0,95,25,0.0,70,0,0
2024-07-13,39,6,3,5,1,30.2,0,70,29,0.0,41,0,0
2024-07-14,40,6,3,6,1,30.1,0,41,32,0.0,9,0,0
2024-07-15,41,6,3,0,0,28.7,0,9,31,0.0,173,195,0
2024-07-16,42,6,3,1,0,34.2,0,173,21,0.0,152,0,0
2024-07-17,43,6,3,2,0,29.1,0,152,27,0.0,125,0,0
2024-07-18,44,6,3,3,0,28.5,0,125,21,0.0,104,0,0
2024-06-04,0,6,4,1,0,30.9,0,157,21,0.0,136,0,0
2024-06-05,1,6,4,2,0,29.2,0,136,21,0.0,115,0,0
2024-06-06,2,6,4,3,0,26.6,0,115,24,0.0,91,0,0
2024-06-07,3,6,4,4,0,33.8,0,91,20,0.0,71,0,0
2024-06-08,4,6,4,5,1,31.7,0,71,29,0.0,42,0,0
2024-06-09,5,6,4,6,1,31.4,0,42,25,0.0,17,0,0
2024-06-10,6,6,4,0,0,29.9,0,17,30,0.0,154,167,0
2024-06-11,7,6,4,1,0,28.2,0,154,27,0.0,127,0,0
2024-06-12,8,6,4,2,0,30.7,0,127,26,0.0,101,0,0
2024-06-13,9,6,4,3,0,33.1,0,101,26,0.0,75,0,0
2024-06-14,10,6,4,4,0,32.7,0,75,18,0.0,57,0,0
2024-06-15,11,6,4,5,1,29.9,0,57,33,0.0,24,0,0
2024-06-16,12,6,4,6,1,30.2,0,24,24,0.0,0,0,0
2024-06-17,13,6,4,0,0,28.3,0,0,22,0.0,162,184,0
2024-06-18,14,6,4,1,0,29.4,0,162,26,0.0,136,0,0
2024-06-19,15,6,4,2,0,30.8,0,136,18,0.0,118,0,0
2024-06-20,16,6,4,3,0,30.1,0,118,19,0.0,99,0,0
2024-06-21,17,6,4,4,0,30.4,0,99,26,0.0,73,0,0
2024-06-22,18,6,4,5,1,33.0,0,73,25,0.0,48,0,0
2024-06-23,19,6,4,6,1,31.0,0,48,24,0.0,24,0,0
2024-06-24,20,6,4,0,0,31.4,0,24,25,0.0,159,160,0
2024-06-25,21,6,4,1,0,30.6,0,159,13,0.0,146,0,0
2024-06-26,22,6,4,2,0,29.5,0,146,26,0.0,120,0,0
2024-06-27,23,6,4,3,0,30.9,0,120,21,0.0,99,0,0
2024-06-28,24,6,4,4,0,29.5,0,99,17,0.0,82,0,0
2024-06-29,25,6,4,5,1,29.3,0,82,20,0.0,62,0,0
2024-06-30,26,6,4,6,1,29.8,0,62,29,0.0,33,0,0
2024-07-01,27,6,4,0,0,30.1,0,33,23,0.0,161,151,0
2024-07-02,28,6,4,1,0,30.0,0,161,26,0.0,135,0,0
2024-07-03,29,6,4,2,0,30.1,0,135,26,0.0,109,0,0
2024-07-04,30,6,4,3,0,29.9,0,109,14,0.0,95,0,0
2024-07-05,31,6,4,4,0,29.6,0,95,22,0.0,73,0,0
2024-07-06,32,6,4,5,1,29.8,0,73,21,0.0,52,0,0
2024-07-07,33,6,4,6,1,28.9,0,52,25,0.0,27,0,0
2024-07-08,34,6,4,0,0,29.1,0,27,21,0.0,163,157,0
2024-07-09,35,6,4,1,0,28.5,0,163,20,0.0,143,0,0
2024-07-10,36,6,4,2,0,31.9,0,143,25,0.0,118,0,0
2024-07-11,37,6,4,3,0,30.5,0,118,31,0.0,87,0,0
2024-07-12,38,6,4,4,0,30.7,0,87,24,0.0,63,0,0
2024-07-13,39,6,4,5,1,30.2,0,63,27,0.0,36,0,0
2024-07-14,40,6,4,6,1,30.1,0,36,29,0.0,7,0,0
2024-07-15,41,6,4,0,0,28.7,0,7,27,0.0,157,177,0
2024-07-16,42,6,4,1,0,34.2,0,157,28,0.0,129,0,0
2024-07-17,43,6,4,2,0,29.1,0,129,28,0.0,101,0,0
2024-07-18,44,6,4,3,0,28.5,0,101,21,0.0,80,0,0
2024-06-04,0,6,5,1,0,30.9,0,71,16,0.0,55,0,0
2024-06-05,1,6,5,2,0,29.2,0,55,8,0.0,47,0,0
2024-06-06,2,6,5,3,0,26.6,0,47,11,0.0,36,0,0
2024-06-07,3,6,5,4,0,33.8,0,36,7,0.0,29,0,0
2024-06-08,4,6,5,5,1,31.7,0,29,10,0.0,19,0,0
2024-06-09,5,6,5,6,1,31.4,0,19,11,0.0,8,0,0
2024-06-10,6,6,5,0,0,29.9,0,8,13,0.0,66,71,0
2024-06-11,7,6,5,1,0,28.2,0,66,11,0.0,55,0,0
2024-06-12,8,6,5,2,0,30.7,0,55,6,0.0,49,0,0
2024-06-13,9,6,5,3,0,33.1,0,49,8,0.0,41,0,0
2024-06-14,10,6,5,4,0,32.7,0,41,14,0.0,27,0,0
2024-06-15,11,6,5,5,1,29.9,0,27,9,0.0,18,0,0
2024-06-16,12,6,5,6,1,30.2,0,18,16,0.0,2,0,0
2024-06-17,13,6,5,0,0,28.3,0,2,12,0.0,67,77,0
2024-06-18,14,6,5,1,0,29.4,0,67,8,0.0,59,0,0
2024-06-19,15,6,5,2,0,30.8,0,59,5,0.0,54,0,0
2024-06-20,16,6,5,3,0,30.1,0,54,10,0.0,44,0,0
2024-06-21,17,6,5,4,0,30.4,0,44,11,0.0,33,0,0
2024-06-22,18,6,5,5,1,33.0,0,33,7,0.0,26,0,0
2024-06-23,19,6,5,6,1,31.0,0,26,12,0.0,14,0,0
2024-06-24,20,6,5,0,0,31.4,0,14,11,0.0,68,65,0
2024-06-25,21,6,5,1,0,30.6,0,68,16,0.0,52,0,0
2024-06-26,22,6,5,2,0,29.5,0,52,10,0.0,42,0,0
2024-06-27,23,6,5,3,0,30.9,0,42,5,0.0,37,0,0
2024-06-28,24,6,5,4,0,29.5,0,37,6,0.0,31,0,0
2024-06-29,25,6,5,5,1,29.3,0,31,7,0.0,24,0,0
2024-06-30,26,6,5,6,1,29.8,0,24,13,0.0,11,0,0
2024-07-01,27,6,5,0,0,30.1,0,11,11,0.0,68,68,0
2024-07-02,28,6,5,1,0,30.0,0,68,8,0.0,60,0,0
2024-07-03,29,6,5,2,0,30.1,0,60,15,0.0,45,0,0
2024-07-04,30,6,5,3,0,29.9,0,45,5,0.0,40,0,0
2024-07-05,31,6,5,4,0,29.6,0,40,8,0.0,32,0,0
2024-07-06,32,6,5,5,1,29.8,0,32,13,0.0,19,0,0
2024-07-07,33,6,5,6,1,28.9,0,19,19,0.0,0,0,0
2024-07-08,34,6,5,0,0,29.1,0,0,12,0.0,67,79,0
2024-07-09,35,6,5,1,0,28.5,0,67,10,0.0,57,0,0
2024-07-10,36,6,5,2,0,31.9,0,57,9,0.0,48,0,0
2024-07-11,37,6,5,3,0,30.5,0,48,11,0.0,37,0,0
2024-07-12,38,6,5,4,0,30.7,0,37,8,0.0,29,0,0
2024-07-13,39,6,5,5,1,30.2,0,29,11,0.0,18,0,0
2024-07-14,40,6,5,6,1,30.1,0,18,14,0.0,4,0,0
2024-07-15,41,6,5,0,0,28.7,0,4,14,0.0,65,75,0
2024-07-16,42,6,5,1,0,34.2,0,65,12,0.0,53,0,0
2024-07-17,43,6,5,2,0,29.1,0,53,11,0.0,42,0,0
2024-07-18,44,6,5,3,0,28.5,0,42,6,0.0,36,0,0
2024-06-04,0,6,6,1,0,30.9,0,34,2,0.0,32,0,0
2024-06-05,1,6,6,2,0,29.2,0,32,6,0.0,26,0,0
2024-06-06,2,6,6,3,0,26.6,0,26,5,0.0,21,0,0
2024-06-07,3,6,6,4,0,33.8,0,21,6,0.0,15,0,0
2024-06-08,4,6,6,5,1,31.7,0,15,7,0.0,8,0,0
2024-06-09,5,6,6,6,1,31.4,0,8,6,0.0,2,0,0
2024-06-10,6,6,6,0,0,29.9,0,2,5,0.0,34,37,0
2024-06-11,7,6,6,1,0,28.2,0,34,3,0.0,31,0,0
2024-06-12,8,6,6,2,0,30.7,0,31,6,0.0,25,0,0
2024-06-13,9,6,6,3,0,33.1,0,25,3,0.0,22,0,0
2024-06-14,10,6,6,4,0,32.7,0,22,3,0.0,19,0,0
2024-06-15,11,6,6,5,1,29.9,0,19,1,0.0,18,0,0
2024-06-16,12,6,6,6,1,30.2,0,18,4,0.0,14,0,0
2024-06-17,13,6,6,0,0,28.3,0,14,3,0.0,36,25,0
2024-06-18,14,6,6,1,0,29.4,0,36,2,0.0,34,0,0
2024-06-19,15,6,6,2,0,30.8,0,34,3,0.0,31,0,0
2024-06-20,16,6,6,3,0,30.1,0,31,3,0.0,28,0,0
2024-06-21,17,6,6,4,0,30.4,0,28,1,0.0,27,0,0
2024-06-22,18,6,6,5,1,33.0,0,27,4,0.0,23,0,0
2024-06-23,19,6,6,6,1,31.0,0,23,10,0.0,13,0,0
2024-06-24,20,6,6,0,0,31.4,0,13,2,0.0,37,26,0
2024-06-25,21,6,6,1,0,30.6,0,37,8,0.0,29,0,0
2024-06-26,22,6,6,2,0,29.5,0,29,2,0.0,27,0,0
2024-06-27,23,6,6,3,0,30.9,0,27,2,0.0,25,0,0
2024-06-28,24,6,6,4,0,29.5,0,25,4,0.0,21,0,0
2024-06-29,25,6,6,5,1,29.3,0,21,6,0.0,15,0,0
2024-06-30,26,6,6,6,1,29.8,0,15,2,0.0,13,0,0
2024-07-01,27,6,6,0,0,30.1,0,13,7,0.0,32,26,0
2024-07-02,28,6,6,1,0,30.0,0,32,5,0.0,27,0,0
2024-07-03,29,6,6,2,0,30.1,0,27,7,0.0,20,0,0
2024-07-04,30,6,6,3,0,29.9,0,20,7,0.0,13,0,0
2024-07-05,31,6,6,4,0,29.6,0,13,7,0.0,6,0,0
2024-07-06,32,6,6,5,1,29.8,0,6,4,0.0,2,0,0
2024-07-07,33,6,6,6,1,28.9,0,2,2,0.0,0,0,0
2024-07-08,34,6,6,0,0,29.1,0,0,5,0.0,34,39,0
2024-07-09,35,6,6,1,0,28.5,0,34,4,0.0,30,0,0
2024-07-10,36,6,6,2,0,31.9,0,30,2,0.0,28,0,0
2024-07-11,37,6,6,3,0,30.5,0,28,9,0.0,19,0,0
2024-07-12,38,6,6,4,0,30.7,0,19,4,0.0,15,0,0
2024-07-13,39,6,6,5,1,30.2,0,15,10,0.0,5,0,0
2024-07-14,40,6,6,6,1,30.1,0,5,5,0.0,0,0,0
2024-07-15,41,6,6,0,0,28.7,0,0,4,0.0,35,39,0
2024-07-16,42,6,6,1,0,34.2,0,35,3,0.0,32,0,0
2024-07-17,43,6,6,2,0,29.1,0,32,6,0.0,26,0,0
2024-07-18,44,6,6,3,0,28.5,0,26,5,0.0,21,0,0
2024-06-04,0,6,7,1,0,30.9,0,27,6,0.0,21,0,0
2024-06-05,1,6,7,2,0,29.2,0,21,2,0.0,19,0,0
2024-06-06,2,6,7,3,0,26.6,0,19,3,0.0,16,0,0
2024-06-07,3,6,7,4,0,33.8,0,16,3,0.0,13,0,0
2024-06-08,4,6,7,5,1,31.7,0,13,6,0.0,7,0,0
2024-06-09,5,6,7,6,1,31.4,0,7,6,0.0,1,0,0
2024-06-10,6,6,7,0,0,29.9,0,1,4,0.0,27,30,0
2024-06-11,7,6,7,1,0,28.2,0,27,2,0.0,25,0,0
2024-06-12,8,6,7,2,0,30.7,0,25,8,0.0,17,0,0
2024-06-13,9,6,7,3,0,33.1,0,17,4,0.0,13,0,0
2024-06-14,10,6,7,4,0,32.7,0,13,2,0.0,11,0,0
2024-06-15,11,6,7,5,1,29.9,0,11,5,0.0,6,0,0
2024-06-16,12,6,7,6,1,30.2,0,6,5,0.0,1,0,0
2024-06-17,13,6,7,0,0,28.3,0,1,1,0.0,30,30,0
2024-06-18,14,6,7,1,0,29.4,0,30,4,0.0,26,0,0
2024-06-19,15,6,7,2,0,30.8,0,26,6,0.0,20,0,0
2024-06-20,16,6,7,3,0,30.1,0,20,3,0.0,17,0,0
2024-06-21,17,6,7,4,0,30.4,0,17,2,0.0,15,0,0
2024-06-22,18,6,7,5,1,33.0,0,15,5,0.0,10,0,0
2024-06-23,19,6,7,6,1,31.0,0,10,2,0.0,8,0,0
2024-06-24,20,6,7,0,0,31.4,0,8,7,0.0,24,23,0
2024-06-25,21,6,7,1,0,30.6,0,24,8,0.0,16,0,0
2024-06-26,22,6,7,2,0,29.5,0,16,1,0.0,15,0,0
2024-06-27,23,6,7,3,0,30.9,0,15,1,0.0,14,0,0
2024-06-28,24,6,7,4,0,29.5,0,14,0,0.0,14,0,0
2024-06-29,25,6,7,5,1,29.3,0,14,6,0.0,8,0,0
2024-06-30,26,6,7,6,1,29.8,0,8,5,0.0,3,0,0
2024-07-01,27,6,7,0,0,30.1,0,3,3,0.0,28,28,0
2024-07-02,28,6,7,1,0,30.0,0,28,4,0.0,24,0,0
2024-07-03,29,6,7,2,0,30.1,0,24,3,0.0,21,0,0
2024-07-04,30,6,7,3,0,29.9,0,21,4,0.0,17,0,0
2024-07-05,31,6,7,4,0,29.6,0,17,2,0.0,15,0,0
2024-07-06,32,6,7,5,1,29.8,0,15,11,0.0,4,0,0
2024-07-07,33,6,7,6,1,28.9,0,4,4,0.0,0,0,0
2024-07-08,34,6,7,0,0,29.1,0,0,3,0.0,28,31,0
2024-07-09,35,6,7,1,0,28.5,0,28,2,0.0,26,0,0
2024-07-10,36,6,7,2,0,31.9,0,26,3,0.0,23,0,0
2024-07-11,37,6,7,3,0,30.5,0,23,3,0.0,20,0,0
2024-07-12,38,6,7,4,0,30.7,0,20,1,0.0,19,0,0
2024-07-13,39,6,7,5,1,30.2,0,19,7,0.0,12,0,0
2024-07-14,40,6,7,6,1,30.1,0,12,3,0.0,9,0,0
2024-07-15,41,6,7,0,0,28.7,0,9,3,0.0,28,22,0
2024-07-16,42,6,7,1,0,34.2,0,28,4,0.0,24,0,0
2024-07-17,43,6,7,2,0,29.1,0,24,5,0.0,19,0,0
2024-07-18,44,6,7,3,0,28.5,0,19,3,0.0,16,0,0
2024-06-04,0,6,8,1,0,30.9,0,277,34,0.0,243,0,0
2024-06-05,1,6,8,2,0,29.2,0,243,33,0.0,210,0,0
2024-06-06,2,6,8,3,0,26.6,0,210,33,0.0,177,0,0
2024-06-07,3,6,8,4,0,33.8,0,177,52,0.0,125,0,0
2024-06-08,4,6,8,5,1,31.7,0,125,51,0.0,74,0,0
2024-06-09,5,6,8,6,1,31.4,0,74,45,0.0,29,0,0
2024-06-10,6,6,8,0,0,29.9,0,29,44,0.0,282,297,0
2024-06-11,7,6,8,1,0,28.2,0,282,65,0.0,217,0,0
2024-06-12,8,6,8,2,0,30.7,0,217,44,0.0,173,0,0
2024-06-13,9,6,8,3,0,33.1,0,173,36,0.0,137,0,0
2024-06-14,10,6,8,4,0,32.7,0,137,39,0.0,98,0,0
2024-06-15,11,6,8,5,1,29.9,0,98,39,0.0,59,0,0
2024-06-16,12,6,8,6,1,30.2,0,59,49,0.0,10,0,0
2024-06-17,13,6,8,0,0,28.3,0,10,40,0.0,286,316,0
2024-06-18,14,6,8,1,0,29.4,0,286,35,0.0,251,0,0
2024-06-19,15,6,8,2,0,30.8,0,251,29,0.0,222,0,0
2024-06-20,16,6,8,3,0,30.1,0,222,51,0.0,171,0,0
2024-06-21,17,6,8,4,0,30.4,0,171,46,0.0,125,0,0
2024-06-22,18,6,8,5,1,33.0,0,125,54,0.0,71,0,0
2024-06-23,19,6,8,6,1,31.0,0,71,53,0.0,18,0,0
2024-06-24,20,6,8,0,0,31.4,0,18,50,0.0,276,308,0
2024-06-25,21,6,8,1,0,30.6,0,276,29,0.0,247,0,0
2024-06-26,22,6,8,2,0,29.5,0,247,41,0.0,206,0,0
2024-06-27,23,6,8,3,0,30.9,0,206,41,0.0,165,0,0
2024-06-28,24,6,8,4,0,29.5,0,165,32,0.0,133,0,0
2024-06-29,25,6,8,5,1,29.3,0,133,49,0.0,84,0,0
2024-06-30,26,6,8,6,1,29.8,0,84,52,0.0,32,0,0
2024-07-01,27,6,8,0,0,30.1,0,32,30,0.0,296,294,0
2024-07-02,28,6,8,1,0,30.0,0,296,44,0.0,252,0,0
2024-07-03,29,6,8,2,0,30.1,0,252,36,0.0,216,0,0
2024-07-04,30,6,8,3,0,29.9,0,216,54,0.0,162,0,0
2024-07-05,31,6,8,4,0,29.6,0,162,39,0.0,123,0,0
2024-07-06,32,6,8,5,1,29.8,0,123,43,0.0,80,0,0
2024-07-07,33,6,8,6,1,28.9,0,80,80,0.0,0,0,0
2024-07-08,34,6,8,0,0,29.1,0,0,38,0.0,288,326,0
2024-07-09,35,6,8,1,0,28.5,0,288,27,0.0,261,0,0
2024-07-10,36,6,8,2,0,31.9,0,261,36,0.0,225,0,0
2024-07-11,37,6,8,3,0,30.5,0,225,38,0.0,187,0,0
2024-07-12,38,6,8,4,0,30.7,0,187,40,0.0,147,0,0
2024-07-13,39,6,8,5,1,30.2,0,147,45,0.0,102,0,0
2024-07-14,40,6,8,6,1,30.1,0,102,46,0.0,56,0,0
2024-07-15,41,6,8,0,0,28.7,0,56,58,0.0,268,270,0
2024-07-16,42,6,8,1,0,34.2,0,268,62,0.0,206,0,0
2024-07-17,43,6,8,2,0,29.1,0,206,41,0.0,165,0,0
2024-07-18,44,6,8,3,0,28.5,0,165,33,0.0,132,0,0
2024-06-04,0,6,9,1,0,30.9,0,12,11,0.0,13,12,0
2024-06-05,1,6,9,2,0,29.2,0,13,16,0.0,8,11,0
2024-06-06,2,6,9,3,0,26.6,0,8,12,0.0,12,16,0
2024-06-07,3,6,9,4,0,33.8,0,12,12,0.0,12,12,0
2024-06-08,4,6,9,5,1,31.7,0,12,12,0.0,12,12,0
2024-06-09,5,6,9,6,1,31.4,0,12,16,0.0,8,12,0
2024-06-10,6,6,9,0,0,29.9,0,8,13,0.0,11,16,0
2024-06-11,7,6,9,1,0,28.2,0,11,14,0.0,10,13,0
2024-06-12,8,6,9,2,0,30.7,0,10,14,0.0,10,14,0
2024-06-13,9,6,9,3,0,33.1,0,10,11,0.0,13,14,0
2024-06-14,10,6,9,4,0,32.7,0,13,18,0.0,6,11,0
2024-06-15,11,6,9,5,1,29.9,0,6,17,0.0,7,18,0
2024-06-16,12,6,9,6,1,30.2,0,7,19,0.0,5,17,0
2024-06-17,13,6,9,0,0,28.3,0,5,8,0.0,16,19,0
2024-06-18,14,6,9,1,0,29.4,0,16,11,0.0,13,8,0
2024-06-19,15,6,9,2,0,30.8,0,13,16,0.0,8,11,0
2024-06-20,16,6,9,3,0,30.1,0,8,11,0.0,13,16,0
2024-06-21,17,6,9,4,0,30.4,0,13,10,0.0,14,11,0
2024-06-22,18,6,9,5,1,33.0,0,14,15,0.0,9,10,0
2024-06-23,19,6,9,6,1,31.0,0,9,18,0.0,6,15,0
2024-06-24,20,6,9,0,0,31.4,0,6,9,0.0,15,18,0
2024-06-25,21,6,9,1,0,30.6,0,15,19,0.0,5,9,0
2024-06-26,22,6,9,2,0,29.5,0,5,10,0.0,14,19,0
2024-06-27,23,6,9,3,0,30.9,0,14,18,0.0,6,10,0
2024-06-28,24,6,9,4,0,29.5,0,6,14,0.0,10,18,0
2024-06-29,25,6,9,5,1,29.3,0,10,12,0.0,12,14,0
2024-06-30,26,6,9,6,1,29.8,0,12,24,0.0,0,12,0
2024-07-01,27,6,9,0,0,30.1,0,0,17,0.0,7,24,0
2024-07-02,28,6,9,1,0,30.0,0,7,6,0.0,18,17,0
2024-07-03,29,6,9,2,0,30.1,0,18,22,0.0,2,6,0
2024-07-04,30,6,9,3,0,29.9,0,2,8,0.0,16,22,0
2024-07-05,31,6,9,4,0,29.6,0,16,11,0.0,13,8,0
2024-07-06,32,6,9,5,1,29.8,0,13,15,0.0,9,11,0
2024-07-07,33,6,9,6,1,28.9,0,9,17,0.0,7,15,0
2024-07-08,34,6,9,0,0,29.1,0,7,15,0.0,9,17,0
2024-07-09,35,6,9,1,0,28.5,0,9,19,0.0,5,15,0
2024-07-10,36,6,9,2,0,31.9,0,5,9,0.0,15,19,0
2024-07-11,37,6,9,3,0,30.5,0,15,11,0.0,13,9,0
2024-07-12,38,6,9,4,0,30.7,0,13,15,0.0,9,11,0
2024-07-13,39,6,9,5,1,30.2,0,9,17,0.0,7,15,0
2024-07-14,40,6,9,6,1,30.1,0,7,14,0.0,10,17,0
2024-07-15,41,6,9,0,0,28.7,0,10,5,0.0,19,14,0
2024-07-16,42,6,9,1,0,34.2,0,19,14,0.0,10,5,0
2024-07-17,43,6,9,2,0,29.1,0,10,16,0.0,8,14,0
2024-07-18,44,6,9,3,0,28.5,0,8,16,0.0,8,16,0
2024-06-04,0,6,10,1,0,30.9,0,126,17,0.0,109,0,0
2024-06-05,1,6,10,2,0,29.2,0,109,16,0.0,93,0,0
2024-06-06,2,6,10,3,0,26.6,0,93,22,0.0,71,0,0
2024-06-07,3,6,10,4,0,33.8,0,71,10,0.0,61,0,0
2024-06-08,4,6,10,5,1,31.7,0,61,26,0.0,35,0,0
2024-06-09,5,6,10,6,1,31.4,0,35,25,0.0,10,0,0
2024-06-10,6,6,10,0,0,29.9,0,10,12,0.0,132,134,0
2024-06-11,7,6,10,1,0,28.2,0,132,21,0.0,111,0,0
2024-06-12,8,6,10,2,0,30.7,0,111,21,0.0,90,0,0
2024-06-13,9,6,10,3,0,33.1,0,90,15,0.0,75,0,0
2024-06-14,10,6,10,4,0,32.7,0,75,14,0.0,61,0,0
2024-06-15,11,6,10,5,1,29.9,0,61,19,0.0,42,0,0
2024-06-16,12,6,10,6,1,30.2,0,42,17,0.0,25,0,0
2024-06-17,13,6,10,0,0,28.3,0,25,16,0.0,128,119,0
2024-06-18,14,6,10,1,0,29.4,0,128,26,0.0,102,0,0
2024-06-19,15,6,10,2,0,30.8,0,102,22,0.0,80,0,0
2024-06-20,16,6,10,3,0,30.1,0,80,13,0.0,67,0,0
2024-06-21,17,6,10,4,0,30.4,0,67,19,0.0,48,0,0
2024-06-22,18,6,10,5,1,33.0,0,48,22,0.0,26,0,0
2024-06-23,19,6,10,6,1,31.0,0,26,12,0.0,14,0,0
2024-06-24,20,6,10,0,0,31.4,0,14,19,0.0,125,130,0
2024-06-25,21,6,10,1,0,30.6,0,125,19,0.0,106,0,0
2024-06-26,22,6,10,2,0,29.5,0,106,17,0.0,89,0,0
2024-06-27,23,6,10,3,0,30.9,0,89,17,0.0,72,0,0
2024-06-28,24,6,10,4,0,29.5,0,72,15,0.0,57,0,0
2024-06-29,25,6,10,5,1,29.3,0,57,21,0.0,36,0,0
2024-06-30,26,6,10,6,1,29.8,0,36,17,0.0,19,0,0
2024-07-01,27,6,10,0,0,30.1,0,19,13,0.0,131,125,0
2024-07-02,28,6,10,1,0,30.0,0,131,23,0.0,108,0,0
2024-07-03,29,6,10,2,0,30.1,0,108,23,0.0,85,0,0
2024-07-04,30,6,10,3,0,29.9,0,85,18,0.0,67,0,0
2024-07-05,31,6,10,4,0,29.6,0,67,24,0.0,43,0,0
2024-07-06,32,6,10,5,1,29.8,0,43,23,0.0,20,0,0
2024-07-07,33,6,10,6,1,28.9,0,20,20,0.0,0,0,0
2024-07-08,34,6,10,0,0,29.1,0,0,22,0.0,122,144,0
2024-07-09,35,6,10,1,0,28.5,0,122,16,0.0,106,0,0
2024-07-10,36,6,10,2,0,31.9,0,106,25,0.0,81,0,0
2024-07-11,37,6,10,3,0,30.5,0,81,10,0.0,71,0,0
2024-07-12,38,6,10,4,0,30.7,0,71,31,0.0,40,0,0
2024-07-13,39,6,10,5,1,30.2,0,40,23,0.0,17,0,0
2024-07-14,40,6,10,6,1,30.1,0,17,15,0.0,2,0,0
2024-07-15,41,6,10,0,0,28.7,0,2,19,0.0,125,142,0
2024-07-16,42,6,10,1,0,34.2,0,125,18,0.0,107,0,0
2024-07-17,43,6,10,2,0,29.1,0,107,14,0.0,93,0,0
2024-07-18,44,6,10,3,0,28.5,0,93,21,0.0,72,0,0
2024-06-04,0,6,11,1,0,30.9,0,177,27,0.0,150,0,0
2024-06-05,1,6,11,2,0,29.2,0,150,15,0.0,135,0,0
2024-06-06,2,6,11,3,0,26.6,0,135,27,0.0,108,0,0
2024-06-07,3,6,11,4,0,33.8,0,108,24,0.0,84,0,0
2024-06-08,4,6,11,5,1,31.7,0,84,29,0.0,55,0,0
2024-06-09,5,6,11,6,1,31.4,0,55,22,0.0,33,0,0
2024-06-10,6,6,11,0,0,29.9,0,33,15,0.0,180,162,0
2024-06-11,7,6,11,1,0,28.2,0,180,20,0.0,160,0,0
2024-06-12,8,6,11,2,0,30.7,0,160,15,0.0,145,0,0
2024-06-13,9,6,11,3,0,33.1,0,145,18,0.0,127,0,0
2024-06-14,10,6,11,4,0,32.7,0,127,17,0.0,110,0,0
2024-06-15,11,6,11,5,1,29.9,0,110,19,0.0,91,0,0
2024-06-16,12,6,11,6,1,30.2,0,91,19,0.0,72,0,0
2024-06-17,13,6,11,0,0,28.3,0,72,30,0.0,165,123,0
2024-06-18,14,6,11,1,0,29.4,0,165,21,0.0,144,0,0
2024-06-19,15,6,11,2,0,30.8,0,144,19,0.0,125,0,0
2024-06-20,16,6,11,3,0,30.1,0,125,40,0.0,85,0,0
2024-06-21,17,6,11,4,0,30.4,0,85,26,0.0,59,0,0
2024-06-22,18,6,11,5,1,33.0,0,59,27,0.0,32,0,0
2024-06-23,19,6,11,6,1,31.0,0,32,32,0.0,0,0,0
2024-06-24,20,6,11,0,0,31.4,0,0,19,0.0,176,195,0
2024-06-25,21,6,11,1,0,30.6,0,176,29,0.0,147,0,0
2024-06-26,22,6,11,2,0,29.5,0,147,25,0.0,122,0,0
2024-06-27,23,6,11,3,0,30.9,0,122,20,0.0,102,0,0
2024-06-28,24,6,11,4,0,29.5,0,102,20,0.0,82,0,0
2024-06-29,25,6,11,5,1,29.3,0,82,30,0.0,52,0,0
2024-06-30,26,6,11,6,1,29.8,0,52,21,0.0,31,0,0
2024-07-01,27,6,11,0,0,30.1,0,31,25,0.0,170,164,0
2024-07-02,28,6,11,1,0,30.0,0,170,24,0.0,146,0,0
2024-07-03,29,6,11,2,0,30.1,0,146,19,0.0,127,0,0
2024-07-04,30,6,11,3,0,29.9,0,127,32,0.0,95,0,0
2024-07-05,31,6,11,4,0,29.6,0,95,30,0.0,65,0,0
2024-07-06,32,6,11,5,1,29.8,0,65,25,0.0,40,0,0
2024-07-07,33,6,11,6,1,28.9,0,40,24,0.0,16,0,0
2024-07-08,34,6,11,0,0,29.1,0,16,19,0.0,176,179,0
2024-07-09,35,6,11,1,0,28.5,0,176,20,0.0,156,0,0
2024-07-10,36,6,11,2,0,31.9,0,156,18,0.0,138,0,0
2024-07-11,37,6,11,3,0,30.5,0,138,22,0.0,116,0,0
2024-07-12,38,6,11,4,0,30.7,0,116,22,0.0,94,0,0
2024-07-13,39,6,11,5,1,30.2,0,94,23,0.0,71,0,0
2024-07-14,40,6,11,6,1,30.1,0,71,26,0.0,45,0,0
2024-07-15,41,6,11,0,0,28.7,0,45,31,0.0,164,150,0
2024-07-16,42,6,11,1,0,34.2,0,164,19,0.0,145,0,0
2024-07-17,43,6,11,2,0,29.1,0,145,27,0.0,118,0,0
2024-07-18,44,6,11,3,0,28.5,0,118,20,0.0,98,0,0
2024-06-04,0,6,12,1,0,30.9,0,17,8,0.0,56,47,0
2024-06-05,1,6,12,2,0,29.2,0,56,16,0.0,40,0,0
2024-06-06,2,6,12,3,0,26.6,0,40,10,0.0,30,0,0
2024-06-07,3,6,12,4,0,33.8,0,30,15,0.0,15,0,0
2024-06-08,4,6,12,5,1,31.7,0,15,9,0.0,6,0,0
2024-06-09,5,6,12,6,1,31.4,0,6,8,0.0,56,58,0
2024-06-10,6,6,12,0,0,29.9,0,56,9,0.0,47,0,0
2024-06-11,7,6,12,1,0,28.2,0,47,8,0.0,39,0,0
2024-06-12,8,6,12,2,0,30.7,0,39,9,0.0,30,0,0
2024-06-13,9,6,12,3,0,33.1,0,30,6,0.0,24,0,0
2024-06-14,10,6,12,4,0,32.7,0,24,8,0.0,56,40,0
2024-06-15,11,6,12,5,1,29.9,0,56,6,0.0,50,0,0
2024-06-16,12,6,12,6,1,30.2,0,50,13,0.0,37,0,0
2024-06-17,13,6,12,0,0,28.3,0,37,12,0.0,25,0,0
2024-06-18,14,6,12,1,0,29.4,0,25,11,0.0,14,0,0
2024-06-19,15,6,12,2,0,30.8,0,14,15,0.0,49,50,0
2024-06-20,16,6,12,3,0,30.1,0,49,9,0.0,40,0,0
2024-06-21,17,6,12,4,0,30.4,0,40,11,0.0,29,0,0
2024-06-22,18,6,12,5,1,33.0,0,29,12,0.0,17,0,0
2024-06-23,19,6,12,6,1,31.0,0,17,16,0.0,1,0,0
2024-06-24,20,6,12,0,0,31.4,0,1,9,0.0,55,63,0
2024-06-25,21,6,12,1,0,30.6,0,55,7,0.0,48,0,0
2024-06-26,22,6,12,2,0,29.5,0,48,10,0.0,38,0,0
2024-06-27,23,6,12,3,0,30.9,0,38,14,0.0,24,0,0
2024-06-28,24,6,12,4,0,29.5,0,24,12,0.0,12,0,0
2024-06-29,25,6,12,5,1,29.3,0,12,12,0.0,52,52,0
2024-06-30,26,6,12,6,1,29.8,0,52,12,0.0,40,0,0
2024-07-01,27,6,12,0,0,30.1,0,40,13,0.0,27,0,0
2024-07-02,28,6,12,1,0,30.0,0,27,14,0.0,13,0,0
2024-07-03,29,6,12,2,0,30.1,0,13,13,0.0,0,0,0
2024-07-04,30,6,12,3,0,29.9,0,0,11,0.0,53,64,0
2024-07-05,31,6,12,4,0,29.6,0,53,9,0.0,44,0,0
2024-07-06,32,6,12,5,1,29.8,0,44,13,0.0,31,0,0
2024-07-07,33,6,12,6,1,28.9,0,31,12,0.0,19,0,0
2024-07-08,34,6,12,0,0,29.1,0,19,14,0.0,5,0,0
2024-07-09,35,6,12,1,0,28.5,0,5,10,0.0,54,59,0
2024-07-10,36,6,12,2,0,31.9,0,54,14,0.0,40,0,0
2024-07-11,37,6,12,3,0,30.5,0,40,10,0.0,30,0,0
2024-07-12,38,6,12,4,0,30.7,0,30,5,0.0,25,0,0
2024-07-13,39,6,12,5,1,30.2,0,25,9,0.0,16,0,0
2024-07-14,40,6,12,6,1,30.1,0,16,8,0.0,56,48,0
2024-07-15,41,6,12,0,0,28.7,0,56,8,0.0,48,0,0
2024-07-16,42,6,12,1,0,34.2,0,48,13,0.0,35,0,0
2024-07-17,43,6,12,2,0,29.1,0,35,7,0.0,28,0,0
2024-07-18,44,6,12,3,0,28.5,0,28,5,0.0,23,0,0
2024-06-04,0,7,1,1,0,36.1,0,331,58,0.0,273,0,0
2024-06-05,1,7,1,2,0,34.4,0,273,59,0.0,214,0,0
2024-06-06,2,7,1,3,0,32.8,0,214,40,0.0,174,0,0
2024-06-07,3,7,1,4,0,32.8,0,174,55,0.0,119,0,0
2024-06-08,4,7,1,5,1,33.1,0,119,50,0.0,69,0,0
2024-06-09,5,7,1,6,1,33.8,0,69,52,0.0,17,0,0
2024-06-10,6,7,1,0,0,33.9,0,17,59,0.0,333,375,0
2024-06-11,7,7,1,1,0,33.1,0,333,61,0.0,272,0,0
2024-06-12,8,7,1,2,0,34.1,0,272,56,0.0,216,0,0
2024-06-13,9,7,1,3,0,33.1,0,216,47,0.0,169,0,0
2024-06-14,10,7,1,4,0,33.9,0,169,54,0.0,115,0,0
2024-06-15,11,7,1,5,1,33.4,0,115,50,0.0,65,0,0
2024-06-16,12,7,1,6,1,31.7,0,65,60,0.0,5,0,0
2024-06-17,13,7,1,0,0,35.9,0,5,46,0.0,346,387,0
2024-06-18,14,7,1,1,0,33.6,0,346,51,0.0,295,0,0
2024-06-19,15,7,1,2,0,31.6,0,295,42,0.0,253,0,0
2024-06-20,16,7,1,3,0,32.1,0,253,54,0.0,199,0,0
2024-06-21,17,7,1,4,0,35.1,0,199,49,0.0,150,0,0
2024-06-22,18,7,1,5,1,36.1,0,150,61,0.0,89,0,0
2024-06-23,19,7,1,6,1,31.4,0,89,67,0.0,22,0,0
2024-06-24,20,7,1,0,0,35.1,0,22,60,0.0,332,370,0
2024-06-25,21,7,1,1,0,31.2,0,332,50,0.0,282,0,0
2024-06-26,22,7,1,2,0,32.1,0,282,45,0.0,237,0,0
2024-06-27,23,7,1,3,0,34.0,0,237,53,0.0,184,0,0
2024-06-28,24,7,1,4,0,35.0,0,184,54,0.0,130,0,0
2024-06-29,25,7,1,5,1,32.6,0,130,51,0.0,79,0,0
2024-06-30,26,7,1,6,1,32.9,0,79,51,0.0,28,0,0
2024-07-01,27,7,1,0,0,30.3,0,28,49,0.0,343,364,0
2024-07-02,28,7,1,1,0,31.3,0,343,60,0.0,283,0,0
2024-07-03,29,7,1,2,0,29.6,0,283,48,0.0,235,0,0
2024-07-04,30,7,1,3,0,34.9,0,235,53,0.0,182,0,0
2024-07-05,31,7,1,4,0,32.5,0,182,45,0.0,137,0,0
2024-07-06,32,7,1,5,1,34.0,0,137,64,0.0,73,0,0
2024-07-07,33,7,1,6,1,34.0,0,73,53,0.0,20,0,0
2024-07-08,34,7,1,0,0,34.3,0,20,56,0.0,336,372,0
2024-07-09,35,7,1,1,0,30.9,0,336,64,0.0,272,0,0
2024-07-10,36,7,1,2,0,31.7,0,272,54,0.0,218,0,0
2024-07-11,37,7,1,3,0,32.3,0,218,56,0.0,162,0,0
2024-07-12,38,7,1,4,0,30.7,0,162,48,0.0,114,0,0
2024-07-13,39,7,1,5,1,32.8,0,114,46,0.0,68,0,0
2024-07-14,40,7,1,6,1,35.4,0,68,68,0.0,0,0,0
2024-07-15,41,7,1,0,0,28.8,0,0,41,0.0,351,392,0
2024-07-16,42,7,1,1,0,34.2,0,351,50,0.0,301,0,0
2024-07-17,43,7,1,2,0,34.3,0,301,52,0.0,249,0,0
2024-07-18,44,7,1,3,0,30.3,0,249,50,0.0,199,0,0
2024-06-04,0,7,2,1,0,36.1,0,12,12,0.0,16,16,0
2024-06-05,1,7,2,2,0,34.4,0,16,24,0.0,4,12,0
2024-06-06,2,7,2,3,0,32.8,0,4,15,0.0,13,24,0
2024-06-07,3,7,2,4,0,32.8,0,13,14,0.0,14,15,0
2024-06-08,4,7,2,5,1,33.1,0,14,20,0.0,8,14,0
2024-06-09,5,7,2,6,1,33.8,0,8,13,0.0,15,20,0
2024-06-10,6,7,2,0,0,33.9,0,15,22,0.0,6,13,0
2024-06-11,7,7,2,1,0,33.1,0,6,18,0.0,10,22,0
2024-06-12,8,7,2,2,0,34.1,0,10,20,0.0,8,18,0
2024-06-13,9,7,2,3,0,33.1,0,8,14,0.0,14,20,0
2024-06-14,10,7,2,4,0,33.9,0,14,12,0.0,16,14,0
2024-06-15,11,7,2,5,1,33.4,0,16,21,0.0,7,12,0
2024-06-16,12,7,2,6,1,31.7,0,7,21,0.0,7,21,0
2024-06-17,13,7,2,0,0,35.9,0,7,10,0.0,18,21,0
2024-06-18,14,7,2,1,0,33.6,0,18,16,0.0,12,10,0
2024-06-19,15,7,2,2,0,31.6,0,12,12,0.0,16,16,0
2024-06-20,16,7,2,3,0,32.1,0,16,20,0.0,8,12,0
2024-06-21,17,7,2,4,0,35.1,0,8,16,0.0,12,20,0
2024-06-22,18,7,2,5,1,36.1,0,12,14,0.0,14,16,0
2024-06-23,19,7,2,6,1,31.4,0,14,18,0.0,10,14,0
2024-06-24,20,7,2,0,0,35.1,0,10,14,0.0,14,18,0
2024-06-25,21,7,2,1,0,31.2,0,14,12,0.0,16,14,0
2024-06-26,22,7,2,2,0,32.1,0,16,14,0.0,14,12,0
2024-06-27,23,7,2,3,0,34.0,0,14,12,0.0,16,14,0
2024-06-28,24,7,2,4,0,35.0,0,16,14,0.0,14,12,0
2024-06-29,25,7,2,5,1,32.6,0,14,17,0.0,11,14,0
2024-06-30,26,7,2,6,1,32.9,0,11,11,0.0,17,17,0
2024-07-01,27,7,2,0,0,30.3,0,17,13,0.0,15,11,0
2024-07-02,28,7,2,1,0,31.3,0,15,10,0.0,18,13,0
2024-07-03,29,7,2,2,0,29.6,0,18,10,0.0,18,10,0
2024-07-04,30,7,2,3,0,34.9,0,18,17,0.0,11,10,0
2024-07-05,31,7,2,4,0,32.5,0,11,10,0.0,18,17,0
2024-07-06,32,7,2,5,1,34.0,0,18,21,0.0,7,10,0
2024-07-07,33,7,2,6,1,34.0,0,7,22,0.0,6,21,0
2024-07-08,34,7,2,0,0,34.3,0,6,12,0.0,16,22,0
2024-07-09,35,7,2,1,0,30.9,0,16,8,0.0,20,12,0
2024-07-10,36,7,2,2,0,31.7,0,20,19,0.0,9,8,0
2024-07-11,37,7,2,3,0,32.3,0,9,6,0.0,22,19,0
2024-07-12,38,7,2,4,0,30.7,0,22,28,0.0,0,6,0
2024-07-13,39,7,2,5,1,32.8,0,0,13,0.0,15,28,0
2024-07-14,40,7,2,6,1,35.4,0,15,14,0.0,14,13,0
2024-07-15,41,7,2,0,0,28.8,0,14,18,0.0,10,14,0
2024-07-16,42,7,2,1,0,34.2,0,10,10,0.0,18,18,0
2024-07-17,43,7,2,2,0,34.3,0,18,17,0.0,11,10,0
2024-07-18,44,7,2,3,0,30.3,0,11,14,0.0,14,17,0
2024-06-04,0,7,3,1,0,36.1,0,160,23,0.0,137,0,0
2024-06-05,1,7,3,2,0,34.4,0,137,19,0.0,118,0,0
2024-06-06,2,7,3,3,0,32.8,0,118,22,0.0,96,0,0
2024-06-07,3,7,3,4,0,32.8,0,96,28,0.0,68,0,0
2024-06-08,4,7,3,5,1,33.1,0,68,19,0.0,49,0,0
2024-06-09,5,7,3,6,1,33.8,0,49,12,0.0,37,0,0
2024-06-10,6,7,3,0,0,33.9,0,37,27,0.0,160,150,0
2024-06-11,7,7,3,1,0,33.1,0,160,20,0.0,140,0,0
2024-06-12,8,7,3,2,0,34.1,0,140,33,0.0,107,0,0
2024-06-13,9,7,3,3,0,33.1,0,107,23,0.0,84,0,0
2024-06-14,10,7,3,4,0,33.9,0,84,26,0.0,58,0,0
2024-06-15,11,7,3,5,1,33.4,0,58,35,0.0,23,0,0
2024-06-16,12,7,3,6,1,31.7,0,23,23,0.0,0,0,0
2024-06-17,13,7,3,0,0,35.9,0,0,23,0.0,164,187,0
2024-06-18,14,7,3,1,0,33.6,0,164,16,0.0,148,0,0
2024-06-19,15,7,3,2,0,31.6,0,148,29,0.0,119,0,0
2024-06-20,16,7,3,3,0,32.1,0,119,25,0.0,94,0,0
2024-06-21,17,7,3,4,0,35.1,0,94,11,0.0,83,0,0
2024-06-22,18,7,3,5,1,36.1,0,83,24,0.0,59,0,0
2024-06-23,19,7,3,6,1,31.4,0,59,25,0.0,34,0,0
2024-06-24,20,7,3,0,0,35.1,0,34,16,0.0,171,153,0
2024-06-25,21,7,3,1,0,31.2,0,171,25,0.0,146,0,0
2024-06-26,22,7,3,2,0,32.1,0,146,15,0.0,131,0,0
2024-06-27,23,7,3,3,0,34.0,0,131,25,0.0,106,0,0
2024-06-28,24,7,3,4,0,35.0,0,106,31,0.0,75,0,0
2024-06-29,25,7,3,5,1,32.6,0,75,36,0.0,39,0,0
2024-06-30,26,7,3,6,1,32.9,0,39,27,0.0,12,0,0
2024-07-01,27,7,3,0,0,30.3,0,12,25,0.0,162,175,0
2024-07-02,28,7,3,1,0,31.3,0,162,30,0.0,132,0,0
2024-07-03,29,7,3,2,0,29.6,0,132,27,0.0,105,0,0
2024-07-04,30,7,3,3,0,34.9,0,105,19,0.0,86,0,0
2024-07-05,31,7,3,4,0,32.5,0,86,26,0.0,60,0,0
2024-07-06,32,7,3,5,1,34.0,0,60,21,0.0,39,0,0
2024-07-07,33,7,3,6,1,34.0,0,39,26,0.0,13,0,0
2024-07-08,34,7,3,0,0,34.3,0,13,14,0.0,173,174,0
2024-07-09,35,7,3,1,0,30.9,0,173,20,0.0,153,0,0
2024-07-10,36,7,3,2,0,31.7,0,153,16,0.0,137,0,0
2024-07-11,37,7,3,3,0,32.3,0,137,30,0.0,107,0,0
2024-07-12,38,7,3,4,0,30.7,0,107,18,0.0,89,0,0
2024-07-13,39,7,3,5,1,32.8,0,89,18,0.0,71,0,0
2024-07-14,40,7,3,6,1,35.4,0,71,23,0.0,48,0,0
2024-07-15,41,7,3,0,0,28.8,0,48,25,0.0,162,139,0
2024-07-16,42,7,3,1,0,34.2,0,162,17,0.0,145,0,0
2024-07-17,43,7,3,2,0,34.3,0,145,19,0.0,126,0,0
2024-07-18,44,7,3,3,0,30.3,0,126,25,0.0,101,0,0
2024-06-04,0,7,4,1,0,36.1,0,205,31,0.0,174,0,0
2024-06-05,1,7,4,2,0,34.4,0,174,26,0.0,148,0,0
2024-06-06,2,7,4,3,0,32.8,0,148,12,0.0,136,0,0
2024-06-07,3,7,4,4,0,32.8,0,136,33,0.0,103,0,0
2024-06-08,4,7,4,5,1,33.1,0,103,25,0.0,78,0,0
2024-06-09,5,7,4,6,1,33.8,0,78,23,0.0,55,0,0
2024-06-10,6,7,4,0,0,33.9,0,55,31,0.0,191,167,0
2024-06-11,7,7,4,1,0,33.1,0,191,20,0.0,171,0,0
2024-06-12,8,7,4,2,0,34.1,0,171,28,0.0,143,0,0
2024-06-13,9,7,4,3,0,33.1,0,143,27,0.0,116,0,0
2024-06-14,10,7,4,4,0,33.9,0,116,33,0.0,83,0,0
2024-06-15,11,7,4,5,1,33.4,0,83,29,0.0,54,0,0
2024-06-16,12,7,4,6,1,31.7,0,54,32,0.0,22,0,0
2024-06-17,13,7,4,0,0,35.9,0,22,36,0.0,186,200,0
2024-06-18,14,7,4,1,0,33.6,0,186,22,0.0,164,0,0
2024-06-19,15,7,4,2,0,31.6,0,164,21,0.0,143,0,0
2024-06-20,16,7,4,3,0,32.1,0,143,30,0.0,113,0,0
2024-06-21,17,7,4,4,0,35.1,0,113,30,0.0,83,0,0
2024-06-22,18,7,4,5,1,36.1,0,83,22,0.0,61,0,0
2024-06-23,19,7,4,6,1,31.4,0,61,32,0.0,29,0,0
2024-06-24,20,7,4,0,0,35.1,0,29,21,0.0,201,193,0
2024-06-25,21,7,4,1,0,31.2,0,201,27,0.0,174,0,0
2024-06-26,22,7,4,2,0,32.1,0,174,21,0.0,153,0,0
2024-06-27,23,7,4,3,0,34.0,0,153,25,0.0,128,0,0
2024-06-28,24,7,4,4,0,35.0,0,128,20,0.0,108,0,0
2024-06-29,25,7,4,5,1,32.6,0,108,20,0.0,88,0,0
2024-06-30,26,7,4,6,1,32.9,0,88,41,0.0,47,0,0
2024-07-01,27,7,4,0,0,30.3,0,47,35,0.0,187,175,0
2024-07-02,28,7,4,1,0,31.3,0,187,22,0.0,165,0,0
2024-07-03,29,7,4,2,0,29.6,0,165,29,0.0,136,0,0
2024-07-04,30,7,4,3,0,34.9,0,136,24,0.0,112,0,0
2024-07-05,31,7,4,4,0,32.5,0,112,28,0.0,84,0,0
2024-07-06,32,7,4,5,1,34.0,0,84,32,0.0,52,0,0
2024-07-07,33,7,4,6,1,34.0,0,52,25,0.0,27,0,0
2024-07-08,34,7,4,0,0,34.3,0,27,26,0.0,196,195,0
2024-07-09,35,7,4,1,0,30.9,0,196,34,0.0,162,0,0
2024-07-10,36,7,4,2,0,31.7,0,162,27,0.0,135,0,0
2024-07-11,37,7,4,3,0,32.3,0,135,33,0.0,102,0,0
2024-07-12,38,7,4,4,0,30.7,0,102,30,0.0,72,0,0
2024-07-13,39,7,4,5,1,32.8,0,72,31,0.0,41,0,0
2024-07-14,40,7,4,6,1,35.4,0,41,41,0.0,0,0,0
2024-07-15,41,7,4,0,0,28.8,0,0,27,0.0,195,222,0
2024-07-16,42,7,4,1,0,34.2,0,195,34,0.0,161,0,0
2024-07-17,43,7,4,2,0,34.3,0,161,15,0.0,146,0,0
2024-07-18,44,7,4,3,0,30.3,0,146,32,0.0,114,0,0
2024-06-04,0,7,5,1,0,36.1,0,109,16,0.0,93,0,0
2024-06-05,1,7,5,2,0,34.4,0,93,16,0.0,77,0,0
2024-06-06,2,7,5,3,0,32.8,0,77,11,0.0,66,0,0
2024-06-07,3,7,5,4,0,32.8,0,66,10,0.0,56,0,0
2024-06-08,4,7,5,5,1,33.1,0,56,15,0.0,41,0,0
2024-06-09,5,7,5,6,1,33.8,0,41,9,0.0,32,0,0
2024-06-10,6,7,5,0,0,33.9,0,32,20,0.0,107,95,0
2024-06-11,7,7,5,1,0,33.1,0,107,12,0.0,95,0,0
2024-06-12,8,7,5,2,0,34.1,0,95,20,0.0,75,0,0
2024-06-13,9,7,5,3,0,33.1,0,75,19,0.0,56,0,0
2024-06-14,10,7,5,4,0,33.9,0,56,20,0.0,36,0,0
2024-06-15,11,7,5,5,1,33.4,0,36,19,0.0,17,0,0
2024-06-16,12,7,5,6,1,31.7,0,17,17,0.0,0,0,0
2024-06-17,13,7,5,0,0,35.9,0,0,8,0.0,119,127,0
2024-06-18,14,7,5,1,0,33.6,0,119,8,0.0,111,0,0
2024-06-19,15,7,5,2,0,31.6,0,111,14,0.0,97,0,0
2024-06-20,16,7,5,3,0,32.1,0,97,14,0.0,83,0,0
2024-06-21,17,7,5,4,0,35.1,0,83,14,0.0,69,0,0
2024-06-22,18,7,5,5,1,36.1,0,69,23,0.0,46,0,0
2024-06-23,19,7,5,6,1,31.4,0,46,13,0.0,33,0,0
2024-06-24,20,7,5,0,0,35.1,0,33,10,0.0,117,94,0
2024-06-25,21,7,5,1,0,31.2,0,117,11,0.0,106,0,0
2024-06-26,22,7,5,2,0,32.1,0,106,20,0.0,86,0,0
2024-06-27,23,7,5,3,0,34.0,0,86,11,0.0,75,0,0
2024-06-28,24,7,5,4,0,35.0,0,75,18,0.0,57,0,0
2024-06-29,25,7,5,5,1,32.6,0,57,16,0.0,41,0,0
2024-06-30,26,7,5,6,1,32.9,0,41,17,0.0,24,0,0
2024-07-01,27,7,5,0,0,30.3,0,24,13,0.0,114,103,0
2024-07-02,28,7,5,1,0,31.3,0,114,13,0.0,101,0,0
2024-07-03,29,7,5,2,0,29.6,0,101,15,0.0,86,0,0
2024-07-04,30,7,5,3,0,34.9,0,86,18,0.0,68,0,0
2024-07-05,31,7,5,4,0,32.5,0,68,12,0.0,56,0,0
2024-07-06,32,7,5,5,1,34.0,0,56,13,0.0,43,0,0
2024-07-07,33,7,5,6,1,34.0,0,43,16,0.0,27,0,0
2024-07-08,34,7,5,0,0,34.3,0,27,19,0.0,108,100,0
2024-07-09,35,7,5,1,0,30.9,0,108,13,0.0,95,0,0
2024-07-10,36,7,5,2,0,31.7,0,95,19,0.0,76,0,0
2024-07-11,37,7,5,3,0,32.3,0,76,26,0.0,50,0,0
2024-07-12,38,7,5,4,0,30.7,0,50,19,0.0,31,0,0
2024-07-13,39,7,5,5,1,32.8,0,31,21,0.0,10,0,0
2024-07-14,40,7,5,6,1,35.4,0,10,10,0.0,0,0,0
2024-07-15,41,7,5,0,0,28.8,0,0,9,0.0,118,127,0
2024-07-16,42,7,5,1,0,34.2,0,118,12,0.0,106,0,0
2024-07-17,43,7,5,2,0,34.3,0,106,16,0.0,90,0,0
2024-07-18,44,7,5,3,0,30.3,0,90,13,0.0,77,0,0
2024-06-04,0,7,6,1,0,36.1,0,27,3,0.0,24,0,0
2024-06-05,1,7,6,2,0,34.4,0,24,1,0.0,23,0,0
2024-06-06,2,7,6,3,0,32.8,0,23,2,0.0,21,0,0
2024-06-07,3,7,6,4,0,32.8,0,21,4,0.0,17,0,0
2024-06-08,4,7,6,5,1,33.1,0,17,5,0.0,12,0,0
2024-06-09,5,7,6,6,1,33.8,0,12,5,0.0,7,0,0
2024-06-10,6,7,6,0,0,33.9,0,7,4,0.0,27,24,0
2024-06-11,7,7,6,1,0,33.1,0,27,6,0.0,21,0,0
2024-06-12,8,7,6,2,0,34.1,0,21,2,0.0,19,0,0
2024-06-13,9,7,6,3,0,33.1,0,19,2,0.0,17,0,0
2024-06-14,10,7,6,4,0,33.9,0,17,5,0.0,12,0,0
2024-06-15,11,7,6,5,1,33.4,0,12,5,0.0,7,0,0
2024-06-16,12,7,6,6,1,31.7,0,7,3,0.0,4,0,0
2024-06-17,13,7,6,0,0,35.9,0,4,2,0.0,29,27,0
2024-06-18,14,7,6,1,0,33.6,0,29,4,0.0,25,0,0
2024-06-19,15,7,6,2,0,31.6,0,25,4,0.0,21,0,0
2024-06-20,16,7,6,3,0,32.1,0,21,0,0.0,21,0,0
2024-06-21,17,7,6,4,0,35.1,0,21,2,0.0,19,0,0
2024-06-22,18,7,6,5,1,36.1,0,19,4,0.0,15,0,0
2024-06-23,19,7,6,6,1,31.4,0,15,3,0.0,12,0,0
2024-06-24,20,7,6,0,0,35.1,0,12,4,0.0,27,19,0
2024-06-25,21,7,6,1,0,31.2,0,27,4,0.0,23,0,0
2024-06-26,22,7,6,2,0,32.1,0,23,1,0.0,22,0,0
2024-06-27,23,7,6,3,0,34.0,0,22,4,0.0,18,0,0
2024-06-28,24,7,6,4,0,35.0,0,18,1,0.0,17,0,0
2024-06-29,25,7,6,5,1,32.6,0,17,7,0.0,10,0,0
2024-06-30,26,7,6,6,1,32.9,0,10,5,0.0,5,0,0
2024-07-01,27,7,6,0,0,30.3,0,5,3,0.0,28,26,0
2024-07-02,28,7,6,1,0,31.3,0,28,6,0.0,22,0,0
2024-07-03,29,7,6,2,0,29.6,0,22,6,0.0,16,0,0
2024-07-04,30,7,6,3,0,34.9,0,16,4,0.0,12,0,0
2024-07-05,31,7,6,4,0,32.5,0,12,5,0.0,7,0,0
2024-07-06,32,7,6,5,1,34.0,0,7,4,0.0,3,0,0
2024-07-07,33,7,6,6,1,34.0,0,3,2,0.0,1,0,0
2024-07-08,34,7,6,0,0,34.3,0,1,4,0.0,27,30,0
2024-07-09,35,7,6,1,0,30.9,0,27,4,0.0,23,0,0
2024-07-10,36,7,6,2,0,31.7,0,23,3,0.0,20,0,0
2024-07-11,37,7,6,3,0,32.3,0,20,4,0.0,16,0,0
2024-07-12,38,7,6,4,0,30.7,0,16,4,0.0,12,0,0
2024-07-13,39,7,6,5,1,32.8,0,12,8,0.0,4,0,0
2024-07-14,40,7,6,6,1,35.4,0,4,4,0.0,0,0,0
2024-07-15,41,7,6,0,0,28.8,0,0,1,0.0,30,31,0
2024-07-16,42,7,6,1,0,34.2,0,30,7,0.0,23,0,0
2024-07-17,43,7,6,2,0,34.3,0,23,3,0.0,20,0,0
2024-07-18,44,7,6,3,0,30.3,0,20,4,0.0,16,0,0
2024-06-04,0,7,7,1,0,36.1,0,32,5,0.0,27,0,0
2024-06-05,1,7,7,2,0,34.4,0,27,5,0.0,22,0,0
2024-06-06,2,7,7,3,0,32.8,0,22,1,0.0,21,0,0
2024-06-07,3,7,7,4,0,32.8,0,21,5,0.0,16,0,0
2024-06-08,4,7,7,5,1,33.1,0,16,1,0.0,15,0,0
2024-06-09,5,7,7,6,1,33.8,0,15,3,0.0,12,0,0
2024-06-10,6,7,7,0,0,33.9,0,12,5,0.0,33,26,0
2024-06-11,7,7,7,1,0,33.1,0,33,4,0.0,29,0,0
2024-06-12,8,7,7,2,0,34.1,0,29,4,0.0,25,0,0
2024-06-13,9,7,7,3,0,33.1,0,25,4,0.0,21,0,0
2024-06-14,10,7,7,4,0,33.9,0,21,1,0.0,20,0,0
2024-06-15,11,7,7,5,1,33.4,0,20,7,0.0,13,0,0
2024-06-16,12,7,7,6,1,31.7,0,13,4,0.0,9,0,0
2024-06-17,13,7,7,0,0,35.9,0,9,6,0.0,32,29,0
2024-06-18,14,7,7,1,0,33.6,0,32,6,0.0,26,0,0
2024-06-19,15,7,7,2,0,31.6,0,26,6,0.0,20,0,0
2024-06-20,16,7,7,3,0,32.1,0,20,5,0.0,15,0,0
2024-06-21,17,7,7,4,0,35.1,0,15,1,0.0,14,0,0
2024-06-22,18,7,7,5,1,36.1,0,14,2,0.0,12,0,0
2024-06-23,19,7,7,6,1,31.4,0,12,1,0.0,11,0,0
2024-06-24,20,7,7,0,0,35.1,0,11,4,0.0,34,27,0
2024-06-25,21,7,7,1,0,31.2,0,34,4,0.0,30,0,0
2024-06-26,22,7,7,2,0,32.1,0,30,8,0.0,22,0,0
2024-06-27,23,7,7,3,0,34.0,0,22,5,0.0,17,0,0
2024-06-28,24,7,7,4,0,35.0,0,17,4,0.0,13,0,0
2024-06-29,25,7,7,5,1,32.6,0,13,4,0.0,9,0,0
2024-06-30,26,7,7,6,1,32.9,0,9,9,0.0,0,0,0
2024-07-01,27,7,7,0,0,30.3,0,0,5,0.0,33,38,0
2024-07-02,28,7,7,1,0,31.3,0,33,2,0.0,31,0,0
2024-07-03,29,7,7,2,0,29.6,0,31,7,0.0,24,0,0
2024-07-04,30,7,7,3,0,34.9,0,24,2,0.0,22,0,0
2024-07-05,31,7,7,4,0,32.5,0,22,1,0.0,21,0,0
2024-07-06,32,7,7,5,1,34.0,0,21,8,0.0,13,0,0
2024-07-07,33,7,7,6,1,34.0,0,13,1,0.0,12,0,0
2024-07-08,34,7,7,0,0,34.3,0,12,3,0.0,35,26,0
2024-07-09,35,7,7,1,0,30.9,0,35,2,0.0,33,0,0
2024-07-10,36,7,7,2,0,31.7,0,33,1,0.0,32,0,0
2024-07-11,37,7,7,3,0,32.3,0,32,4,0.0,28,0,0
2024-07-12,38,7,7,4,0,30.7,0,28,1,0.0,27,0,0
2024-07-13,39,7,7,5,1,32.8,0,27,4,0.0,23,0,0
2024-07-14,40,7,7,6,1,35.4,0,23,5,0.0,18,0,0
2024-07-15,41,7,7,0,0,28.8,0,18,5,0.0,33,20,0
2024-07-16,42,7,7,1,0,34.2,0,33,4,0.0,29,0,0
2024-07-17,43,7,7,2,0,34.3,0,29,6,0.0,23,0,0
2024-07-18,44,7,7,3,0,30.3,0,23,3,0.0,20,0,0
2024-06-04,0,7,8,1,0,36.1,0,332,48,0.0,284,0,0
2024-06-05,1,7,8,2,0,34.4,0,284,46,0.0,238,0,0
2024-06-06,2,7,8,3,0,32.8,0,238,46,0.0,192,0,0
2024-06-07,3,7,8,4,0,32.8,0,192,51,0.0,141,0,0
2024-06-08,4,7,8,5,1,33.1,0,141,58,0.0,83,0,0
2024-06-09,5,7,8,6,1,33.8,0,83,66,0.0,17,0,0
2024-06-10,6,7,8,0,0,33.9,0,17,52,0.0,335,370,0
2024-06-11,7,7,8,1,0,33.1,0,335,58,0.0,277,0,0
2024-06-12,8,7,8,2,0,34.1,0,277,53,0.0,224,0,0
2024-06-13,9,7,8,3,0,33.1,0,224,47,0.0,177,0,0
2024-06-14,10,7,8,4,0,33.9,0,177,48,0.0,129,0,0
2024-06-15,11,7,8,5,1,33.4,0,129,58,0.0,71,0,0
2024-06-16,12,7,8,6,1,31.7,0,71,57,0.0,14,0,0
2024-06-17,13,7,8,0,0,35.9,0,14,74,0.0,313,373,0
2024-06-18,14,7,8,1,0,33.6,0,313,46,0.0,267,0,0
2024-06-19,15,7,8,2,0,31.6,0,267,63,0.0,204,0,0
2024-06-20,16,7,8,3,0,32.1,0,204,41,0.0,163,0,0
2024-06-21,17,7,8,4,0,35.1,0,163,62,0.0,101,0,0
2024-06-22,18,7,8,5,1,36.1,0,101,63,0.0,38,0,0
2024-06-23,19,7,8,6,1,31.4,0,38,38,0.0,0,0,0
2024-06-24,20,7,8,0,0,35.1,0,0,65,0.0,322,387,0
2024-06-25,21,7,8,1,0,31.2,0,322,40,0.0,282,0,0
2024-06-26,22,7,8,2,0,32.1,0,282,52,0.0,230,0,0
2024-06-27,23,7,8,3,0,34.0,0,230,58,0.0,172,0,0
2024-06-28,24,7,8,4,0,35.0,0,172,63,0.0,109,0,0
2024-06-29,25,7,8,5,1,32.6,0,109,60,0.0,49,0,0
2024-06-30,26,7,8,6,1,32.9,0,49,49,0.0,0,0,0
2024-07-01,27,7,8,0,0,30.3,0,0,50,0.0,337,387,0
2024-07-02,28,7,8,1,0,31.3,0,337,46,0.0,291,0,0
2024-07-03,29,7,8,2,0,29.6,0,291,43,0.0,248,0,0
2024-07-04,30,7,8,3,0,34.9,0,248,50,0.0,198,0,0
2024-07-05,31,7,8,4,0,32.5,0,198,42,0.0,156,0,0
2024-07-06,32,7,8,5,1,34.0,0,156,89,0.0,67,0,0
2024-07-07,33,7,8,6,1,34.0,0,67,56,0.0,11,0,0
2024-07-08,34,7,8,0,0,34.3,0,11,46,0.0,341,376,0
2024-07-09,35,7,8,1,0,30.9,0,341,40,0.0,301,0,0
2024-07-10,36,7,8,2,0,31.7,0,301,49,0.0,252,0,0
2024-07-11,37,7,8,3,0,32.3,0,252,58,0.0,194,0,0
2024-07-12,38,7,8,4,0,30.7,0,194,50,0.0,144,0,0
2024-07-13,39,7,8,5,1,32.8,0,144,63,0.0,81,0,0
2024-07-14,40,7,8,6,1,35.4,0,81,51,0.0,30,0,0
2024-07-15,41,7,8,0,0,28.8,0,30,46,0.0,341,357,0
2024-07-16,42,7,8,1,0,34.2,0,341,42,0.0,299,0,0
2024-07-17,43,7,8,2,0,34.3,0,299,57,0.0,242,0,0
2024-07-18,44,7,8,3,0,30.3,0,242,54,0.0,188,0,0
2024-06-04,0,7,9,1,0,36.1,0,13,15,0.0,18,20,0
2024-06-05,1,7,9,2,0,34.4,0,18,25,0.0,8,15,0
2024-06-06,2,7,9,3,0,32.8,0,8,17,0.0,16,25,0
2024-06-07,3,7,9,4,0,32.8,0,16,20,0.0,13,17,0
2024-06-08,4,7,9,5,1,33.1,0,13,21,0.0,12,20,0
2024-06-09,5,7,9,6,1,33.8,0,12,33,0.0,0,21,0
2024-06-10,6,7,9,0,0,33.9,0,0,21,0.0,12,33,0
2024-06-11,7,7,9,1,0,33.1,0,12,26,0.0,7,21,0
2024-06-12,8,7,9,2,0,34.1,0,7,12,0.0,21,26,0
2024-06-13,9,7,9,3,0,33.1,0,21,18,0.0,15,12,0
2024-06-14,10,7,9,4,0,33.9,0,15,21,0.0,12,18,0
2024-06-15,11,7,9,5,1,33.4,0,12,24,0.0,9,21,0
2024-06-16,12,7,9,6,1,31.7,0,9,33,0.0,0,24,0
2024-06-17,13,7,9,0,0,35.9,0,0,19,0.0,14,33,0
2024-06-18,14,7,9,1,0,33.6,0,14,19,0.0,14,19,0
2024-06-19,15,7,9,2,0,31.6,0,14,22,0.0,11,19,0
2024-06-20,16,7,9,3,0,32.1,0,11,18,0.0,15,22,0
2024-06-21,17,7,9,4,0,35.1,0,15,20,0.0,13,18,0
2024-06-22,18,7,9,5,1,36.1,0,13,26,0.0,7,20,0
2024-06-23,19,7,9,6,1,31.4,0,7,16,0.0,17,26,0
2024-06-24,20,7,9,0,0,35.1,0,17,11,0.0,22,16,0
2024-06-25,21,7,9,1,0,31.2,0,22,18,0.0,15,11,0
2024-06-26,22,7,9,2,0,32.1,0,15,22,0.0,11,18,0
2024-06-27,23,7,9,3,0,34.0,0,11,13,0.0,20,22,0
2024-06-28,24,7,9,4,0,35.0,0,20,19,0.0,14,13,0
2024-06-29,25,7,9,5,1,32.6,0,14,17,0.0,16,19,0
2024-06-30,26,7,9,6,1,32.9,0,16,18,0.0,15,17,0
2024-07-01,27,7,9,0,0,30.3,0,15,18,0.0,15,18,0
2024-07-02,28,7,9,1,0,31.3,0,15,22,0.0,11,18,0
2024-07-03,29,7,9,2,0,29.6,0,11,12,0.0,21,22,0
2024-07-04,30,7,9,3,0,34.9,0,21,17,0.0,16,12,0
2024-07-05,31,7,9,4,0,32.5,0,16,18,0.0,15,17,0
2024-07-06,32,7,9,5,1,34.0,0,15,24,0.0,9,18,0
2024-07-07,33,7,9,6,1,34.0,0,9,22,0.0,11,24,0
2024-07-08,34,7,9,0,0,34.3,0,11,12,0.0,21,22,0
2024-07-09,35,7,9,1,0,30.9,0,21,17,0.0,16,12,0
2024-07-10,36,7,9,2,0,31.7,0,16,26,0.0,7,17,0
2024-07-11,37,7,9,3,0,32.3,0,7,16,0.0,17,26,0
2024-07-12,38,7,9,4,0,30.7,0,17,26,0.0,7,16,0
2024-07-13,39,7,9,5,1,32.8,0,7,24,0.0,9,26,0
2024-07-14,40,7,9,6,1,35.4,0,9,29,0.0,4,24,0
2024-07-15,41,7,9,0,0,28.8,0,4,14,0.0,19,29,0
2024-07-16,42,7,9,1,0,34.2,0,19,20,0.0,13,14,0
2024-07-17,43,7,9,2,0,34.3,0,13,14,0.0,19,20,0
2024-07-18,44,7,9,3,0,30.3,0,19,23,0.0,10,14,0
2024-06-04,0,7,10,1,0,36.1,0,139,16,0.0,123,0,0
2024-06-05,1,7,10,2,0,34.4,0,123,22,0.0,101,0,0
2024-06-06,2,7,10,3,0,32.8,0,101,20,0.0,81,0,0
2024-06-07,3,7,10,4,0,32.8,0,81,15,0.0,66,0,0
2024-06-08,4,7,10,5,1,33.1,0,66,19,0.0,47,0,0
2024-06-09,5,7,10,6,1,33.8,0,47,30,0.0,17,0,0
2024-06-10,6,7,10,0,0,33.9,0,17,18,0.0,147,148,0
2024-06-11,7,7,10,1,0,33.1,0,147,24,0.0,123,0,0
2024-06-12,8,7,10,2,0,34.1,0,123,18,0.0,105,0,0
2024-06-13,9,7,10,3,0,33.1,0,105,18,0.0,87,0,0
2024-06-14,10,7,10,4,0,33.9,0,87,18,0.0,69,0,0
2024-06-15,11,7,10,5,1,33.4,0,69,27,0.0,42,0,0
2024-06-16,12,7,10,6,1,31.7,0,42,25,0.0,17,0,0
2024-06-17,13,7,10,0,0,35.9,0,17,28,0.0,137,148,0
2024-06-18,14,7,10,1,0,33.6,0,137,20,0.0,117,0,0
2024-06-19,15,7,10,2,0,31.6,0,117,22,0.0,95,0,0
2024-06-20,16,7,10,3,0,32.1,0,95,12,0.0,83,0,0
2024-06-21,17,7,10,4,0,35.1,0,83,25,0.0,58,0,0
2024-06-22,18,7,10,5,1,36.1,0,58,29,0.0,29,0,0
2024-06-23,19,7,10,6,1,31.4,0,29,29,0.0,0,0,0
2024-06-24,20,7,10,0,0,35.1,0,0,28,0.0,137,165,0
2024-06-25,21,7,10,1,0,31.2,0,137,19,0.0,118,0,0
2024-06-26,22,7,10,2,0,32.1,0,118,16,0.0,102,0,0
2024-06-27,23,7,10,3,0,34.0,0,102,20,0.0,82,0,0
2024-06-28,24,7,10,4,0,35.0,0,82,22,0.0,60,0,0
2024-06-29,25,7,10,5,1,32.6,0,60,36,0.0,24,0,0
2024-06-30,26,7,10,6,1,32.9,0,24,21,0.0,3,0,0
2024-07-01,27,7,10,0,0,30.3,0,3,19,0.0,146,162,0
2024-07-02,28,7,10,1,0,31.3,0,146,18,0.0,128,0,0
2024-07-03,29,7,10,2,0,29.6,0,128,23,0.0,105,0,0
2024-07-04,30,7,10,3,0,34.9,0,105,19,0.0,86,0,0
2024-07-05,31,7,10,4,0,32.5,0,86,15,0.0,71,0,0
2024-07-06,32,7,10,5,1,34.0,0,71,19,0.0,52,0,0
2024-07-07,33,7,10,6,1,34.0,0,52,23,0.0,29,0,0
2024-07-08,34,7,10,0,0,34.3,0,29,25,0.0,140,136,0
2024-07-09,35,7,10,1,0,30.9,0,140,25,0.0,115,0,0
2024-07-10,36,7,10,2,0,31.7,0,115,21,0.0,94,0,0
2024-07-11,37,7,10,3,0,32.3,0,94,20,0.0,74,0,0
2024-07-12,38,7,10,4,0,30.7,0,74,16,0.0,58,0,0
2024-07-13,39,7,10,5,1,32.8,0,58,27,0.0,31,0,0
2024-07-14,40,7,10,6,1,35.4,0,31,22,0.0,9,0,0
2024-07-15,41,7,10,0,0,28.8,0,9,21,0.0,144,156,0
2024-07-16,42,7,10,1,0,34.2,0,144,19,0.0,125,0,0
2024-07-17,43,7,10,2,0,34.3,0,125,25,0.0,100,0,0
2024-07-18,44,7,10,3,0,30.3,0,100,24,0.0,76,0,0
2024-06-04,0,7,11,1,0,36.1,0,128,20,0.0,108,0,0
2024-06-05,1,7,11,2,0,34.4,0,108,13,0.0,95,0,0
2024-06-06,2,7,11,3,0,32.8,0,95,18,0.0,77,0,0
2024-06-07,3,7,11,4,0,32.8,0,77,13,0.0,64,0,0
2024-06-08,4,7,11,5,1,33.1,0,64,17,0.0,47,0,0
2024-06-09,5,7,11,6,1,33.8,0,47,19,0.0,28,0,0
2024-06-10,6,7,11,0,0,33.9,0,28,24,0.0,118,114,0
2024-06-11,7,7,11,1,0,33.1,0,118,16,0.0,102,0,0
2024-06-12,8,7,11,2,0,34.1,0,102,16,0.0,86,0,0
2024-06-13,9,7,11,3,0,33.1,0,86,22,0.0,64,0,0
2024-06-14,10,7,11,4,0,33.9,0,64,22,0.0,42,0,0
2024-06-15,11,7,11,5,1,33.4,0,42,22,0.0,20,0,0
2024-06-16,12,7,11,6,1,31.7,0,20,20,0.0,0,0,0
2024-06-17,13,7,11,0,0,35.9,0,0,19,0.0,123,142,0
2024-06-18,14,7,11,1,0,33.6,0,123,22,0.0,101,0,0
2024-06-19,15,7,11,2,0,31.6,0,101,19,0.0,82,0,0
2024-06-20,16,7,11,3,0,32.1,0,82,20,0.0,62,0,0
2024-06-21,17,7,11,4,0,35.1,0,62,24,0.0,38,0,0
2024-06-22,18,7,11,5,1,36.1,0,38,22,0.0,16,0,0
2024-06-23,19,7,11,6,1,31.4,0,16,16,0.0,0,0,0
2024-06-24,20,7,11,0,0,35.1,0,0,17,0.0,125,142,0
2024-06-25,21,7,11,1,0,31.2,0,125,9,0.0,116,0,0
2024-06-26,22,7,11,2,0,32.1,0,116,25,0.0,91,0,0
2024-06-27,23,7,11,3,0,34.0,0,91,5,0.0,86,0,0
2024-06-28,24,7,11,4,0,35.0,0,86,22,0.0,64,0,0
2024-06-29,25,7,11,5,1,32.6,0,64,17,0.0,47,0,0
2024-06-30,26,7,11,6,1,32.9,0,47,25,0.0,22,0,0
2024-07-01,27,7,11,0,0,30.3,0,22,17,0.0,125,120,0
2024-07-02,28,7,11,1,0,31.3,0,125,19,0.0,106,0,0
2024-07-03,29,7,11,2,0,29.6,0,106,12,0.0,94,0,0
2024-07-04,30,7,11,3,0,34.9,0,94,18,0.0,76,0,0
2024-07-05,31,7,11,4,0,32.5,0,76,12,0.0,64,0,0
2024-07-06,32,7,11,5,1,34.0,0,64,14,0.0,50,0,0
2024-07-07,33,7,11,6,1,34.0,0,50,25,0.0,25,0,0
2024-07-08,34,7,11,0,0,34.3,0,25,23,0.0,119,117,0
2024-07-09,35,7,11,1,0,30.9,0,119,17,0.0,102,0,0
2024-07-10,36,7,11,2,0,31.7,0,102,16,0.0,86,0,0
2024-07-11,37,7,11,3,0,32.3,0,86,17,0.0,69,0,0
2024-07-12,38,7,11,4,0,30.7,0,69,13,0.0,56,0,0
2024-07-13,39,7,11,5,1,32.8,0,56,20,0.0,36,0,0
2024-07-14,40,7,11,6,1,35.4,0,36,18,0.0,18,0,0
2024-07-15,41,7,11,0,0,28.8,0,18,16,0.0,126,124,0
2024-07-16,42,7,11,1,0,34.2,0,126,13,0.0,113,0,0
2024-07-17,43,7,11,2,0,34.3,0,113,24,0.0,89,0,0
2024-07-18,44,7,11,3,0,30.3,0,89,18,0.0,71,0,0
2024-06-04,0,7,12,1,0,36.1,0,21,13,0.0,70,62,0
2024-06-05,1,7,12,2,0,34.4,0,70,10,0.0,60,0,0
2024-06-06,2,7,12,3,0,32.8,0,60,11,0.0,49,0,0
2024-06-07,3,7,12,4,0,32.8,0,49,16,0.0,33,0,0
2024-06-08,4,7,12,5,1,33.1,0,33,16,0.0,17,0,0
2024-06-09,5,7,12,6,1,33.8,0,17,11,0.0,72,66,0
2024-06-10,6,7,12,0,0,33.9,0,72,13,0.0,59,0,0
2024-06-11,7,7,12,1,0,33.1,0,59,10,0.0,49,0,0
2024-06-12,8,7,12,2,0,34.1,0,49,19,0.0,30,0,0
2024-06-13,9,7,12,3,0,33.1,0,30,9,0.0,21,0,0
2024-06-14,10,7,12,4,0,33.9,0,21,19,0.0,64,62,0
2024-06-15,11,7,12,5,1,33.4,0,64,15,0.0,49,0,0
2024-06-16,12,7,12,6,1,31.7,0,49,15,0.0,34,0,0
2024-06-17,13,7,12,0,0,35.9,0,34,16,0.0,18,0,0
2024-06-18,14,7,12,1,0,33.6,0,18,18,0.0,0,0,0
2024-06-19,15,7,12,2,0,31.6,0,0,12,0.0,71,83,0
2024-06-20,16,7,12,3,0,32.1,0,71,11,0.0,60,0,0
2024-06-21,17,7,12,4,0,35.1,0,60,14,0.0,46,0,0
2024-06-22,18,7,12,5,1,36.1,0,46,8,0.0,38,0,0
2024-06-23,19,7,12,6,1,31.4,0,38,11,0.0,27,0,0
2024-06-24,20,7,12,0,0,35.1,0,27,11,0.0,72,56,0
2024-06-25,21,7,12,1,0,31.2,0,72,15,0.0,57,0,0
2024-06-26,22,7,12,2,0,32.1,0,57,21,0.0,36,0,0
2024-06-27,23,7,12,3,0,34.0,0,36,7,0.0,29,0,0
2024-06-28,24,7,12,4,0,35.0,0,29,12,0.0,17,0,0
2024-06-29,25,7,12,5,1,32.6,0,17,10,0.0,73,66,0
2024-06-30,26,7,12,6,1,32.9,0,73,13,0.0,60,0,0
2024-07-01,27,7,12,0,0,30.3,0,60,10,0.0,50,0,0
2024-07-02,28,7,12,1,0,31.3,0,50,16,0.0,34,0,0
2024-07-03,29,7,12,2,0,29.6,0,34,15,0.0,19,0,0
2024-07-04,30,7,12,3,0,34.9,0,19,14,0.0,69,64,0
2024-07-05,31,7,12,4,0,32.5,0,69,14,0.0,55,0,0
2024-07-06,32,7,12,5,1,34.0,0,55,15,0.0,40,0,0
2024-07-07,33,7,12,6,1,34.0,0,40,19,0.0,21,0,0
2024-07-08,34,7,12,0,0,34.3,0,21,17,0.0,4,0,0
2024-07-09,35,7,12,1,0,30.9,0,4,14,0.0,69,79,0
2024-07-10,36,7,12,2,0,31.7,0,69,11,0.0,58,0,0
2024-07-11,37,7,12,3,0,32.3,0,58,11,0.0,47,0,0
2024-07-12,38,7,12,4,0,30.7,0,47,15,0.0,32,0,0
2024-07-13,39,7,12,5,1,32.8,0,32,12,0.0,20,0,0
2024-07-14,40,7,12,6,1,35.4,0,20,14,0.0,69,63,0
2024-07-15,41,7,12,0,0,28.8,0,69,17,0.0,52,0,0
2024-07-16,42,7,12,1,0,34.2,0,52,12,0.0,40,0,0
2024-07-17,43,7,12,2,0,34.3,0,40,14,0.0,26,0,0
2024-07-18,44,7,12,3,0,30.3,0,26,11,0.0,15,0,0
2024-06-04,0,8,1,1,0,30.9,0,167,19,0.0,148,0,0
2024-06-05,1,8,1,2,0,29.2,0,148,18,0.0,130,0,0
2024-06-06,2,8,1,3,0,26.6,0,130,27,0.0,103,0,0
2024-06-07,3,8,1,4,0,33.8,0,103,31,0.0,72,0,0
2024-06-08,4,8,1,5,1,31.7,0,72,39,0.0,33,0,0
2024-06-09,5,8,1,6,1,31.4,0,33,33,0.0,0,0,0
2024-06-10,6,8,1,0,0,29.9,0,0,27,0.0,168,195,0
2024-06-11,7,8,1,1,0,28.2,0,168,29,0.0,139,0,0
2024-06-12,8,8,1,2,0,30.7,0,139,24,0.0,115,0,0
2024-06-13,9,8,1,3,0,33.1,0,115,24,0.0,91,0,0
2024-06-14,10,8,1,4,0,32.7,0,91,26,0.0,65,0,0
2024-06-15,11,8,1,5,1,29.9,0,65,29,0.0,36,0,0
2024-06-16,12,8,1,6,1,30.2,0,36,32,0.0,4,0,0
2024-06-17,13,8,1,0,0,28.3,0,4,24,0.0,171,191,0
2024-06-18,14,8,1,1,0,29.4,0,171,31,0.0,140,0,0
2024-06-19,15,8,1,2,0,30.8,0,140,20,0.0,120,0,0
2024-06-20,16,8,1,3,0,30.1,0,120,20,0.0,100,0,0
2024-06-21,17,8,1,4,0,30.4,0,100,31,0.0,69,0,0
2024-06-22,18,8,1,5,1,33.0,0,69,20,0.0,49,0,0
2024-06-23,19,8,1,6,1,31.0,0,49,33,0.0,16,0,0
2024-06-24,20,8,1,0,0,31.4,0,16,28,0.0,167,179,0
2024-06-25,21,8,1,1,0,30.6,0,167,29,0.0,138,0,0
2024-06-26,22,8,1,2,0,29.5,0,138,21,0.0,117,0,0
2024-06-27,23,8,1,3,0,30.9,0,117,20,0.0,97,0,0
2024-06-28,24,8,1,4,0,29.5,0,97,31,0.0,66,0,0
2024-06-29,25,8,1,5,1,29.3,0,66,26,0.0,40,0,0
2024-06-30,26,8,1,6,1,29.8,0,40,31,0.0,9,0,0
2024-07-01,27,8,1,0,0,30.1,0,9,26,0.0,169,186,0
2024-07-02,28,8,1,1,0,30.0,0,169,18,0.0,151,0,0
2024-07-03,29,8,1,2,0,30.1,0,151,24,0.0,127,0,0
2024-07-04,30,8,1,3,0,29.9,0,127,31,0.0,96,0,0
2024-07-05,31,8,1,4,0,29.6,0,96,23,0.0,73,0,0
2024-07-06,32,8,1,5,1,29.8,0,73,35,0.0,38,0,0
2024-07-07,33,8,1,6,1,28.9,0,38,27,0.0,11,0,0
2024-07-08,34,8,1,0,0,29.1,0,11,24,0.0,171,184,0
2024-07-09,35,8,1,1,0,28.5,0,171,20,0.0,151,0,0
2024-07-10,36,8,1,2,0,31.9,0,151,29,0.0,122,0,0
2024-07-11,37,8,1,3,0,30.5,0,122,22,0.0,100,0,0
2024-07-12,38,8,1,4,0,30.7,0,100,23,0.0,77,0,0
2024-07-13,39,8,1,5,1,30.2,0,77,34,0.0,43,0,0
2024-07-14,40,8,1,6,1,30.1,0,43,42,0.0,1,0,0
2024-07-15,41,8,1,0,0,28.7,0,1,29,0.0,166,194,0
2024-07-16,42,8,1,1,0,34.2,0,166,25,0.0,141,0,0
2024-07-17,43,8,1,2,0,29.1,0,141,25,0.0,116,0,0
2024-07-18,44,8,1,3,0,28.5,0,116,19,0.0,97,0,0
2024-06-04,0,8,2,1,0,30.9,0,10,21,0.0,16,27,0
2024-06-05,1,8,2,2,0,29.2,0,16,18,0.0,19,21,0
2024-06-06,2,8,2,3,0,26.6,0,19,19,0.0,18,18,0
2024-06-07,3,8,2,4,0,33.8,0,18,16,0.0,21,19,0
2024-06-08,4,8,2,5,1,31.7,0,21,19,0.0,18,16,0
2024-06-09,5,8,2,6,1,31.4,0,18,29,0.0,8,19,0
2024-06-10,6,8,2,0,0,29.9,0,8,18,0.0,19,29,0
2024-06-11,7,8,2,1,0,28.2,0,19,23,0.0,14,18,0
2024-06-12,8,8,2,2,0,30.7,0,14,19,0.0,18,23,0
2024-06-13,9,8,2,3,0,33.1,0,18,10,0.0,27,19,0
2024-06-14,10,8,2,4,0,32.7,0,27,15,0.0,22,10,0
2024-06-15,11,8,2,5,1,29.9,0,22,20,0.0,17,15,0
2024-06-16,12,8,2,6,1,30.2,0,17,27,0.0,10,20,0
2024-06-17,13,8,2,0,0,28.3,0,10,23,0.0,14,27,0
2024-06-18,14,8,2,1,0,29.4,0,14,18,0.0,19,23,0
2024-06-19,15,8,2,2,0,30.8,0,19,22,0.0,15,18,0
2024-06-20,16,8,2,3,0,30.1,0,15,23,0.0,14,22,0
2024-06-21,17,8,2,4,0,30.4,0,14,21,0.0,16,23,0
2024-06-22,18,8,2,5,1,33.0,0,16,21,0.0,16,21,0
2024-06-23,19,8,2,6,1,31.0,0,16,26,0.0,11,21,0
2024-06-24,20,8,2,0,0,31.4,0,11,23,0.0,14,26,0
2024-06-25,21,8,2,1,0,30.6,0,14,23,0.0,14,23,0
2024-06-26,22,8,2,2,0,29.5,0,14,19,0.0,18,23,0
2024-06-27,23,8,2,3,0,30.9,0,18,28,0.0,9,19,0
2024-06-28,24,8,2,4,0,29.5,0,9,15,0.0,22,28,0
2024-06-29,25,8,2,5,1,29.3,0,22,28,0.0,9,15,0
2024-06-30,26,8,2,6,1,29.8,0,9,29,0.0,8,28,0
2024-07-01,27,8,2,0,0,30.1,0,8,23,0.0,14,29,0
2024-07-02,28,8,2,1,0,30.0,0,14,17,0.0,20,23,0
2024-07-03,29,8,2,2,0,30.1,0,20,21,0.0,16,17,0
2024-07-04,30,8,2,3,0,29.9,0,16,15,0.0,22,21,0
2024-07-05,31,8,2,4,0,29.6,0,22,20,0.0,17,15,0
2024-07-06,32,8,2,5,1,29.8,0,17,26,0.0,11,20,0
2024-07-07,33,8,2,6,1,28.9,0,11,21,0.0,16,26,0
2024-07-08,34,8,2,0,0,29.1,0,16,23,0.0,14,21,0
2024-07-09,35,8,2,1,0,28.5,0,14,23,0.0,14,23,0
2024-07-10,36,8,2,2,0,31.9,0,14,21,0.0,16,23,0
2024-07-11,37,8,2,3,0,30.5,0,16,25,0.0,12,21,0
2024-07-12,38,8,2,4,0,30.7,0,12,22,0.0,15,25,0
2024-07-13,39,8,2,5,1,30.2,0,15,37,0.0,0,22,0
2024-07-14,40,8,2,6,1,30.1,0,0,22,0.0,15,37,0
2024-07-15,41,8,2,0,0,28.7,0,15,32,0.0,5,22,0
2024-07-16,42,8,2,1,0,34.2,0,5,21,0.0,16,32,0
2024-07-17,43,8,2,2,0,29.1,0,16,21,0.0,16,21,0
2024-07-18,44,8,2,3,0,28.5,0,16,20,0.0,17,21,0
2024-06-04,0,8,3,1,0,30.9,0,168,31,0.0,137,0,0
2024-06-05,1,8,3,2,0,29.2,0,137,23,0.0,114,0,0
2024-06-06,2,8,3,3,0,26.6,0,114,20,0.0,94,0,0
2024-06-07,3,8,3,4,0,33.8,0,94,30,0.0,64,0,0
2024-06-08,4,8,3,5,1,31.7,0,64,26,0.0,38,0,0
2024-06-09,5,8,3,6,1,31.4,0,38,14,0.0,24,0,0
2024-06-10,6,8,3,0,0,29.9,0,24,32,0.0,153,161,0
2024-06-11,7,8,3,1,0,28.2,0,153,13,0.0,140,0,0
2024-06-12,8,8,3,2,0,30.7,0,140,21,0.0,119,0,0
2024-06-13,9,8,3,3,0,33.1,0,119,20,0.0,99,0,0
2024-06-14,10,8,3,4,0,32.7,0,99,23,0.0,76,0,0
2024-06-15,11,8,3,5,1,29.9,0,76,27,0.0,49,0,0
2024-06-16,12,8,3,6,1,30.2,0,49,24,0.0,25,0,0
2024-06-17,13,8,3,0,0,28.3,0,25,23,0.0,162,160,0
2024-06-18,14,8,3,1,0,29.4,0,162,16,0.0,146,0,0
2024-06-19,15,8,3,2,0,30.8,0,146,23,0.0,123,0,0
2024-06-20,16,8,3,3,0,30.1,0,123,26,0.0,97,0,0
2024-06-21,17,8,3,4,0,30.4,0,97,41,0.0,56,0,0
2024-06-22,18,8,3,5,1,33.0,0,56,28,0.0,28,0,0
2024-06-23,19,8,3,6,1,31.0,0,28,28,0.0,0,0,0
2024-06-24,20,8,3,0,0,31.4,0,0,17,0.0,168,185,0
2024-06-25,21,8,3,1,0,30.6,0,168,26,0.0,142,0,0
2024-06-26,22,8,3,2,0,29.5,0,142,19,0.0,123,0,0
2024-06-27,23,8,3,3,0,30.9,0,123,15,0.0,108,0,0
2024-06-28,24,8,3,4,0,29.5,0,108,25,0.0,83,0,0
2024-06-29,25,8,3,5,1,29.3,0,83,35,0.0,48,0,0
2024-06-30,26,8,3,6,1,29.8,0,48,22,0.0,26,0,0
2024-07-01,27,8,3,0,0,30.1,0,26,24,0.0,161,159,0
2024-07-02,28,8,3,1,0,30.0,0,161,19,0.0,142,0,0
2024-07-03,29,8,3,2,0,30.1,0,142,21,0.0,121,0,0
2024-07-04,30,8,3,3,0,29.9,0,121,22,0.0,99,0,0
2024-07-05,31,8,3,4,0,29.6,0,99,21,0.0,78,0,0
2024-07-06,32,8,3,5,1,29.8,0,78,24,0.0,54,0,0
2024-07-07,33,8,3,6,1,28.9,0,54,22,0.0,32,0,0
2024-07-08,34,8,3,0,0,29.1,0,32,27,0.0,158,153,0
2024-07-09,35,8,3,1,0,28.5,0,158,20,0.0,138,0,0
2024-07-10,36,8,3,2,0,31.9,0,138,27,0.0,111,0,0
2024-07-11,37,8,3,3,0,30.5,0,111,15,0.0,96,0,0
2024-07-12,38,8,3,4,0,30.7,0,96,17,0.0,79,0,0
2024-07-13,39,8,3,5,1,30.2,0,79,20,0.0,59,0,0
2024-07-14,40,8,3,6,1,30.1,0,59,42,0.0,17,0,0
2024-07-15,41,8,3,0,0,28.7,0,17,19,0.0,166,168,0
2024-07-16,42,8,3,1,0,34.2,0,166,15,0.0,151,0,0
2024-07-17,43,8,3,2,0,29.1,0,151,25,0.0,126,0,0
2024-07-18,44,8,3,3,0,28.5,0,126,17,0.0,109,0,0
2024-06-04,0,8,4,1,0,30.9,0,113,22,0.0,91,0,0
2024-06-05,1,8,4,2,0,29.2,0,91,18,0.0,73,0,0
2024-06-06,2,8,4,3,0,26.6,0,73,14,0.0,59,0,0
2024-06-07,3,8,4,4,0,33.8,0,59,13,0.0,46,0,0
2024-06-08,4,8,4,5,1,31.7,0,46,18,0.0,28,0,0
2024-06-09,5,8,4,6,1,31.4,0,28,18,0.0,10,0,0
2024-06-10,6,8,4,0,0,29.9,0,10,18,0.0,110,118,0
2024-06-11,7,8,4,1,0,28.2,0,110,17,0.0,93,0,0
2024-06-12,8,8,4,2,0,30.7,0,93,19,0.0,74,0,0
2024-06-13,9,8,4,3,0,33.1,0,74,17,0.0,57,0,0
2024-06-14,10,8,4,4,0,32.7,0,57,13,0.0,44,0,0
2024-06-15,11,8,4,5,1,29.9,0,44,22,0.0,22,0,0
2024-06-16,12,8,4,6,1,30.2,0,22,19,0.0,3,0,0
2024-06-17,13,8,4,0,0,28.3,0,3,15,0.0,113,125,0
2024-06-18,14,8,4,1,0,29.4,0,113,15,0.0,98,0,0
2024-06-19,15,8,4,2,0,30.8,0,98,25,0.0,73,0,0
2024-06-20,16,8,4,3,0,30.1,0,73,20,0.0,53,0,0
2024-06-21,17,8,4,4,0,30.4,0,53,15,0.0,38,0,0
2024-06-22,18,8,4,5,1,33.0,0,38,11,0.0,27,0,0
2024-06-23,19,8,4,6,1,31.0,0,27,27,0.0,0,0,0
2024-06-24,20,8,4,0,0,31.4,0,0,20,0.0,108,128,0
2024-06-25,21,8,4,1,0,30.6,0,108,20,0.0,88,0,0
2024-06-26,22,8,4,2,0,29.5,0,88,14,0.0,74,0,0
2024-06-27,23,8,4,3,0,30.9,0,74,11,0.0,63,0,0
2024-06-28,24,8,4,4,0,29.5,0,63,17,0.0,46,0,0
2024-06-29,25,8,4,5,1,29.3,0,46,18,0.0,28,0,0
2024-06-30,26,8,4,6,1,29.8,0,28,21,0.0,7,0,0
2024-07-01,27,8,4,0,0,30.1,0,7,12,0.0,116,121,0
2024-07-02,28,8,4,1,0,30.0,0,116,24,0.0,92,0,0
2024-07-03,29,8,4,2,0,30.1,0,92,7,0.0,85,0,0
2024-07-04,30,8,4,3,0,29.9,0,85,12,0.0,73,0,0
2024-07-05,31,8,4,4,0,29.6,0,73,14,0.0,59,0,0
2024-07-06,32,8,4,5,1,29.8,0,59,15,0.0,44,0,0
2024-07-07,33,8,4,6,1,28.9,0,44,13,0.0,31,0,0
2024-07-08,34,8,4,0,0,29.1,0,31,17,0.0,111,97,0
2024-07-09,35,8,4,1,0,28.5,0,111,16,0.0,95,0,0
2024-07-10,36,8,4,2,0,31.9,0,95,14,0.0,81,0,0
2024-07-11,37,8,4,3,0,30.5,0,81,22,0.0,59,0,0
2024-07-12,38,8,4,4,0,30.7,0,59,17,0.0,42,0,0
2024-07-13,39,8,4,5,1,30.2,0,42,13,0.0,29,0,0
2024-07-14,40,8,4,6,1,30.1,0,29,16,0.0,13,0,0
2024-07-15,41,8,4,0,0,28.7,0,13,14,0.0,114,115,0
2024-07-16,42,8,4,1,0,34.2,0,114,21,0.0,93,0,0
2024-07-17,43,8,4,2,0,29.1,0,93,13,0.0,80,0,0
2024-07-18,44,8,4,3,0,28.5,0,80,18,0.0,62,0,0
2024-06-04,0,8,5,1,0,30.9,0,82,15,0.0,67,0,0
2024-06-05,1,8,5,2,0,29.2,0,67,11,0.0,56,0,0
2024-06-06,2,8,5,3,0,26.6,0,56,9,0.0,47,0,0
2024-06-07,3,8,5,4,0,33.8,0,47,17,0.0,30,0,0
2024-06-08,4,8,5,5,1,31.7,0,30,15,0.0,15,0,0
2024-06-09,5,8,5,6,1,31.4,0,15,12,0.0,3,0,0
2024-06-10,6,8,5,0,0,29.9,0,3,5,0.0,89,91,0
2024-06-11,7,8,5,1,0,28.2,0,89,6,0.0,83,0,0
2024-06-12,8,8,5,2,0,30.7,0,83,9,0.0,74,0,0
2024-06-13,9,8,5,3,0,33.1,0,74,18,0.0,56,0,0
2024-06-14,10,8,5,4,0,32.7,0,56,12,0.0,44,0,0
2024-06-15,11,8,5,5,1,29.9,0,44,13,0.0,31,0,0
2024-06-16,12,8,5,6,1,30.2,0,31,15,0.0,16,0,0
2024-06-17,13,8,5,0,0,28.3,0,16,13,0.0,81,78,0
2024-06-18,14,8,5,1,0,29.4,0,81,14,0.0,67,0,0
2024-06-19,15,8,5,2,0,30.8,0,67,10,0.0,57,0,0
2024-06-20,16,8,5,3,0,30.1,0,57,12,0.0,45,0,0
2024-06-21,17,8,5,4,0,30.4,0,45,18,0.0,27,0,0
2024-06-22,18,8,5,5,1,33.0,0,27,14,0.0,13,0,0
2024-06-23,19,8,5,6,1,31.0,0,13,13,0.0,0,0,0
2024-06-24,20,8,5,0,0,31.4,0,0,9,0.0,85,94,0
2024-06-25,21,8,5,1,0,30.6,0,85,9,0.0,76,0,0
2024-06-26,22,8,5,2,0,29.5,0,76,20,0.0,56,0,0
2024-06-27,23,8,5,3,0,30.9,0,56,9,0.0,47,0,0
2024-06-28,24,8,5,4,0,29.5,0,47,11,0.0,36,0,0
2024-06-29,25,8,5,5,1,29.3,0,36,11,0.0,25,0,0
2024-06-30,26,8,5,6,1,29.8,0,25,21,0.0,4,0,0
2024-07-01,27,8,5,0,0,30.1,0,4,10,0.0,84,90,0
2024-07-02,28,8,5,1,0,30.0,0,84,8,0.0,76,0,0
2024-07-03,29,8,5,2,0,30.1,0,76,8,0.0,68,0,0
2024-07-04,30,8,5,3,0,29.9,0,68,10,0.0,58,0,0
2024-07-05,31,8,5,4,0,29.6,0,58,6,0.0,52,0,0
2024-07-06,32,8,5,5,1,29.8,0,52,13,0.0,39,0,0
2024-07-07,33,8,5,6,1,28.9,0,39,11,0.0,28,0,0
2024-07-08,34,8,5,0,0,29.1,0,28,13,0.0,81,66,0
2024-07-09,35,8,5,1,0,28.5,0,81,12,0.0,69,0,0
2024-07-10,36,8,5,2,0,31.9,0,69,9,0.0,60,0,0
2024-07-11,37,8,5,3,0,30.5,0,60,16,0.0,44,0,0
2024-07-12,38,8,5,4,0,30.7,0,44,12,0.0,32,0,0
2024-07-13,39,8,5,5,1,30.2,0,32,14,0.0,18,0,0
2024-07-14,40,8,5,6,1,30.1,0,18,8,0.0,10,0,0
2024-07-15,41,8,5,0,0,28.7,0,10,8,0.0,86,84,0
2024-07-16,42,8,5,1,0,34.2,0,86,9,0.0,77,0,0
2024-07-17,43,8,5,2,0,29.1,0,77,7,0.0,70,0,0
2024-07-18,44,8,5,3,0,28.5,0,70,8,0.0,62,0,0
2024-06-04,0,8,6,1,0,30.9,0,45,10,0.0,35,0,0
2024-06-05,1,8,6,2,0,29.2,0,35,3,0.0,32,0,0
2024-06-06,2,8,6,3,0,26.6,0,32,3,0.0,29,0,0
2024-06-07,3,8,6,4,0,33.8,0,29,7,0.0,22,0,0
2024-06-08,4,8,6,5,1,31.7,0,22,11,0.0,11,0,0
2024-06-09,5,8,6,6,1,31.4,0,11,4,0.0,7,0,0
2024-06-10,6,8,6,0,0,29.9,0,7,12,0.0,34,39,0
2024-06-11,7,8,6,1,0,28.2,0,34,4,0.0,30,0,0
2024-06-12,8,8,6,2,0,30.7,0,30,8,0.0,22,0,0
2024-06-13,9,8,6,3,0,33.1,0,22,5,0.0,17,0,0
2024-06-14,10,8,6,4,0,32.7,0,17,5,0.0,12,0,0
2024-06-15,11,8,6,5,1,29.9,0,12,6,0.0,6,0,0
2024-06-16,12,8,6,6,1,30.2,0,6,3,0.0,3,0,0
2024-06-17,13,8,6,0,0,28.3,0,3,9,0.0,37,43,0
2024-06-18,14,8,6,1,0,29.4,0,37,3,0.0,34,0,0
2024-06-19,15,8,6,2,0,30.8,0,34,2,0.0,32,0,0
2024-06-20,16,8,6,3,0,30.1,0,32,8,0.0,24,0,0
2024-06-21,17,8,6,4,0,30.4,0,24,5,0.0,19,0,0
2024-06-22,18,8,6,5,1,33.0,0,19,9,0.0,10,0,0
2024-06-23,19,8,6,6,1,31.0,0,10,10,0.0,0,0,0
2024-06-24,20,8,6,0,0,31.4,0,0,10,0.0,36,46,0
2024-06-25,21,8,6,1,0,30.6,0,36,6,0.0,30,0,0
2024-06-26,22,8,6,2,0,29.5,0,30,2,0.0,28,0,0
2024-06-27,23,8,6,3,0,30.9,0,28,5,0.0,23,0,0
2024-06-28,24,8,6,4,0,29.5,0,23,3,0.0,20,0,0
2024-06-29,25,8,6,5,1,29.3,0,20,7,0.0,13,0,0
2024-06-30,26,8,6,6,1,29.8,0,13,6,0.0,7,0,0
2024-07-01,27,8,6,0,0,30.1,0,7,5,0.0,41,39,0
2024-07-02,28,8,6,1,0,30.0,0,41,6,0.0,35,0,0
2024-07-03,29,8,6,2,0,30.1,0,35,2,0.0,33,0,0
2024-07-04,30,8,6,3,0,29.9,0,33,7,0.0,26,0,0
2024-07-05,31,8,6,4,0,29.6,0,26,7,0.0,19,0,0
2024-07-06,32,8,6,5,1,29.8,0,19,6,0.0,13,0,0
2024-07-07,33,8,6,6,1,28.9,0,13,11,0.0,2,0,0
2024-07-08,34,8,6,0,0,29.1,0,2,2,0.0,44,44,0
2024-07-09,35,8,6,1,0,28.5,0,44,4,0.0,40,0,0
2024-07-10,36,8,6,2,0,31.9,0,40,1,0.0,39,0,0
2024-07-11,37,8,6,3,0,30.5,0,39,4,0.0,35,0,0
2024-07-12,38,8,6,4,0,30.7,0,35,12,0.0,23,0,0
2024-07-13,39,8,6,5,1,30.2,0,23,9,0.0,14,0,0
2024-07-14,40,8,6,6,1,30.1,0,14,10,0.0,4,0,0
2024-07-15,41,8,6,0,0,28.7,0,4,8,0.0,38,42,0
2024-07-16,42,8,6,1,0,34.2,0,38,4,0.0,34,0,0
2024-07-17,43,8,6,2,0,29.1,0,34,6,0.0,28,0,0
2024-07-18,44,8,6,3,0,28.5,0,28,8,0.0,20,0,0
2024-06-04,0,8,7,1,0,30.9,0,24,3,0.0,21,0,0
2024-06-05,1,8,7,2,0,29.2,0,21,2,0.0,19,0,0
2024-06-06,2,8,7,3,0,26.6,0,19,2,0.0,17,0,0
2024-06-07,3,8,7,4,0,33.8,0,17,1,0.0,16,0,0
2024-06-08,4,8,7,5,1,31.7,0,16,2,0.0,14,0,0
2024-06-09,5,8,7,6,1,31.4,0,14,2,0.0,12,0,0
2024-06-10,6,8,7,0,0,29.9,0,12,2,0.0,24,14,0
2024-06-11,7,8,7,1,0,28.2,0,24,4,0.0,20,0,0
2024-06-12,8,8,7,2,0,30.7,0,20,4,0.0,16,0,0
2024-06-13,9,8,7,3,0,33.1,0,16,4,0.0,12,0,0
2024-06-14,10,8,7,4,0,32.7,0,12,8,0.0,4,0,0
2024-06-15,11,8,7,5,1,29.9,0,4,3,0.0,1,0,0
2024-06-16,12,8,7,6,1,30.2,0,1,1,0.0,0,0,0
2024-06-17,13,8,7,0,0,28.3,0,0,3,0.0,23,26,0
2024-06-18,14,8,7,1,0,29.4,0,23,3,0.0,20,0,0
2024-06-19,15,8,7,2,0,30.8,0,20,3,0.0,17,0,0
2024-06-20,16,8,7,3,0,30.1,0,17,1,0.0,16,0,0
2024-06-21,17,8,7,4,0,30.4,0,16,5,0.0,11,0,0
2024-06-22,18,8,7,5,1,33.0,0,11,5,0.0,6,0,0
2024-06-23,19,8,7,6,1,31.0,0,6,5,0.0,1,0,0
2024-06-24,20,8,7,0,0,31.4,0,1,5,0.0,21,25,0
2024-06-25,21,8,7,1,0,30.6,0,21,0,0.0,21,0,0
2024-06-26,22,8,7,2,0,29.5,0,21,2,0.0,19,0,0
2024-06-27,23,8,7,3,0,30.9,0,19,4,0.0,15,0,0
2024-06-28,24,8,7,4,0,29.5,0,15,6,0.0,9,0,0
2024-06-29,25,8,7,5,1,29.3,0,9,6,0.0,3,0,0
2024-06-30,26,8,7,6,1,29.8,0,3,0,0.0,3,0,0
2024-07-01,27,8,7,0,0,30.1,0,3,1,0.0,25,23,0
2024-07-02,28,8,7,1,0,30.0,0,25,3,0.0,22,0,0
2024-07-03,29,8,7,2,0,30.1,0,22,4,0.0,18,0,0
2024-07-04,30,8,7,3,0,29.9,0,18,3,0.0,15,0,0
2024-07-05,31,8,7,4,0,29.6,0,15,0,0.0,15,0,0
2024-07-06,32,8,7,5,1,29.8,0,15,4,0.0,11,0,0
2024-07-07,33,8,7,6,1,28.9,0,11,2,0.0,9,0,0
2024-07-08,34,8,7,0,0,29.1,0,9,4,0.0,22,17,0
2024-07-09,35,8,7,1,0,28.5,0,22,2,0.0,20,0,0
2024-07-10,36,8,7,2,0,31.9,0,20,1,0.0,19,0,0
2024-07-11,37,8,7,3,0,30.5,0,19,4,0.0,15,0,0
2024-07-12,38,8,7,4,0,30.7,0,15,1,0.0,14,0,0
2024-07-13,39,8,7,5,1,30.2,0,14,8,0.0,6,0,0
2024-07-14,40,8,7,6,1,30.1,0,6,4,0.0,2,0,0
2024-07-15,41,8,7,0,0,28.7,0,2,4,0.0,22,24,0
2024-07-16,42,8,7,1,0,34.2,0,22,2,0.0,20,0,0
2024-07-17,43,8,7,2,0,29.1,0,20,2,0.0,18,0,0
2024-07-18,44,8,7,3,0,28.5,0,18,6,0.0,12,0,0
2024-06-04,0,8,8,1,0,30.9,0,273,57,0.0,216,0,0
2024-06-05,1,8,8,2,0,29.2,0,216,34,0.0,182,0,0
2024-06-06,2,8,8,3,0,26.6,0,182,43,0.0,139,0,0
2024-06-07,3,8,8,4,0,33.8,0,139,45,0.0,94,0,0
2024-06-08,4,8,8,5,1,31.7,0,94,45,0.0,49,0,0
2024-06-09,5,8,8,6,1,31.4,0,49,47,0.0,2,0,0
2024-06-10,6,8,8,0,0,29.9,0,2,47,0.0,273,318,0
2024-06-11,7,8,8,1,0,28.2,0,273,43,0.0,230,0,0
2024-06-12,8,8,8,2,0,30.7,0,230,42,0.0,188,0,0
2024-06-13,9,8,8,3,0,33.1,0,188,46,0.0,142,0,0
2024-06-14,10,8,8,4,0,32.7,0,142,53,0.0,89,0,0
2024-06-15,11,8,8,5,1,29.9,0,89,47,0.0,42,0,0
2024-06-16,12,8,8,6,1,30.2,0,42,42,0.0,0,0,0
2024-06-17,13,8,8,0,0,28.3,0,0,51,0.0,269,320,0
2024-06-18,14,8,8,1,0,29.4,0,269,29,0.0,240,0,0
2024-06-19,15,8,8,2,0,30.8,0,240,44,0.0,196,0,0
2024-06-20,16,8,8,3,0,30.1,0,196,50,0.0,146,0,0
2024-06-21,17,8,8,4,0,30.4,0,146,40,0.0,106,0,0
2024-06-22,18,8,8,5,1,33.0,0,106,48,0.0,58,0,0
2024-06-23,19,8,8,6,1,31.0,0,58,53,0.0,5,0,0
2024-06-24,20,8,8,0,0,31.4,0,5,41,0.0,279,315,0
2024-06-25,21,8,8,1,0,30.6,0,279,40,0.0,239,0,0
2024-06-26,22,8,8,2,0,29.5,0,239,46,0.0,193,0,0
2024-06-27,23,8,8,3,0,30.9,0,193,42,0.0,151,0,0
2024-06-28,24,8,8,4,0,29.5,0,151,57,0.0,94,0,0
2024-06-29,25,8,8,5,1,29.3,0,94,37,0.0,57,0,0
2024-06-30,26,8,8,6,1,29.8,0,57,32,0.0,25,0,0
2024-07-01,27,8,8,0,0,30.1,0,25,38,0.0,282,295,0
2024-07-02,28,8,8,1,0,30.0,0,282,54,0.0,228,0,0
2024-07-03,29,8,8,2,0,30.1,0,228,47,0.0,181,0,0
2024-07-04,30,8,8,3,0,29.9,0,181,39,0.0,142,0,0
2024-07-05,31,8,8,4,0,29.6,0,142,40,0.0,102,0,0
2024-07-06,32,8,8,5,1,29.8,0,102,34,0.0,68,0,0
2024-07-07,33,8,8,6,1,28.9,0,68,45,0.0,23,0,0
2024-07-08,34,8,8,0,0,29.1,0,23,41,0.0,279,297,0
2024-07-09,35,8,8,1,0,28.5,0,279,33,0.0,246,0,0
2024-07-10,36,8,8,2,0,31.9,0,246,44,0.0,202,0,0
2024-07-11,37,8,8,3,0,30.5,0,202,45,0.0,157,0,0
2024-07-12,38,8,8,4,0,30.7,0,157,39,0.0,118,0,0
2024-07-13,39,8,8,5,1,30.2,0,118,53,0.0,65,0,0
2024-07-14,40,8,8,6,1,30.1,0,65,60,0.0,5,0,0
2024-07-15,41,8,8,0,0,28.7,0,5,34,0.0,286,315,0
2024-07-16,42,8,8,1,0,34.2,0,286,62,0.0,224,0,0
2024-07-17,43,8,8,2,0,29.1,0,224,49,0.0,175,0,0
2024-07-18,44,8,8,3,0,28.5,0,175,38,0.0,137,0,0
2024-06-04,0,8,9,1,0,30.9,0,27,27,0.0,22,22,0
2024-06-05,1,8,9,2,0,29.2,0,22,29,0.0,20,27,0
2024-06-06,2,8,9,3,0,26.6,0,20,28,0.0,21,29,0
2024-06-07,3,8,9,4,0,33.8,0,21,32,0.0,17,28,0
2024-06-08,4,8,9,5,1,31.7,0,17,31,0.0,18,32,0
2024-06-09,5,8,9,6,1,31.4,0,18,30,0.0,19,31,0
2024-06-10,6,8,9,0,0,29.9,0,19,28,0.0,21,30,0
2024-06-11,7,8,9,1,0,28.2,0,21,26,0.0,23,28,0
2024-06-12,8,8,9,2,0,30.7,0,23,35,0.0,14,26,0
2024-06-13,9,8,9,3,0,33.1,0,14,25,0.0,24,35,0
2024-06-14,10,8,9,4,0,32.7,0,24,20,0.0,29,25,0
2024-06-15,11,8,9,5,1,29.9,0,29,26,0.0,23,20,0
2024-06-16,12,8,9,6,1,30.2,0,23,36,0.0,13,26,0
2024-06-17,13,8,9,0,0,28.3,0,13,19,0.0,30,36,0
2024-06-18,14,8,9,1,0,29.4,0,30,32,0.0,17,19,0
2024-06-19,15,8,9,2,0,30.8,0,17,37,0.0,12,32,0
2024-06-20,16,8,9,3,0,30.1,0,12,25,0.0,24,37,0
2024-06-21,17,8,9,4,0,30.4,0,24,24,0.0,25,25,0
2024-06-22,18,8,9,5,1,33.0,0,25,35,0.0,14,24,0
2024-06-23,19,8,9,6,1,31.0,0,14,21,0.0,25,32,0
2024-06-24,20,8,9,0,0,31.4,0,25,33,0.0,16,24,0
2024-06-25,21,8,9,1,0,30.6,0,16,30,0.0,19,33,0
2024-06-26,22,8,9,2,0,29.5,0,19,29,0.0,20,30,0
2024-06-27,23,8,9,3,0,30.9,0,20,36,0.0,13,29,0
2024-06-28,24,8,9,4,0,29.5,0,13,19,0.0,30,36,0
2024-06-29,25,8,9,5,1,29.3,0,30,31,0.0,18,19,0
2024-06-30,26,8,9,6,1,29.8,0,18,45,0.0,4,31,0
2024-07-01,27,8,9,0,0,30.1,0,4,30,0.0,9,35,0
2024-07-02,28,8,9,1,0,30.0,0,9,35,0.0,14,40,0
2024-07-03,29,8,9,2,0,30.1,0,14,23,0.0,26,35,0
2024-07-04,30,8,9,3,0,29.9,0,26,31,0.0,18,23,0
2024-07-05,31,8,9,4,0,29.6,0,18,23,0.0,26,31,0
2024-07-06,32,8,9,5,1,29.8,0,26,28,0.0,21,23,0
2024-07-07,33,8,9,6,1,28.9,0,21,37,0.0,12,28,0
2024-07-08,34,8,9,0,0,29.1,0,12,25,0.0,24,37,0
2024-07-09,35,8,9,1,0,28.5,0,24,21,0.0,28,25,0
2024-07-10,36,8,9,2,0,31.9,0,28,22,0.0,27,21,0
2024-07-11,37,8,9,3,0,30.5,0,27,28,0.0,21,22,0
2024-07-12,38,8,9,4,0,30.7,0,21,26,0.0,23,28,0
2024-07-13,39,8,9,5,1,30.2,0,23,49,0.0,0,26,0
2024-07-14,40,8,9,6,1,30.1,0,0,25,0.0,24,49,0
2024-07-15,41,8,9,0,0,28.7,0,24,28,0.0,21,25,0
2024-07-16,42,8,9,1,0,34.2,0,21,34,0.0,15,28,0
2024-07-17,43,8,9,2,0,29.1,0,15,36,0.0,13,34,0
2024-07-18,44,8,9,3,0,28.5,0,13,30,0.0,19,36,0
2024-06-04,0,8,10,1,0,30.9,0,132,23,0.0,109,0,0
2024-06-05,1,8,10,2,0,29.2,0,109,12,0.0,97,0,0
2024-06-06,2,8,10,3,0,26.6,0,97,28,0.0,69,0,0
2024-06-07,3,8,10,4,0,33.8,0,69,21,0.0,48,0,0
2024-06-08,4,8,10,5,1,31.7,0,48,19,0.0,29,0,0
2024-06-09,5,8,10,6,1,31.4,0,29,11,0.0,18,0,0
2024-06-10,6,8,10,0,0,29.9,0,18,17,0.0,133,132,0
2024-06-11,7,8,10,1,0,28.2,0,133,16,0.0,117,0,0
2024-06-12,8,8,10,2,0,30.7,0,117,16,0.0,101,0,0
2024-06-13,9,8,10,3,0,33.1,0,101,22,0.0,79,0,0
2024-06-14,10,8,10,4,0,32.7,0,79,21,0.0,58,0,0
2024-06-15,11,8,10,5,1,29.9,0,58,19,0.0,39,0,0
2024-06-16,12,8,10,6,1,30.2,0,39,20,0.0,19,0,0
2024-06-17,13,8,10,0,0,28.3,0,19,15,0.0,135,131,0
2024-06-18,14,8,10,1,0,29.4,0,135,21,0.0,114,0,0
2024-06-19,15,8,10,2,0,30.8,0,114,14,0.0,100,0,0
2024-06-20,16,8,10,3,0,30.1,0,100,17,0.0,83,0,0
2024-06-21,17,8,10,4,0,30.4,0,83,19,0.0,64,0,0
2024-06-22,18,8,10,5,1,33.0,0,64,15,0.0,49,0,0
2024-06-23,19,8,10,6,1,31.0,0,49,24,0.0,25,0,0
2024-06-24,20,8,10,0,0,31.4,0,25,16,0.0,134,125,0
2024-06-25,21,8,10,1,0,30.6,0,134,21,0.0,113,0,0
2024-06-26,22,8,10,2,0,29.5,0,113,17,0.0,96,0,0
2024-06-27,23,8,10,3,0,30.9,0,96,21,0.0,75,0,0
2024-06-28,24,8,10,4,0,29.5,0,75,22,0.0,53,0,0
2024-06-29,25,8,10,5,1,29.3,0,53,22,0.0,31,0,0
2024-06-30,26,8,10,6,1,29.8,0,31,22,0.0,9,0,0
2024-07-01,27,8,10,0,0,30.1,0,9,21,0.0,129,141,0
2024-07-02,28,8,10,1,0,30.0,0,129,19,0.0,110,0,0
2024-07-03,29,8,10,2,0,30.1,0,110,22,0.0,88,0,0
2024-07-04,30,8,10,3,0,29.9,0,88,21,0.0,67,0,0
2024-07-05,31,8,10,4,0,29.6,0,67,14,0.0,53,0,0
2024-07-06,32,8,10,5,1,29.8,0,53,28,0.0,25,0,0
2024-07-07,33,8,10,6,1,28.9,0,25,25,0.0,0,0,0
2024-07-08,34,8,10,0,0,29.1,0,0,20,0.0,130,150,0
2024-07-09,35,8,10,1,0,28.5,0,130,16,0.0,114,0,0
2024-07-10,36,8,10,2,0,31.9,0,114,20,0.0,94,0,0
2024-07-11,37,8,10,3,0,30.5,0,94,17,0.0,77,0,0
2024-07-12,38,8,10,4,0,30.7,0,77,19,0.0,58,0,0
2024-07-13,39,8,10,5,1,30.2,0,58,20,0.0,38,0,0
2024-07-14,40,8,10,6,1,30.1,0,38,18,0.0,20,0,0
2024-07-15,41,8,10,0,0,28.7,0,20,17,0.0,133,130,0
2024-07-16,42,8,10,1,0,34.2,0,133,15,0.0,118,0,0
2024-07-17,43,8,10,2,0,29.1,0,118,20,0.0,98,0,0
2024-07-18,44,8,10,3,0,28.5,0,98,22,0.0,76,0,0
2024-06-04,0,8,11,1,0,30.9,0,94,16,0.0,78,0,0
2024-06-05,1,8,11,2,0,29.2,0,78,17,0.0,61,0,0
2024-06-06,2,8,11,3,0,26.6,0,61,13,0.0,48,0,0
2024-06-07,3,8,11,4,0,33.8,0,48,17,0.0,31,0,0
2024-06-08,4,8,11,5,1,31.7,0,31,8,0.0,23,0,0
2024-06-09,5,8,11,6,1,31.4,0,23,20,0.0,3,0,0
2024-06-10,6,8,11,0,0,29.9,0,3,17,0.0,95,109,0
2024-06-11,7,8,11,1,0,28.2,0,95,13,0.0,82,0,0
2024-06-12,8,8,11,2,0,30.7,0,82,11,0.0,71,0,0
2024-06-13,9,8,11,3,0,33.1,0,71,11,0.0,60,0,0
2024-06-14,10,8,11,4,0,32.7,0,60,13,0.0,47,0,0
2024-06-15,11,8,11,5,1,29.9,0,47,16,0.0,31,0,0
2024-06-16,12,8,11,6,1,30.2,0,31,16,0.0,15,0,0
2024-06-17,13,8,11,0,0,28.3,0,15,17,0.0,95,97,0
2024-06-18,14,8,11,1,0,29.4,0,95,16,0.0,79,0,0
2024-06-19,15,8,11,2,0,30.8,0,79,7,0.0,72,0,0
2024-06-20,16,8,11,3,0,30.1,0,72,10,0.0,62,0,0
2024-06-21,17,8,11,4,0,30.4,0,62,13,0.0,49,0,0
2024-06-22,18,8,11,5,1,33.0,0,49,13,0.0,36,0,0
2024-06-23,19,8,11,6,1,31.0,0,36,15,0.0,21,0,0
2024-06-24,20,8,11,0,0,31.4,0,21,12,0.0,100,91,0
2024-06-25,21,8,11,1,0,30.6,0,100,10,0.0,90,0,0
2024-06-26,22,8,11,2,0,29.5,0,90,13,0.0,77,0,0
2024-06-27,23,8,11,3,0,30.9,0,77,15,0.0,62,0,0
2024-06-28,24,8,11,4,0,29.5,0,62,13,0.0,49,0,0
2024-06-29,25,8,11,5,1,29.3,0,49,12,0.0,37,0,0
2024-06-30,26,8,11,6,1,29.8,0,37,13,0.0,24,0,0
2024-07-01,27,8,11,0,0,30.1,0,24,18,0.0,94,88,0
2024-07-02,28,8,11,1,0,30.0,0,94,13,0.0,81,0,0
2024-07-03,29,8,11,2,0,30.1,0,81,12,0.0,69,0,0
2024-07-04,30,8,11,3,0,29.9,0,69,11,0.0,58,0,0
2024-07-05,31,8,11,4,0,29.6,0,58,11,0.0,47,0,0
2024-07-06,32,8,11,5,1,29.8,0,47,28,0.0,19,0,0
2024-07-07,33,8,11,6,1,28.9,0,19,19,0.0,0,0,0
2024-07-08,34,8,11,0,0,29.1,0,0,11,0.0,101,112,0
2024-07-09,35,8,11,1,0,28.5,0,101,11,0.0,90,0,0
2024-07-10,36,8,11,2,0,31.9,0,90,13,0.0,77,0,0
2024-07-11,37,8,11,3,0,30.5,0,77,14,0.0,63,0,0
2024-07-12,38,8,11,4,0,30.7,0,63,15,0.0,48,0,0
2024-07-13,39,8,11,5,1,30.2,0,48,14,0.0,34,0,0
2024-07-14,40,8,11,6,1,30.1,0,34,10,0.0,24,0,0
2024-07-15,41,8,11,0,0,28.7,0,24,15,0.0,97,88,0
2024-07-16,42,8,11,1,0,34.2,0,97,12,0.0,85,0,0
2024-07-17,43,8,11,2,0,29.1,0,85,10,0.0,75,0,0
2024-07-18,44,8,11,3,0,28.5,0,75,24,0.0,51,0,0
2024-06-04,0,8,12,1,0,30.9,0,20,8,0.0,62,50,0
2024-06-05,1,8,12,2,0,29.2,0,62,11,0.0,51,0,0
2024-06-06,2,8,12,3,0,26.6,0,51,14,0.0,37,0,0
2024-06-07,3,8,12,4,0,33.8,0,37,13,0.0,24,0,0
2024-06-08,4,8,12,5,1,31.7,0,24,17,0.0,7,0,0
2024-06-09,5,8,12,6,1,31.4,0,7,19,0.0,51,63,0
2024-06-10,6,8,12,0,0,29.9,0,51,12,0.0,39,0,0
2024-06-11,7,8,12,1,0,28.2,0,39,13,0.0,26,0,0
2024-06-12,8,8,12,2,0,30.7,0,26,10,0.0,16,0,0
2024-06-13,9,8,12,3,0,33.1,0,16,7,0.0,9,0,0
2024-06-14,10,8,12,4,0,32.7,0,9,11,0.0,59,61,0
2024-06-15,11,8,12,5,1,29.9,0,59,12,0.0,47,0,0
2024-06-16,12,8,12,6,1,30.2,0,47,14,0.0,33,0,0
2024-06-17,13,8,12,0,0,28.3,0,33,9,0.0,24,0,0
2024-06-18,14,8,12,1,0,29.4,0,24,13,0.0,11,0,0
2024-06-19,15,8,12,2,0,30.8,0,11,11,0.0,59,59,0
2024-06-20,16,8,12,3,0,30.1,0,59,13,0.0,46,0,0
2024-06-21,17,8,12,4,0,30.4,0,46,15,0.0,31,0,0
2024-06-22,18,8,12,5,1,33.0,0,31,13,0.0,18,0,0
2024-06-23,19,8,12,6,1,31.0,0,18,11,0.0,7,0,0
2024-06-24,20,8,12,0,0,31.4,0,7,12,0.0,58,63,0
2024-06-25,21,8,12,1,0,30.6,0,58,13,0.0,45,0,0
2024-06-26,22,8,12,2,0,29.5,0,45,11,0.0,34,0,0
2024-06-27,23,8,12,3,0,30.9,0,34,6,0.0,28,0,0
2024-06-28,24,8,12,4,0,29.5,0,28,16,0.0,12,0,0
2024-06-29,25,8,12,5,1,29.3,0,12,16,0.0,54,58,0
2024-06-30,26,8,12,6,1,29.8,0,54,15,0.0,39,0,0
2024-07-01,27,8,12,0,0,30.1,0,39,9,0.0,30,0,0
2024-07-02,28,8,12,1,0,30.0,0,30,14,0.0,16,0,0
2024-07-03,29,8,12,2,0,30.1,0,16,10,0.0,6,0,0
2024-07-04,30,8,12,3,0,29.9,0,6,18,0.0,52,64,0
2024-07-05,31,8,12,4,0,29.6,0,52,10,0.0,42,0,0
2024-07-06,32,8,12,5,1,29.8,0,42,15,0.0,27,0,0
2024-07-07,33,8,12,6,1,28.9,0,27,18,0.0,9,0,0
2024-07-08,34,8,12,0,0,29.1,0,9,9,0.0,0,0,0
2024-07-09,35,8,12,1,0,28.5,0,0,13,0.0,57,70,0
2024-07-10,36,8,12,2,0,31.9,0,57,16,0.0,41,0,0
2024-07-11,37,8,12,3,0,30.5,0,41,9,0.0,32,0,0
2024-07-12,38,8,12,4,0,30.7,0,32,5,0.0,27,0,0
2024-07-13,39,8,12,5,1,30.2,0,27,19,0.0,8,0,0
2024-07-14,40,8,12,6,1,30.1,0,8,12,0.0,58,62,0
2024-07-15,41,8,12,0,0,28.7,0,58,9,0.0,49,0,0
2024-07-16,42,8,12,1,0,34.2,0,49,11,0.0,38,0,0
2024-07-17,43,8,12,2,0,29.1,0,38,12,0.0,26,0,0
2024-07-18,44,8,12,3,0,28.5,0,26,11,0.0,15,0,0
2024-06-04,0,1,1,1,0,29.9,0,244,33,0.0,211,0,0
2024-06-05,1,1,1,2,0,30.0,0,211,41,0.0,170,0,0
2024-06-06,2,1,1,3,0,27.6,0,170,26,0.0,144,0,0
2024-06-07,3,1,1,4,0,30.6,0,144,37,0.0,107,0,0
2024-06-08,4,1,1,5,1,28.7,0,107,39,0.0,68,0,0
2024-06-09,5,1,1,6,1,22.7,0,68,34,0.0,34,0,0
2024-06-10,6,1,1,0,0,27.9,0,34,31,0.0,242,239,0
2024-06-11,7,1,1,1,0,27.6,0,242,36,0.0,206,0,0
2024-06-12,8,1,1,2,0,26.3,0,206,23,0.0,183,0,0
2024-06-13,9,1,1,3,0,27.7,0,183,38,0.0,145,0,0
2024-06-14,10,1,1,4,0,27.5,0,145,39,0.0,106,0,0
2024-06-15,11,1,1,5,1,28.7,0,106,41,0.0,65,0,0
2024-06-16,12,1,1,6,1,29.8,0,65,43,0.0,22,0,0
2024-06-17,13,1,1,0,0,27.8,0,22,43,0.0,230,251,0
2024-06-18,14,1,1,1,0,27.9,0,230,30,0.0,200,0,0
2024-06-19,15,1,1,2,0,24.7,0,200,32,0.0,168,0,0
2024-06-20,16,1,1,3,0,28.2,0,168,32,0.0,136,0,0
2024-06-21,17,1,1,4,0,27.4,0,136,32,0.0,104,0,0
2024-06-22,18,1,1,5,1,29.5,0,104,55,0.0,49,0,0
2024-06-23,19,1,1,6,1,31.1,0,49,49,0.0,0,0,0
2024-06-24,20,1,1,0,0,28.2,0,0,36,0.0,237,273,0
2024-06-25,21,1,1,1,0,28.6,0,237,26,0.0,211,0,0
2024-06-26,22,1,1,2,0,26.0,0,211,21,0.0,190,0,0
2024-06-27,23,1,1,3,0,27.2,0,190,30,0.0,160,0,0
2024-06-28,24,1,1,4,0,31.2,0,160,36,0.0,124,0,0
2024-06-29,25,1,1,5,1,27.8,0,124,47,0.0,77,0,0
2024-06-30,26,1,1,6,1,27.4,0,77,34,0.0,43,0,0
2024-07-01,27,1,1,0,0,29.5,0,43,38,0.0,235,230,0
2024-07-02,28,1,1,1,0,28.0,0,235,31,0.0,204,0,0
2024-07-03,29,1,1,2,0,27.3,0,204,40,0.0,164,0,0
2024-07-04,30,1,1,3,0,28.6,0,164,31,0.0,133,0,0
2024-07-05,31,1,1,4,0,27.6,0,133,32,0.0,101,0,0
2024-07-06,32,1,1,5,1,29.8,0,101,44,0.0,57,0,0
2024-07-07,33,1,1,6,1,27.0,0,57,42,0.0,15,0,0
2024-07-08,34,1,1,0,0,28.7,0,15,37,0.0,236,258,0
2024-07-09,35,1,1,1,0,31.4,0,236,40,0.0,196,0,0
2024-07-10,36,1,1,2,0,27.1,0,196,41,0.0,155,0,0
2024-07-11,37,1,1,3,0,25.1,0,155,30,0.0,125,0,0
2024-07-12,38,1,1,4,0,29.4,0,125,44,0.0,81,0,0
2024-07-13,39,1,1,5,1,29.4,0,81,43,0.0,38,0,0
2024-07-14,40,1,1,6,1,27.3,0,38,30,0.0,8,0,0
2024-07-15,41,1,1,0,0,28.4,0,8,33,0.0,240,265,0
2024-07-16,42,1,1,1,0,28.2,0,240,50,0.0,190,0,0
2024-07-17,43,1,1,2,0,26.0,0,190,32,0.0,158,0,0
2024-07-18,44,1,1,3,0,28.6,0,158,44,0.0,114,0,0
2024-06-04,0,1,2,1,0,29.9,0,13,20,0.0,9,16,0
2024-06-05,1,1,2,2,0,30.0,0,9,19,0.0,10,20,0
2024-06-06,2,1,2,3,0,27.6,0,10,24,0.0,5,19,0
2024-06-07,3,1,2,4,0,30.6,0,5,24,0.0,5,24,0
2024-06-08,4,1,2,5,1,28.7,0,5,17,0.0,12,24,0
2024-06-09,5,1,2,6,1,22.7,0,12,17,0.0,12,17,0
2024-06-10,6,1,2,0,0,27.9,0,12,22,0.0,7,17,0
2024-06-11,7,1,2,1,0,27.6,0,7,19,0.0,10,22,0
2024-06-12,8,1,2,2,0,26.3,0,10,23,0.0,6,19,0
2024-06-13,9,1,2,3,0,27.7,0,6,20,0.0,9,23,0
2024-06-14,10,1,2,4,0,27.5,0,9,15,0.0,14,20,0
2024-06-15,11,1,2,5,1,28.7,0,14,17,0.0,12,15,0
2024-06-16,12,1,2,6,1,29.8,0,12,27,0.0,2,17,0
2024-06-17,13,1,2,0,0,27.8,0,2,23,0.0,6,27,0
2024-06-18,14,1,2,1,0,27.9,0,6,22,0.0,7,23,0
2024-06-19,15,1,2,2,0,24.7,0,7,25,0.0,4,22,0
2024-06-20,16,1,2,3,0,28.2,0,4,19,0.0,10,25,0
2024-06-21,17,1,2,4,0,27.4,0,10,16,0.0,13,19,0
2024-06-22,18,1,2,5,1,29.5,0,13,24,0.0,5,16,0
2024-06-23,19,1,2,6,1,31.1,0,5,25,0.0,4,24,0
2024-06-24,20,1,2,0,0,28.2,0,4,23,0.0,6,25,0
2024-06-25,21,1,2,1,0,28.6,0,6,11,0.0,18,23,0
2024-06-26,22,1,2,2,0,26.0,0,18,21,0.0,8,11,0
2024-06-27,23,1,2,3,0,27.2,0,8,20,0.0,9,21,0
2024-06-28,24,1,2,4,0,31.2,0,9,17,0.0,12,20,0
2024-06-29,25,1,2,5,1,27.8,0,12,26,0.0,3,17,0
2024-06-30,26,1,2,6,1,27.4,0,3,29,0.0,0,26,0
2024-07-01,27,1,2,0,0,29.5,0,0,20,0.0,9,29,0
2024-07-02,28,1,2,1,0,28.0,0,9,22,0.0,7,20,0
2024-07-03,29,1,2,2,0,27.3,0,7,13,0.0,16,22,0
2024-07-04,30,1,2,3,0,28.6,0,16,28,0.0,1,13,0
2024-07-05,31,1,2,4,0,27.6,0,1,12,0.0,17,28,0
2024-07-06,32,1,2,5,1,29.8,0,17,18,0.0,11,12,0
2024-07-07,33,1,2,6,1,27.0,0,11,24,0.0,5,18,0
2024-07-08,34,1,2,0,0,28.7,0,5,7,0.0,22,24,0
2024-07-09,35,1,2,1,0,31.4,0,22,16,0.0,13,7,0
2024-07-10,36,1,2,2,0,27.1,0,13,21,0.0,8,16,0
2024-07-11,37,1,2,3,0,25.1,0,8,18,0.0,11,21,0
2024-07-12,38,1,2,4,0,29.4,0,11,21,0.0,8,18,0
2024-07-13,39,1,2,5,1,29.4,0,8,19,0.0,10,21,0
2024-07-14,40,1,2,6,1,27.3,0,10,16,0.0,13,19,0
2024-07-15,41,1,2,0,0,28.4,0,13,22,0.0,7,16,0
2024-07-16,42,1,2,1,0,28.2,0,7,16,0.0,13,22,0
2024-07-17,43,1,2,2,0,26.0,0,13,22,0.0,7,16,0
2024-07-18,44,1,2,3,0,28.6,0,7,12,0.0,17,22,0
2024-06-04,0,1,3,1,0,29.9,0,63,6,0.0,57,0,0
2024-06-05,1,1,3,2,0,30.0,0,57,6,0.0,51,0,0
2024-06-06,2,1,3,3,0,27.6,0,51,6,0.0,45,0,0
2024-06-07,3,1,3,4,0,30.6,0,45,9,0.0,36,0,0
2024-06-08,4,1,3,5,1,28.7,0,36,12,0.0,24,0,0
2024-06-09,5,1,3,6,1,22.7,0,24,13,0.0,11,0,0
2024-06-10,6,1,3,0,0,27.9,0,11,7,0.0,69,65,0
2024-06-11,7,1,3,1,0,27.6,0,69,12,0.0,57,0,0
2024-06-12,8,1,3,2,0,26.3,0,57,9,0.0,48,0,0
2024-06-13,9,1,3,3,0,27.7,0,48,9,0.0,39,0,0
2024-06-14,10,1,3,4,0,27.5,0,39,8,0.0,31,0,0
2024-06-15,11,1,3,5,1,28.7,0,31,9,0.0,22,0,0
2024-06-16,12,1,3,6,1,29.8,0,22,9,0.0,13,0,0
2024-06-17,13,1,3,0,0,27.8,0,13,12,0.0,64,63,0
2024-06-18,14,1,3,1,0,27.9,0,64,13,0.0,51,0,0
2024-06-19,15,1,3,2,0,24.7,0,51,4,0.0,47,0,0
2024-06-20,16,1,3,3,0,28.2,0,47,16,0.0,31,0,0
2024-06-21,17,1,3,4,0,27.4,0,31,6,0.0,25,0,0
2024-06-22,18,1,3,5,1,29.5,0,25,11,0.0,14,0,0
2024-06-23,19,1,3,6,1,31.1,0,14,14,0.0,0,0,0
2024-06-24,20,1,3,0,0,28.2,0,0,8,0.0,68,76,0
2024-06-25,21,1,3,1,0,28.6,0,68,9,0.0,59,0,0
2024-06-26,22,1,3,2,0,26.0,0,59,15,0.0,44,0,0
2024-06-27,23,1,3,3,0,27.2,0,44,6,0.0,38,0,0
2024-06-28,24,1,3,4,0,31.2,0,38,17,0.0,21,0,0
2024-06-29,25,1,3,5,1,27.8,0,21,8,0.0,13,0,0
2024-06-30,26,1,3,6,1,27.4,0,13,10,0.0,3,0,0
2024-07-01,27,1,3,0,0,29.5,0,3,9,0.0,67,73,0
2024-07-02,28,1,3,1,0,28.0,0,67,9,0.0,58,0,0
2024-07-03,29,1,3,2,0,27.3,0,58,6,0.0,52,0,0
2024-07-04,30,1,3,3,0,28.6,0,52,5,0.0,47,0,0
2024-07-05,31,1,3,4,0,27.6,0,47,10,0.0,37,0,0
2024-07-06,32,1,3,5,1,29.8,0,37,13,0.0,24,0,0
2024-07-07,33,1,3,6,1,27.0,0,24,9,0.0,15,0,0
2024-07-08,34,1,3,0,0,28.7,0,15,12,0.0,64,61,0
2024-07-09,35,1,3,1,0,31.4,0,64,9,0.0,55,0,0
2024-07-10,36,1,3,2,0,27.1,0,55,7,0.0,48,0,0
2024-07-11,37,1,3,3,0,25.1,0,48,8,0.0,40,0,0
2024-07-12,38,1,3,4,0,29.4,0,40,6,0.0,34,0,0
2024-07-13,39,1,3,5,1,29.4,0,34,14,0.0,20,0,0
2024-07-14,40,1,3,6,1,27.3,0,20,10,0.0,10,0,0
2024-07-15,41,1,3,0,0,28.4,0,10,6,0.0,70,66,0
2024-07-16,42,1,3,1,0,28.2,0,70,12,0.0,58,0,0
2024-07-17,43,1,3,2,0,26.0,0,58,9,0.0,49,0,0
2024-07-18,44,1,3,3,0,28.6,0,49,16,0.0,33,0,0
2024-06-04,0,1,4,1,0,29.9,0,98,18,0.0,80,0,0
2024-06-05,1,1,4,2,0,30.0,0,80,15,0.0,65,0,0
2024-06-06,2,1,4,3,0,27.6,0,65,17,0.0,48,0,0
2024-06-07,3,1,4,4,0,30.6,0,48,11,0.0,37,0,0
2024-06-08,4,1,4,5,1,28.7,0,37,16,0.0,21,0,0
2024-06-09,5,1,4,6,1,22.7,0,21,11,0.0,10,0,0
2024-06-10,6,1,4,0,0,27.9,0,10,9,0.0,105,104,0
2024-06-11,7,1,4,1,0,27.6,0,105,11,0.0,94,0,0
2024-06-12,8,1,4,2,0,26.3,0,94,13,0.0,81,0,0
2024-06-13,9,1,4,3,0,27.7,0,81,15,0.0,66,0,0
2024-06-14,10,1,4,4,0,27.5,0,66,15,0.0,51,0,0
2024-06-15,11,1,4,5,1,28.7,0,51,16,0.0,35,0,0
2024-06-16,12,1,4,6,1,29.8,0,35,12,0.0,23,0,0
2024-06-17,13,1,4,0,0,27.8,0,23,10,0.0,104,91,0
2024-06-18,14,1,4,1,0,27.9,0,104,8,0.0,96,0,0
2024-06-19,15,1,4,2,0,24.7,0,96,20,0.0,76,0,0
2024-06-20,16,1,4,3,0,28.2,0,76,9,0.0,67,0,0
2024-06-21,17,1,4,4,0,27.4,0,67,10,0.0,57,0,0
2024-06-22,18,1,4,5,1,29.5,0,57,11,0.0,46,0,0
2024-06-23,19,1,4,6,1,31.1,0,46,16,0.0,30,0,0
2024-06-24,20,1,4,0,0,28.2,0,30,8,0.0,106,84,0
2024-06-25,21,1,4,1,0,28.6,0,106,16,0.0,90,0,0
2024-06-26,22,1,4,2,0,26.0,0,90,5,0.0,85,0,0
2024-06-27,23,1,4,3,0,27.2,0,85,13,0.0,72,0,0
2024-06-28,24,1,4,4,0,31.2,0,72,9,0.0,63,0,0
2024-06-29,25,1,4,5,1,27.8,0,63,27,0.0,36,0,0
2024-06-30,26,1,4,6,1,27.4,0,36,20,0.0,16,0,0
2024-07-01,27,1,4,0,0,29.5,0,16,19,0.0,95,98,0
2024-07-02,28,1,4,1,0,28.0,0,95,23,0.0,72,0,0
2024-07-03,29,1,4,2,0,27.3,0,72,13,0.0,59,0,0
2024-07-04,30,1,4,3,0,28.6,0,59,15,0.0,44,0,0
2024-07-05,31,1,4,4,0,27.6,0,44,18,0.0,26,0,0
2024-07-06,32,1,4,5,1,29.8,0,26,11,0.0,15,0,0
2024-07-07,33,1,4,6,1,27.0,0,15,15,0.0,0,0,0
2024-07-08,34,1,4,0,0,28.7,0,0,15,0.0,99,114,0
2024-07-09,35,1,4,1,0,31.4,0,99,9,0.0,90,0,0
2024-07-10,36,1,4,2,0,27.1,0,90,14,0.0,76,0,0
2024-07-11,37,1,4,3,0,25.1,0,76,10,0.0,66,0,0
2024-07-12,38,1,4,4,0,29.4,0,66,14,0.0,52,0,0
2024-07-13,39,1,4,5,1,29.4,0,52,18,0.0,34,0,0
2024-07-14,40,1,4,6,1,27.3,0,34,21,0.0,13,0,0
2024-07-15,41,1,4,0,0,28.4,0,13,14,0.0,100,101,0
2024-07-16,42,1,4,1,0,28.2,0,100,16,0.0,84,0,0
2024-07-17,43,1,4,2,0,26.0,0,84,17,0.0,67,0,0
2024-07-18,44,1,4,3,0,28.6,0,67,13,0.0,54,0,0
2024-06-04,0,1,5,1,0,29.9,0,71,9,0.0,62,0,0
2024-06-05,1,1,5,2,0,30.0,0,62,4,0.0,58,0,0
2024-06-06,2,1,5,3,0,27.6,0,58,10,0.0,48,0,0
2024-06-07,3,1,5,4,0,30.6,0,48,18,0.0,30,0,0
2024-06-08,4,1,5,5,1,28.7,0,30,9,0.0,21,0,0
2024-06-09,5,1,5,6,1,22.7,0,21,9,0.0,12,0,0
2024-06-10,6,1,5,0,0,27.9,0,12,7,0.0,78,73,0
2024-06-11,7,1,5,1,0,27.6,0,78,18,0.0,60,0,0
2024-06-12,8,1,5,2,0,26.3,0,60,12,0.0,48,0,0
2024-06-13,9,1,5,3,0,27.7,0,48,10,0.0,38,0,0
2024-06-14,10,1,5,4,0,27.5,0,38,12,0.0,26,0,0
2024-06-15,11,1,5,5,1,28.7,0,26,10,0.0,16,0,0
2024-06-16,12,1,5,6,1,29.8,0,16,14,0.0,2,0,0
2024-06-17,13,1,5,0,0,27.8,0,2,14,0.0,71,83,0
2024-06-18,14,1,5,1,0,27.9,0,71,11,0.0,60,0,0
2024-06-19,15,1,5,2,0,24.7,0,60,10,0.0,50,0,0
2024-06-20,16,1,5,3,0,28.2,0,50,13,0.0,37,0,0
2024-06-21,17,1,5,4,0,27.4,0,37,8,0.0,29,0,0
2024-06-22,18,1,5,5,1,29.5,0,29,12,0.0,17,0,0
2024-06-23,19,1,5,6,1,31.1,0,17,15,0.0,2,0,0
2024-06-24,20,1,5,0,0,28.2,0,2,10,0.0,75,83,0
2024-06-25,21,1,5,1,0,28.6,0,75,5,0.0,70,0,0
2024-06-26,22,1,5,2,0,26.0,0,70,14,0.0,56,0,0
2024-06-27,23,1,5,3,0,27.2,0,56,8,0.0,48,0,0
2024-06-28,24,1,5,4,0,31.2,0,48,12,0.0,36,0,0
2024-06-29,25,1,5,5,1,27.8,0,36,16,0.0,20,0,0
2024-06-30,26,1,5,6,1,27.4,0,20,17,0.0,3,0,0
2024-07-01,27,1,5,0,0,29.5,0,3,9,0.0,76,82,0
2024-07-02,28,1,5,1,0,28.0,0,76,10,0.0,66,0,0
2024-07-03,29,1,5,2,0,27.3,0,66,13,0.0,53,0,0
2024-07-04,30,1,5,3,0,28.6,0,53,15,0.0,38,0,0
2024-07-05,31,1,5,4,0,27.6,0,38,8,0.0,30,0,0
2024-07-06,32,1,5,5,1,29.8,0,30,14,0.0,16,0,0
2024-07-07,33,1,5,6,1,27.0,0,16,16,0.0,0,0,0
2024-07-08,34,1,5,0,0,28.7,0,0,12,0.0,73,85,0
2024-07-09,35,1,5,1,0,31.4,0,73,5,0.0,68,0,0
2024-07-10,36,1,5,2,0,27.1,0,68,11,0.0,57,0,0
2024-07-11,37,1,5,3,0,25.1,0,57,12,0.0,45,0,0
2024-07-12,38,1,5,4,0,29.4,0,45,10,0.0,35,0,0
2024-07-13,39,1,5,5,1,29.4,0,35,18,0.0,17,0,0
2024-07-14,40,1,5,6,1,27.3,0,17,15,0.0,2,0,0
2024-07-15,41,1,5,0,0,28.4,0,2,9,0.0,76,83,0
2024-07-16,42,1,5,1,0,28.2,0,76,10,0.0,66,0,0
2024-07-17,43,1,5,2,0,26.0,0,66,8,0.0,58,0,0
2024-07-18,44,1,5,3,0,28.6,0,58,12,0.0,46,0,0
2024-06-04,0,1,6,1,0,29.9,0,51,7,0.0,44,0,0
2024-06-05,1,1,6,2,0,30.0,0,44,9,0.0,35,0,0
2024-06-06,2,1,6,3,0,27.6,0,35,4,0.0,31,0,0
2024-06-07,3,1,6,4,0,30.6,0,31,1,0.0,30,0,0
2024-06-08,4,1,6,5,1,28.7,0,30,8,0.0,22,0,0
2024-06-09,5,1,6,6,1,22.7,0,22,4,0.0,18,0,0
2024-06-10,6,1,6,0,0,27.9,0,18,7,0.0,51,40,0
2024-06-11,7,1,6,1,0,27.6,0,51,3,0.0,48,0,0
2024-06-12,8,1,6,2,0,26.3,0,48,6,0.0,42,0,0
2024-06-13,9,1,6,3,0,27.7,0,42,7,0.0,35,0,0
2024-06-14,10,1,6,4,0,27.5,0,35,8,0.0,27,0,0
2024-06-15,11,1,6,5,1,28.7,0,27,11,0.0,16,0,0
2024-06-16,12,1,6,6,1,29.8,0,16,16,0.0,0,0,0
2024-06-17,13,1,6,0,0,27.8,0,0,11,0.0,47,58,0
2024-06-18,14,1,6,1,0,27.9,0,47,0,0.0,47,0,0
2024-06-19,15,1,6,2,0,24.7,0,47,7,0.0,40,0,0
2024-06-20,16,1,6,3,0,28.2,0,40,7,0.0,33,0,0
2024-06-21,17,1,6,4,0,27.4,0,33,9,0.0,24,0,0
2024-06-22,18,1,6,5,1,29.5,0,24,4,0.0,20,0,0
2024-06-23,19,1,6,6,1,31.1,0,20,16,0.0,4,0,0
2024-06-24,20,1,6,0,0,28.2,0,4,11,0.0,47,54,0
2024-06-25,21,1,6,1,0,28.6,0,47,9,0.0,38,0,0
2024-06-26,22,1,6,2,0,26.0,0,38,5,0.0,33,0,0
2024-06-27,23,1,6,3,0,27.2,0,33,6,0.0,27,0,0
2024-06-28,24,1,6,4,0,31.2,0,27,6,0.0,21,0,0
2024-06-29,25,1,6,5,1,27.8,0,21,7,0.0,14,0,0
2024-06-30,26,1,6,6,1,27.4,0,14,6,0.0,8,0,0
2024-07-01,27,1,6,0,0,29.5,0,8,10,0.0,48,50,0
2024-07-02,28,1,6,1,0,28.0,0,48,7,0.0,41,0,0
2024-07-03,29,1,6,2,0,27.3,0,41,10,0.0,31,0,0
2024-07-04,30,1,6,3,0,28.6,0,31,5,0.0,26,0,0
2024-07-05,31,1,6,4,0,27.6,0,26,6,0.0,20,0,0
2024-07-06,32,1,6,5,1,29.8,0,20,9,0.0,11,0,0
2024-07-07,33,1,6,6,1,27.0,0,11,7,0.0,4,0,0
2024-07-08,34,1,6,0,0,28.7,0,4,9,0.0,49,54,0
2024-07-09,35,1,6,1,0,31.4,0,49,8,0.0,41,0,0
2024-07-10,36,1,6,2,0,27.1,0,41,7,0.0,34,0,0
2024-07-11,37,1,6,3,0,25.1,0,34,9,0.0,25,0,0
2024-07-12,38,1,6,4,0,29.4,0,25,2,0.0,23,0,0
2024-07-13,39,1,6,5,1,29.4,0,23,8,0.0,15,0,0
2024-07-14,40,1,6,6,1,27.3,0,15,5,0.0,10,0,0
2024-07-15,41,1,6,0,0,28.4,0,10,10,0.0,48,48,0
2024-07-16,42,1,6,1,0,28.2,0,48,8,0.0,40,0,0
2024-07-17,43,1,6,2,0,26.0,0,40,6,0.0,34,0,0
2024-07-18,44,1,6,3,0,28.6,0,34,7,0.0,27,0,0
2024-06-04,0,1,7,1,0,29.9,0,11,1,0.0,10,0,0
2024-06-05,1,1,7,2,0,30.0,0,10,1,0.0,9,0,0
2024-06-06,2,1,7,3,0,27.6,0,9,1,0.0,8,0,0
2024-06-07,3,1,7,4,0,30.6,0,8,3,0.0,5,0,0
2024-06-08,4,1,7,5,1,28.7,0,5,3,0.0,2,0,0
2024-06-09,5,1,7,6,1,22.7,0,2,0,0.0,2,0,0
2024-06-10,6,1,7,0,0,27.9,0,2,0,0.0,12,10,0
2024-06-11,7,1,7,1,0,27.6,0,12,0,0.0,12,0,0
2024-06-12,8,1,7,2,0,26.3,0,12,2,0.0,10,0,0
2024-06-13,9,1,7,3,0,27.7,0,10,1,0.0,9,0,0
2024-06-14,10,1,7,4,0,27.5,0,9,0,0.0,9,0,0
2024-06-15,11,1,7,5,1,28.7,0,9,2,0.0,7,0,0
2024-06-16,12,1,7,6,1,29.8,0,7,4,0.0,3,0,0
2024-06-17,13,1,7,0,0,27.8,0,3,1,0.0,11,9,0
2024-06-18,14,1,7,1,0,27.9,0,11,2,0.0,9,0,0
2024-06-19,15,1,7,2,0,24.7,0,9,1,0.0,8,0,0
2024-06-20,16,1,7,3,0,28.2,0,8,2,0.0,6,0,0
2024-06-21,17,1,7,4,0,27.4,0,6,0,0.0,6,0,0
2024-06-22,18,1,7,5,1,29.5,0,6,1,0.0,5,0,0
2024-06-23,19,1,7,6,1,31.1,0,5,1,0.0,4,0,0
2024-06-24,20,1,7,0,0,28.2,0,4,1,0.0,11,8,0
2024-06-25,21,1,7,1,0,28.6,0,11,1,0.0,10,0,0
2024-06-26,22,1,7,2,0,26.0,0,10,1,0.0,9,0,0
2024-06-27,23,1,7,3,0,27.2,0,9,1,0.0,8,0,0
2024-06-28,24,1,7,4,0,31.2,0,8,2,0.0,6,0,0
2024-06-29,25,1,7,5,1,27.8,0,6,1,0.0,5,0,0
2024-06-30,26,1,7,6,1,27.4,0,5,5,0.0,0,0,0
2024-07-01,27,1,7,0,0,29.5,0,0,2,0.0,10,12,0
2024-07-02,28,1,7,1,0,28.0,0,10,0,0.0,10,0,0
2024-07-03,29,1,7,2,0,27.3,0,10,1,0.0,9,0,0
2024-07-04,30,1,7,3,0,28.6,0,9,1,0.0,8,0,0
2024-07-05,31,1,7,4,0,27.6,0,8,2,0.0,6,0,0
2024-07-06,32,1,7,5,1,29.8,0,6,1,0.0,5,0,0
2024-07-07,33,1,7,6,1,27.0,0,5,3,0.0,2,0,0
2024-07-08,34,1,7,0,0,28.7,0,2,3,0.0,9,10,0
2024-07-09,35,1,7,1,0,31.4,0,9,2,0.0,7,0,0
2024-07-10,36,1,7,2,0,27.1,0,7,1,0.0,6,0,0
2024-07-11,37,1,7,3,0,25.1,0,6,2,0.0,4,0,0
2024-07-12,38,1,7,4,0,29.4,0,4,0,0.0,4,0,0
2024-07-13,39,1,7,5,1,29.4,0,4,0,0.0,4,0,0
2024-07-14,40,1,7,6,1,27.3,0,4,0,0.0,4,0,0
2024-07-15,41,1,7,0,0,28.4,0,4,0,0.0,12,8,0
2024-07-16,42,1,7,1,0,28.2,0,12,3,0.0,9,0,0
2024-07-17,43,1,7,2,0,26.0,0,9,3,0.0,6,0,0
2024-07-18,44,1,7,3,0,28.6,0,6,2,0.0,4,0,0
2024-06-04,0,1,8,1,0,29.9,0,256,30,0.0,226,0,0
2024-06-05,1,1,8,2,0,30.0,0,226,37,0.0,189,0,0
2024-06-06,2,1,8,3,0,27.6,0,189,31,0.0,158,0,0
2024-06-07,3,1,8,4,0,30.6,0,158,50,0.0,108,0,0
2024-06-08,4,1,8,5,1,28.7,0,108,48,0.0,60,0,0
2024-06-09,5,1,8,6,1,22.7,0,60,35,0.0,25,0,0
2024-06-10,6,1,8,0,0,27.9,0,25,45,0.0,256,276,0
2024-06-11,7,1,8,1,0,27.6,0,256,41,0.0,215,0,0
2024-06-12,8,1,8,2,0,26.3,0,215,49,0.0,166,0,0
2024-06-13,9,1,8,3,0,27.7,0,166,41,0.0,125,0,0
2024-06-14,10,1,8,4,0,27.5,0,125,39,0.0,86,0,0
2024-06-15,11,1,8,5,1,28.7,0,86,52,0.0,34,0,0
2024-06-16,12,1,8,6,1,29.8,0,34,34,0.0,0,0,0
2024-06-17,13,1,8,0,0,27.8,0,0,34,0.0,267,301,0
2024-06-18,14,1,8,1,0,27.9,0,267,36,0.0,231,0,0
2024-06-19,15,1,8,2,0,24.7,0,231,29,0.0,202,0,0
2024-06-20,16,1,8,3,0,28.2,0,202,49,0.0,153,0,0
2024-06-21,17,1,8,4,0,27.4,0,153,41,0.0,112,0,0
2024-06-22,18,1,8,5,1,29.5,0,112,32,0.0,80,0,0
2024-06-23,19,1,8,6,1,31.1,0,80,39,0.0,41,0,0
2024-06-24,20,1,8,0,0,28.2,0,41,41,0.0,260,260,0
2024-06-25,21,1,8,1,0,28.6,0,260,48,0.0,212,0,0
2024-06-26,22,1,8,2,0,26.0,0,212,31,0.0,181,0,0
2024-06-27,23,1,8,3,0,27.2,0,181,38,0.0,143,0,0
2024-06-28,24,1,8,4,0,31.2,0,143,48,0.0,95,0,0
2024-06-29,25,1,8,5,1,27.8,0,95,40,0.0,55,0,0
2024-06-30,26,1,8,6,1,27.4,0,55,33,0.0,22,0,0
2024-07-01,27,1,8,0,0,29.5,0,22,33,0.0,268,279,0
2024-07-02,28,1,8,1,0,28.0,0,268,25,0.0,243,0,0
2024-07-03,29,1,8,2,0,27.3,0,243,38,0.0,205,0,0
2024-07-04,30,1,8,3,0,28.6,0,205,39,0.0,166,0,0
2024-07-05,31,1,8,4,0,27.6,0,166,39,0.0,127,0,0
2024-07-06,32,1,8,5,1,29.8,0,127,36,0.0,91,0,0
2024-07-07,33,1,8,6,1,27.0,0,91,47,0.0,44,0,0
2024-07-08,34,1,8,0,0,28.7,0,44,49,0.0,252,257,0
2024-07-09,35,1,8,1,0,31.4,0,252,46,0.0,206,0,0
2024-07-10,36,1,8,2,0,27.1,0,206,27,0.0,179,0,0
2024-07-11,37,1,8,3,0,25.1,0,179,35,0.0,144,0,0
2024-07-12,38,1,8,4,0,29.4,0,144,36,0.0,108,0,0
2024-07-13,39,1,8,5,1,29.4,0,108,38,0.0,70,0,0
2024-07-14,40,1,8,6,1,27.3,0,70,44,0.0,26,0,0
2024-07-15,41,1,8,0,0,28.4,0,26,36,0.0,265,275,0
2024-07-16,42,1,8,1,0,28.2,0,265,43,0.0,222,0,0
2024-07-17,43,1,8,2,0,26.0,0,222,29,0.0,193,0,0
2024-07-18,44,1,8,3,0,28.6,0,193,42,0.0,151,0,0
2024-06-04,0,1,9,1,0,29.9,0,15,23,0.0,19,27,0
2024-06-05,1,1,9,2,0,30.0,0,19,24,0.0,18,23,0
2024-06-06,2,1,9,3,0,27.6,0,18,13,0.0,29,24,0
2024-06-07,3,1,9,4,0,30.6,0,29,27,0.0,15,13,0
2024-06-08,4,1,9,5,1,28.7,0,15,14,0.0,28,27,0
2024-06-09,5,1,9,6,1,22.7,0,28,18,0.0,24,14,0
2024-06-10,6,1,9,0,0,27.9,0,24,24,0.0,18,18,0
2024-06-11,7,1,9,1,0,27.6,0,18,22,0.0,20,24,0
2024-06-12,8,1,9,2,0,26.3,0,20,22,0.0,20,22,0
2024-06-13,9,1,9,3,0,27.7,0,20,19,0.0,23,22,0
2024-06-14,10,1,9,4,0,27.5,0,23,21,0.0,21,19,0
2024-06-15,11,1,9,5,1,28.7,0,21,14,0.0,28,21,0
2024-06-16,12,1,9,6,1,29.8,0,28,23,0.0,19,14,0
2024-06-17,13,1,9,0,0,27.8,0,19,18,0.0,24,23,0
2024-06-18,14,1,9,1,0,27.9,0,24,19,0.0,23,18,0
2024-06-19,15,1,9,2,0,24.7,0,23,14,0.0,28,19,0
2024-06-20,16,1,9,3,0,28.2,0,28,24,0.0,18,14,0
2024-06-21,17,1,9,4,0,27.4,0,18,19,0.0,23,24,0
2024-06-22,18,1,9,5,1,29.5,0,23,42,0.0,0,19,0
2024-06-23,19,1,9,6,1,31.1,0,0,31,0.0,11,42,0
2024-06-24,20,1,9,0,0,28.2,0,11,16,0.0,26,31,0
2024-06-25,21,1,9,1,0,28.6,0,26,21,0.0,21,16,0
2024-06-26,22,1,9,2,0,26.0,0,21,24,0.0,18,21,0
2024-06-27,23,1,9,3,0,27.2,0,18,18,0.0,24,24,0
2024-06-28,24,1,9,4,0,31.2,0,24,21,0.0,21,18,0
2024-06-29,25,1,9,5,1,27.8,0,21,27,0.0,15,21,0
2024-06-30,26,1,9,6,1,27.4,0,15,24,0.0,18,27,0
2024-07-01,27,1,9,0,0,29.5,0,18,28,0.0,14,24,0
2024-07-02,28,1,9,1,0,28.0,0,14,17,0.0,25,28,0
2024-07-03,29,1,9,2,0,27.3,0,25,28,0.0,14,17,0
2024-07-04,30,1,9,3,0,28.6,0,14,22,0.0,20,28,0
2024-07-05,31,1,9,4,0,27.6,0,20,18,0.0,24,22,0
2024-07-06,32,1,9,5,1,29.8,0,24,24,0.0,18,18,0
2024-07-07,33,1,9,6,1,27.0,0,18,24,0.0,18,24,0
2024-07-08,34,1,9,0,0,28.7,0,18,27,0.0,15,24,0
2024-07-09,35,1,9,1,0,31.4,0,15,16,0.0,26,27,0
2024-07-10,36,1,9,2,0,27.1,0,26,21,0.0,21,16,0
2024-07-11,37,1,9,3,0,25.1,0,21,19,0.0,23,21,0
2024-07-12,38,1,9,4,0,29.4,0,23,30,0.0,12,19,0
2024-07-13,39,1,9,5,1,29.4,0,12,20,0.0,22,30,0
2024-07-14,40,1,9,6,1,27.3,0,22,23,0.0,19,20,0
2024-07-15,41,1,9,0,0,28.4,0,19,24,0.0,18,23,0
2024-07-16,42,1,9,1,0,28.2,0,18,35,0.0,7,24,0
2024-07-17,43,1,9,2,0,26.0,0,7,19,0.0,23,35,0
2024-07-18,44,1,9,3,0,28.6,0,23,31,0.0,11,19,0
2024-06-04,0,1,10,1,0,29.9,0,97,12,0.0,85,0,0
2024-06-05,1,1,10,2,0,30.0,0,85,17,0.0,68,0,0
2024-06-06,2,1,10,3,0,27.6,0,68,13,0.0,55,0,0
2024-06-07,3,1,10,4,0,30.6,0,55,14,0.0,41,0,0
2024-06-08,4,1,10,5,1,28.7,0,41,13,0.0,28,0,0
2024-06-09,5,1,10,6,1,22.7,0,28,10,0.0,18,0,0
2024-06-10,6,1,10,0,0,27.9,0,18,9,0.0,99,90,0
2024-06-11,7,1,10,1,0,27.6,0,99,12,0.0,87,0,0
2024-06-12,8,1,10,2,0,26.3,0,87,8,0.0,79,0,0
2024-06-13,9,1,10,3,0,27.7,0,79,10,0.0,69,0,0
2024-06-14,10,1,10,4,0,27.5,0,69,10,0.0,59,0,0
2024-06-15,11,1,10,5,1,28.7,0,59,21,0.0,38,0,0
2024-06-16,12,1,10,6,1,29.8,0,38,13,0.0,25,0,0
2024-06-17,13,1,10,0,0,27.8,0,25,14,0.0,94,83,0
2024-06-18,14,1,10,1,0,27.9,0,94,10,0.0,84,0,0
2024-06-19,15,1,10,2,0,24.7,0,84,12,0.0,72,0,0
2024-06-20,16,1,10,3,0,28.2,0,72,12,0.0,60,0,0
2024-06-21,17,1,10,4,0,27.4,0,60,15,0.0,45,0,0
2024-06-22,18,1,10,5,1,29.5,0,45,8,0.0,37,0,0
2024-06-23,19,1,10,6,1,31.1,0,37,9,0.0,28,0,0
2024-06-24,20,1,10,0,0,28.2,0,28,9,0.0,99,80,0
2024-06-25,21,1,10,1,0,28.6,0,99,11,0.0,88,0,0
2024-06-26,22,1,10,2,0,26.0,0,88,10,0.0,78,0,0
2024-06-27,23,1,10,3,0,27.2,0,78,8,0.0,70,0,0
2024-06-28,24,1,10,4,0,31.2,0,70,19,0.0,51,0,0
2024-06-29,25,1,10,5,1,27.8,0,51,11,0.0,40,0,0
2024-06-30,26,1,10,6,1,27.4,0,40,13,0.0,27,0,0
2024-07-01,27,1,10,0,0,29.5,0,27,15,0.0,93,81,0
2024-07-02,28,1,10,1,0,28.0,0,93,5,0.0,88,0,0
2024-07-03,29,1,10,2,0,27.3,0,88,13,0.0,75,0,0
2024-07-04,30,1,10,3,0,28.6,0,75,16,0.0,59,0,0
2024-07-05,31,1,10,4,0,27.6,0,59,16,0.0,43,0,0
2024-07-06,32,1,10,5,1,29.8,0,43,13,0.0,30,0,0
2024-07-07,33,1,10,6,1,27.0,0,30,6,0.0,24,0,0
2024-07-08,34,1,10,0,0,28.7,0,24,22,0.0,86,84,0
2024-07-09,35,1,10,1,0,31.4,0,86,11,0.0,75,0,0
2024-07-10,36,1,10,2,0,27.1,0,75,18,0.0,57,0,0
2024-07-11,37,1,10,3,0,25.1,0,57,19,0.0,38,0,0
2024-07-12,38,1,10,4,0,29.4,0,38,15,0.0,23,0,0
2024-07-13,39,1,10,5,1,29.4,0,23,23,0.0,0,0,0
2024-07-14,40,1,10,6,1,27.3,0,0,0,0.0,0,0,0
2024-07-15,41,1,10,0,0,28.4,0,0,16,0.0,92,108,0
2024-07-16,42,1,10,1,0,28.2,0,92,10,0.0,82,0,0
2024-07-17,43,1,10,2,0,26.0,0,82,18,0.0,64,0,0
2024-07-18,44,1,10,3,0,28.6,0,64,18,0.0,46,0,0
2024-06-04,0,1,11,1,0,29.9,0,127,18,0.0,109,0,0
2024-06-05,1,1,11,2,0,30.0,0,109,23,0.0,86,0,0
2024-06-06,2,1,11,3,0,27.6,0,86,12,0.0,74,0,0
2024-06-07,3,1,11,4,0,30.6,0,74,19,0.0,55,0,0
2024-06-08,4,1,11,5,1,28.7,0,55,11,0.0,44,0,0
2024-06-09,5,1,11,6,1,22.7,0,44,19,0.0,25,0,0
2024-06-10,6,1,11,0,0,27.9,0,25,15,0.0,127,117,0
2024-06-11,7,1,11,1,0,27.6,0,127,15,0.0,112,0,0
2024-06-12,8,1,11,2,0,26.3,0,112,12,0.0,100,0,0
2024-06-13,9,1,11,3,0,27.7,0,100,20,0.0,80,0,0
2024-06-14,10,1,11,4,0,27.5,0,80,22,0.0,58,0,0
2024-06-15,11,1,11,5,1,28.7,0,58,15,0.0,43,0,0
2024-06-16,12,1,11,6,1,29.8,0,43,14,0.0,29,0,0
2024-06-17,13,1,11,0,0,27.8,0,29,23,0.0,119,113,0
2024-06-18,14,1,11,1,0,27.9,0,119,13,0.0,106,0,0
2024-06-19,15,1,11,2,0,24.7,0,106,12,0.0,94,0,0
2024-06-20,16,1,11,3,0,28.2,0,94,22,0.0,72,0,0
2024-06-21,17,1,11,4,0,27.4,0,72,27,0.0,45,0,0
2024-06-22,18,1,11,5,1,29.5,0,45,22,0.0,23,0,0
2024-06-23,19,1,11,6,1,31.1,0,23,13,0.0,10,0,0
2024-06-24,20,1,11,0,0,28.2,0,10,26,0.0,116,132,0
2024-06-25,21,1,11,1,0,28.6,0,116,20,0.0,96,0,0
2024-06-26,22,1,11,2,0,26.0,0,96,17,0.0,79,0,0
2024-06-27,23,1,11,3,0,27.2,0,79,21,0.0,58,0,0
2024-06-28,24,1,11,4,0,31.2,0,58,11,0.0,47,0,0
2024-06-29,25,1,11,5,1,27.8,0,47,18,0.0,29,0,0
2024-06-30,26,1,11,6,1,27.4,0,29,24,0.0,5,0,0
2024-07-01,27,1,11,0,0,29.5,0,5,11,0.0,131,137,0
2024-07-02,28,1,11,1,0,28.0,0,131,17,0.0,114,0,0
2024-07-03,29,1,11,2,0,27.3,0,114,30,0.0,84,0,0
2024-07-04,30,1,11,3,0,28.6,0,84,12,0.0,72,0,0
2024-07-05,31,1,11,4,0,27.6,0,72,16,0.0,56,0,0
2024-07-06,32,1,11,5,1,29.8,0,56,28,0.0,28,0,0
2024-07-07,33,1,11,6,1,27.0,0,28,28,0.0,0,0,0
2024-07-08,34,1,11,0,0,28.7,0,0,18,0.0,124,142,0
2024-07-09,35,1,11,1,0,31.4,0,124,22,0.0,102,0,0
2024-07-10,36,1,11,2,0,27.1,0,102,16,0.0,86,0,0
2024-07-11,37,1,11,3,0,25.1,0,86,22,0.0,64,0,0
2024-07-12,38,1,11,4,0,29.4,0,64,19,0.0,45,0,0
2024-07-13,39,1,11,5,1,29.4,0,45,16,0.0,29,0,0
2024-07-14,40,1,11,6,1,27.3,0,29,24,0.0,5,0,0
2024-07-15,41,1,11,0,0,28.4,0,5,17,0.0,125,137,0
2024-07-16,42,1,11,1,0,28.2,0,125,14,0.0,111,0,0
2024-07-17,43,1,11,2,0,26.0,0,111,16,0.0,95,0,0
2024-07-18,44,1,11,3,0,28.6,0,95,14,0.0,81,0,0
2024-06-04,0,1,12,1,0,29.9,0,8,12,0.0,63,67,0
2024-06-05,1,1,12,2,0,30.0,0,63,10,0.0,53,0,0
2024-06-06,2,1,12,3,0,27.6,0,53,9,0.0,44,0,0
2024-06-07,3,1,12,4,0,30.6,0,44,12,0.0,32,0,0
2024-06-08,4,1,12,5,1,28.7,0,32,23,0.0,9,0,0
2024-06-09,5,1,12,6,1,22.7,0,9,16,0.0,59,66,0
2024-06-10,6,1,12,0,0,27.9,0,59,7,0.0,52,0,0
2024-06-11,7,1,12,1,0,27.6,0,52,9,0.0,43,0,0
2024-06-12,8,1,12,2,0,26.3,0,43,6,0.0,37,0,0
2024-06-13,9,1,12,3,0,27.7,0,37,12,0.0,25,0,0
2024-06-14,10,1,12,4,0,27.5,0,25,10,0.0,65,50,0
2024-06-15,11,1,12,5,1,28.7,0,65,20,0.0,45,0,0
2024-06-16,12,1,12,6,1,29.8,0,45,11,0.0,34,0,0
2024-06-17,13,1,12,0,0,27.8,0,34,13,0.0,21,0,0
2024-06-18,14,1,12,1,0,27.9,0,21,14,0.0,7,0,0
2024-06-19,15,1,12,2,0,24.7,0,7,11,0.0,64,68,0
2024-06-20,16,1,12,3,0,28.2,0,64,8,0.0,56,0,0
2024-06-21,17,1,12,4,0,27.4,0,56,15,0.0,41,0,0
2024-06-22,18,1,12,5,1,29.5,0,41,11,0.0,30,0,0
2024-06-23,19,1,12,6,1,31.1,0,30,18,0.0,12,0,0
2024-06-24,20,1,12,0,0,28.2,0,12,11,0.0,64,63,0
2024-06-25,21,1,12,1,0,28.6,0,64,10,0.0,54,0,0
2024-06-26,22,1,12,2,0,26.0,0,54,5,0.0,49,0,0
2024-06-27,23,1,12,3,0,27.2,0,49,10,0.0,39,0,0
2024-06-28,24,1,12,4,0,31.2,0,39,8,0.0,31,0,0
2024-06-29,25,1,12,5,1,27.8,0,31,14,0.0,61,44,0
2024-06-30,26,1,12,6,1,27.4,0,61,17,0.0,44,0,0
2024-07-01,27,1,12,0,0,29.5,0,44,16,0.0,28,0,0
2024-07-02,28,1,12,1,0,28.0,0,28,17,0.0,11,0,0
2024-07-03,29,1,12,2,0,27.3,0,11,5,0.0,6,0,0
2024-07-04,30,1,12,3,0,28.6,0,6,19,0.0,56,69,0
2024-07-05,31,1,12,4,0,27.6,0,56,8,0.0,48,0,0
2024-07-06,32,1,12,5,1,29.8,0,48,14,0.0,34,0,0
2024-07-07,33,1,12,6,1,27.0,0,34,18,0.0,16,0,0
2024-07-08,34,1,12,0,0,28.7,0,16,16,0.0,0,0,0
2024-07-09,35,1,12,1,0,31.4,0,0,14,0.0,61,75,0
2024-07-10,36,1,12,2,0,27.1,0,61,9,0.0,52,0,0
2024-07-11,37,1,12,3,0,25.1,0,52,13,0.0,39,0,0
2024-07-12,38,1,12,4,0,29.4,0,39,11,0.0,28,0,0
2024-07-13,39,1,12,5,1,29.4,0,28,16,0.0,12,0,0
2024-07-14,40,1,12,6,1,27.3,0,12,17,0.0,58,63,0
2024-07-15,41,1,12,0,0,28.4,0,58,9,0.0,49,0,0
2024-07-16,42,1,12,1,0,28.2,0,49,9,0.0,40,0,0
2024-07-17,43,1,12,2,0,26.0,0,40,11,0.0,29,0,0
2024-07-18,44,1,12,3,0,28.6,0,29,14,0.0,15,0,0
2024-06-04,0,2,1,1,0,29.9,0,314,58,0.0,256,0,0
2024-06-05,1,2,1,2,0,30.0,0,256,45,0.0,211,0,0
2024-06-06,2,2,1,3,0,27.6,0,211,45,0.0,166,0,0
2024-06-07,3,2,1,4,0,30.6,0,166,58,0.0,108,0,0
2024-06-08,4,2,1,5,1,28.7,0,108,64,0.0,44,0,0
2024-06-09,5,2,1,6,1,22.7,0,44,44,0.0,0,0,0
2024-06-10,6,2,1,0,0,27.9,0,0,49,0.0,310,359,0
2024-06-11,7,2,1,1,0,27.6,0,310,34,0.0,276,0,0
2024-06-12,8,2,1,2,0,26.3,0,276,46,0.0,230,0,0
2024-06-13,9,2,1,3,0,27.7,0,230,52,0.0,178,0,0
2024-06-14,10,2,1,4,0,27.5,0,178,44,0.0,134,0,0
2024-06-15,11,2,1,5,1,28.7,0,134,52,0.0,82,0,0
2024-06-16,12,2,1,6,1,29.8,0,82,54,0.0,28,0,0
2024-06-17,13,2,1,0,0,27.8,0,28,59,0.0,300,331,0
2024-06-18,14,2,1,1,0,27.9,0,300,38,0.0,262,0,0
2024-06-19,15,2,1,2,0,24.7,0,262,32,0.0,230,0,0
2024-06-20,16,2,1,3,0,28.2,0,230,43,0.0,187,0,0
2024-06-21,17,2,1,4,0,27.4,0,187,50,0.0,137,0,0
2024-06-22,18,2,1,5,1,29.5,0,137,53,0.0,84,0,0
2024-06-23,19,2,1,6,1,31.1,0,84,65,0.0,19,0,0
2024-06-24,20,2,1,0,0,28.2,0,19,41,0.0,318,340,0
2024-06-25,21,2,1,1,0,28.6,0,318,41,0.0,277,0,0
2024-06-26,22,2,1,2,0,26.0,0,277,37,0.0,240,0,0
2024-06-27,23,2,1,3,0,27.2,0,240,45,0.0,195,0,0
2024-06-28,24,2,1,4,0,31.2,0,195,41,0.0,154,0,0
2024-06-29,25,2,1,5,1,27.8,0,154,51,0.0,103,0,0
2024-06-30,26,2,1,6,1,27.4,0,103,48,0.0,55,0,0
2024-07-01,27,2,1,0,0,29.5,0,55,45,0.0,314,304,0
2024-07-02,28,2,1,1,0,28.0,0,314,44,0.0,270,0,0
2024-07-03,29,2,1,2,0,27.3,0,270,48,0.0,222,0,0
2024-07-04,30,2,1,3,0,28.6,0,222,51,0.0,171,0,0
2024-07-05,31,2,1,4,0,27.6,0,171,43,0.0,128,0,0
2024-07-06,32,2,1,5,1,29.8,0,128,68,0.0,60,0,0
2024-07-07,33,2,1,6,1,27.0,0,60,55,0.0,5,0,0
2024-07-08,34,2,1,0,0,28.7,0,5,43,0.0,316,354,0
2024-07-09,35,2,1,1,0,31.4,0,316,52,0.0,264,0,0
2024-07-10,36,2,1,2,0,27.1,0,264,37,0.0,227,0,0
2024-07-11,37,2,1,3,0,25.1,0,227,44,0.0,183,0,0
2024-07-12,38,2,1,4,0,29.4,0,183,47,0.0,136,0,0
2024-07-13,39,2,1,5,1,29.4,0,136,44,0.0,92,0,0
2024-07-14,40,2,1,6,1,27.3,0,92,49,0.0,43,0,0
2024-07-15,41,2,1,0,0,28.4,0,43,49,0.0,310,316,0
2024-07-16,42,2,1,1,0,28.2,0,310,51,0.0,259,0,0
2024-07-17,43,2,1,2,0,26.0,0,259,38,0.0,221,0,0
2024-07-18,44,2,1,3,0,28.6,0,221,35,0.0,186,0,0
2024-06-04,0,2,2,1,0,29.9,0,10,16,0.0,14,20,0
2024-06-05,1,2,2,2,0,30.0,0,14,16,0.0,14,16,0
2024-06-06,2,2,2,3,0,27.6,0,14,12,0.0,18,16,0
2024-06-07,3,2,2,4,0,30.6,0,18,15,0.0,15,12,0
2024-06-08,4,2,2,5,1,28.7,0,15,12,0.0,18,15,0
2024-06-09,5,2,2,6,1,22.7,0,18,17,0.0,13,12,0
2024-06-10,6,2,2,0,0,27.9,0,13,18,0.0,12,17,0
2024-06-11,7,2,2,1,0,27.6,0,12,18,0.0,12,18,0
2024-06-12,8,2,2,2,0,26.3,0,12,19,0.0,11,18,0
2024-06-13,9,2,2,3,0,27.7,0,11,18,0.0,12,19,0
2024-06-14,10,2,2,4,0,27.5,0,12,10,0.0,20,18,0
2024-06-15,11,2,2,5,1,28.7,0,20,20,0.0,10,10,0
2024-06-16,12,2,2,6,1,29.8,0,10,22,0.0,8,20,0
2024-06-17,13,2,2,0,0,27.8,0,8,20,0.0,10,22,0
2024-06-18,14,2,2,1,0,27.9,0,10,10,0.0,20,20,0
2024-06-19,15,2,2,2,0,24.7,0,20,19,0.0,11,10,0
2024-06-20,16,2,2,3,0,28.2,0,11,18,0.0,12,19,0
2024-06-21,17,2,2,4,0,27.4,0,12,17,0.0,13,18,0
2024-06-22,18,2,2,5,1,29.5,0,13,20,0.0,10,17,0
2024-06-23,19,2,2,6,1,31.1,0,10,22,0.0,8,20,0
2024-06-24,20,2,2,0,0,28.2,0,8,18,0.0,12,22,0
2024-06-25,21,2,2,1,0,28.6,0,12,16,0.0,14,18,0
2024-06-26,22,2,2,2,0,26.0,0,14,17,0.0,13,16,0
2024-06-27,23,2,2,3,0,27.2,0,13,15,0.0,15,17,0
2024-06-28,24,2,2,4,0,31.2,0,15,16,0.0,14,15,0
2024-06-29,25,2,2,5,1,27.8,0,14,15,0.0,15,16,0
2024-06-30,26,2,2,6,1,27.4,0,15,21,0.0,9,15,0
2024-07-01,27,2,2,0,0,29.5,0,9,22,0.0,8,21,0
2024-07-02,28,2,2,1,0,28.0,0,8,20,0.0,10,22,0
2024-07-03,29,2,2,2,0,27.3,0,10,14,0.0,16,20,0
2024-07-04,30,2,2,3,0,28.6,0,16,15,0.0,15,14,0
2024-07-05,31,2,2,4,0,27.6,0,15,11,0.0,19,15,0
2024-07-06,32,2,2,5,1,29.8,0,19,23,0.0,7,11,0
2024-07-07,33,2,2,6,1,27.0,0,7,30,0.0,0,23,0
2024-07-08,34,2,2,0,0,28.7,0,0,17,0.0,13,30,0
2024-07-09,35,2,2,1,0,31.4,0,13,23,0.0,7,17,0
2024-07-10,36,2,2,2,0,27.1,0,7,18,0.0,12,23,0
2024-07-11,37,2,2,3,0,25.1,0,12,19,0.0,11,18,0
2024-07-12,38,2,2,4,0,29.4,0,11,15,0.0,15,19,0
2024-07-13,39,2,2,5,1,29.4,0,15,25,0.0,5,15,0
2024-07-14,40,2,2,6,1,27.3,0,5,25,0.0,5,25,0
2024-07-15,41,2,2,0,0,28.4,0,5,18,0.0,12,25,0
2024-07-16,42,2,2,1,0,28.2,0,12,18,0.0,12,18,0
2024-07-17,43,2,2,2,0,26.0,0,12,12,0.0,18,18,0
2024-07-18,44,2,2,3,0,28.6,0,18,23,0.0,7,12,0
2024-06-04,0,2,3,1,0,29.9,0,176,23,0.0,153,0,0
2024-06-05,1,2,3,2,0,30.0,0,153,21,0.0,132,0,0
2024-06-06,2,2,3,3,0,27.6,0,132,24,0.0,108,0,0
2024-06-07,3,2,3,4,0,30.6,0,108,16,0.0,92,0,0
2024-06-08,4,2,3,5,1,28.7,0,92,23,0.0,69,0,0
2024-06-09,5,2,3,6,1,22.7,0,69,35,0.0,34,0,0
2024-06-10,6,2,3,0,0,27.9,0,34,16,0.0,179,161,0
2024-06-11,7,2,3,1,0,27.6,0,179,21,0.0,158,0,0
2024-06-12,8,2,3,2,0,26.3,0,158,15,0.0,143,0,0
2024-06-13,9,2,3,3,0,27.7,0,143,21,0.0,122,0,0
2024-06-14,10,2,3,4,0,27.5,0,122,19,0.0,103,0,0
2024-06-15,11,2,3,5,1,28.7,0,103,25,0.0,78,0,0
2024-06-16,12,2,3,6,1,29.8,0,78,28,0.0,50,0,0
2024-06-17,13,2,3,0,0,27.8,0,50,23,0.0,172,145,0
2024-06-18,14,2,3,1,0,27.9,0,172,26,0.0,146,0,0
2024-06-19,15,2,3,2,0,24.7,0,146,17,0.0,129,0,0
2024-06-20,16,2,3,3,0,28.2,0,129,13,0.0,116,0,0
2024-06-21,17,2,3,4,0,27.4,0,116,28,0.0,88,0,0
2024-06-22,18,2,3,5,1,29.5,0,88,32,0.0,56,0,0
2024-06-23,19,2,3,6,1,31.1,0,56,17,0.0,39,0,0
2024-06-24,20,2,3,0,0,28.2,0,39,26,0.0,169,156,0
2024-06-25,21,2,3,1,0,28.6,0,169,26,0.0,143,0,0
2024-06-26,22,2,3,2,0,26.0,0,143,32,0.0,111,0,0
2024-06-27,23,2,3,3,0,27.2,0,111,28,0.0,83,0,0
2024-06-28,24,2,3,4,0,31.2,0,83,27,0.0,56,0,0
2024-06-29,25,2,3,5,1,27.8,0,56,31,0.0,25,0,0
2024-06-30,26,2,3,6,1,27.4,0,25,25,0.0,0,0,0
2024-07-01,27,2,3,0,0,29.5,0,0,12,0.0,183,195,0
2024-07-02,28,2,3,1,0,28.0,0,183,17,0.0,166,0,0
2024-07-03,29,2,3,2,0,27.3,0,166,26,0.0,140,0,0
2024-07-04,30,2,3,3,0,28.6,0,140,23,0.0,117,0,0
2024-07-05,31,2,3,4,0,27.6,0,117,14,0.0,103,0,0
2024-07-06,32,2,3,5,1,29.8,0,103,28,0.0,75,0,0
2024-07-07,33,2,3,6,1,27.0,0,75,22,0.0,53,0,0
2024-07-08,34,2,3,0,0,28.7,0,53,33,0.0,162,142,0
2024-07-09,35,2,3,1,0,31.4,0,162,30,0.0,132,0,0
2024-07-10,36,2,3,2,0,27.1,0,132,22,0.0,110,0,0
2024-07-11,37,2,3,3,0,25.1,0,110,14,0.0,96,0,0
2024-07-12,38,2,3,4,0,29.4,0,96,21,0.0,75,0,0
2024-07-13,39,2,3,5,1,29.4,0,75,18,0.0,57,0,0
2024-07-14,40,2,3,6,1,27.3,0,57,24,0.0,33,0,0
2024-07-15,41,2,3,0,0,28.4,0,33,20,0.0,175,162,0
2024-07-16,42,2,3,1,0,28.2,0,175,26,0.0,149,0,0
2024-07-17,43,2,3,2,0,26.0,0,149,19,0.0,130,0,0
2024-07-18,44,2,3,3,0,28.6,0,130,19,0.0,111,0,0
2024-06-04,0,2,4,1,0,29.9,0,131,26,0.0,105,0,0
2024-06-05,1,2,4,2,0,30.0,0,105,14,0.0,91,0,0
2024-06-06,2,2,4,3,0,27.6,0,91,16,0.0,75,0,0
2024-06-07,3,2,4,4,0,30.6,0,75,22,0.0,53,0,0
2024-06-08,4,2,4,5,1,28.7,0,53,20,0.0,33,0,0
2024-06-09,5,2,4,6,1,22.7,0,33,20,0.0,13,0,0
2024-06-10,6,2,4,0,0,27.9,0,13,14,0.0,133,134,0
2024-06-11,7,2,4,1,0,27.6,0,133,19,0.0,114,0,0
2024-06-12,8,2,4,2,0,26.3,0,114,15,0.0,99,0,0
2024-06-13,9,2,4,3,0,27.7,0,99,15,0.0,84,0,0
2024-06-14,10,2,4,4,0,27.5,0,84,21,0.0,63,0,0
2024-06-15,11,2,4,5,1,28.7,0,63,18,0.0,45,0,0
2024-06-16,12,2,4,6,1,29.8,0,45,18,0.0,27,0,0
2024-06-17,13,2,4,0,0,27.8,0,27,23,0.0,124,120,0
2024-06-18,14,2,4,1,0,27.9,0,124,19,0.0,105,0,0
2024-06-19,15,2,4,2,0,24.7,0,105,22,0.0,83,0,0
2024-06-20,16,2,4,3,0,28.2,0,83,15,0.0,68,0,0
2024-06-21,17,2,4,4,0,27.4,0,68,23,0.0,45,0,0
2024-06-22,18,2,4,5,1,29.5,0,45,15,0.0,30,0,0
2024-06-23,19,2,4,6,1,31.1,0,30,30,0.0,0,0,0
2024-06-24,20,2,4,0,0,28.2,0,0,15,0.0,132,147,0
2024-06-25,21,2,4,1,0,28.6,0,132,16,0.0,116,0,0
2024-06-26,22,2,4,2,0,26.0,0,116,27,0.0,89,0,0
2024-06-27,23,2,4,3,0,27.2,0,89,17,0.0,72,0,0
2024-06-28,24,2,4,4,0,31.2,0,72,16,0.0,56,0,0
2024-06-29,25,2,4,5,1,27.8,0,56,21,0.0,35,0,0
2024-06-30,26,2,4,6,1,27.4,0,35,18,0.0,17,0,0
2024-07-01,27,2,4,0,0,29.5,0,17,10,0.0,137,130,0
2024-07-02,28,2,4,1,0,28.0,0,137,17,0.0,120,0,0
2024-07-03,29,2,4,2,0,27.3,0,120,20,0.0,100,0,0
2024-07-04,30,2,4,3,0,28.6,0,100,22,0.0,78,0,0
2024-07-05,31,2,4,4,0,27.6,0,78,22,0.0,56,0,0
2024-07-06,32,2,4,5,1,29.8,0,56,20,0.0,36,0,0
2024-07-07,33,2,4,6,1,27.0,0,36,24,0.0,12,0,0
2024-07-08,34,2,4,0,0,28.7,0,12,14,0.0,133,135,0
2024-07-09,35,2,4,1,0,31.4,0,133,14,0.0,119,0,0
2024-07-10,36,2,4,2,0,27.1,0,119,19,0.0,100,0,0
2024-07-11,37,2,4,3,0,25.1,0,100,22,0.0,78,0,0
2024-07-12,38,2,4,4,0,29.4,0,78,22,0.0,56,0,0
2024-07-13,39,2,4,5,1,29.4,0,56,25,0.0,31,0,0
2024-07-14,40,2,4,6,1,27.3,0,31,21,0.0,10,0,0
2024-07-15,41,2,4,0,0,28.4,0,10,21,0.0,126,137,0
2024-07-16,42,2,4,1,0,28.2,0,126,24,0.0,102,0,0
2024-07-17,43,2,4,2,0,26.0,0,102,27,0.0,75,0,0
2024-07-18,44,2,4,3,0,28.6,0,75,34,0.0,41,0,0
2024-06-04,0,2,5,1,0,29.9,0,85,7,0.0,78,0,0
2024-06-05,1,2,5,2,0,30.0,0,78,16,0.0,62,0,0
2024-06-06,2,2,5,3,0,27.6,0,62,6,0.0,56,0,0
2024-06-07,3,2,5,4,0,30.6,0,56,16,0.0,40,0,0
2024-06-08,4,2,5,5,1,28.7,0,40,14,0.0,26,0,0
2024-06-09,5,2,5,6,1,22.7,0,26,19,0.0,7,0,0
2024-06-10,6,2,5,0,0,27.9,0,7,12,0.0,84,89,0
2024-06-11,7,2,5,1,0,27.6,0,84,10,0.0,74,0,0
2024-06-12,8,2,5,2,0,26.3,0,74,10,0.0,64,0,0
2024-06-13,9,2,5,3,0,27.7,0,64,11,0.0,53,0,0
2024-06-14,10,2,5,4,0,27.5,0,53,5,0.0,48,0,0
2024-06-15,11,2,5,5,1,28.7,0,48,10,0.0,38,0,0
2024-06-16,12,2,5,6,1,29.8,0,38,17,0.0,21,0,0
2024-06-17,13,2,5,0,0,27.8,0,21,10,0.0,86,75,0
2024-06-18,14,2,5,1,0,27.9,0,86,11,0.0,75,0,0
2024-06-19,15,2,5,2,0,24.7,0,75,8,0.0,67,0,0
2024-06-20,16,2,5,3,0,28.2,0,67,15,0.0,52,0,0
2024-06-21,17,2,5,4,0,27.4,0,52,12,0.0,40,0,0
2024-06-22,18,2,5,5,1,29.5,0,40,10,0.0,30,0,0
2024-06-23,19,2,5,6,1,31.1,0,30,13,0.0,17,0,0
2024-06-24,20,2,5,0,0,28.2,0,17,12,0.0,84,79,0
2024-06-25,21,2,5,1,0,28.6,0,84,7,0.0,77,0,0
2024-06-26,22,2,5,2,0,26.0,0,77,15,0.0,62,0,0
2024-06-27,23,2,5,3,0,27.2,0,62,12,0.0,50,0,0
2024-06-28,24,2,5,4,0,31.2,0,50,8,0.0,42,0,0
2024-06-29,25,2,5,5,1,27.8,0,42,21,0.0,21,0,0
2024-06-30,26,2,5,6,1,27.4,0,21,21,0.0,0,0,0
2024-07-01,27,2,5,0,0,29.5,0,0,12,0.0,84,96,0
2024-07-02,28,2,5,1,0,28.0,0,84,13,0.0,71,0,0
2024-07-03,29,2,5,2,0,27.3,0,71,10,0.0,61,0,0
2024-07-04,30,2,5,3,0,28.6,0,61,7,0.0,54,0,0
2024-07-05,31,2,5,4,0,27.6,0,54,12,0.0,42,0,0
2024-07-06,32,2,5,5,1,29.8,0,42,10,0.0,32,0,0
2024-07-07,33,2,5,6,1,27.0,0,32,18,0.0,14,0,0
2024-07-08,34,2,5,0,0,28.7,0,14,8,0.0,88,82,0
2024-07-09,35,2,5,1,0,31.4,0,88,13,0.0,75,0,0
2024-07-10,36,2,5,2,0,27.1,0,75,9,0.0,66,0,0
2024-07-11,37,2,5,3,0,25.1,0,66,15,0.0,51,0,0
2024-07-12,38,2,5,4,0,29.4,0,51,13,0.0,38,0,0
2024-07-13,39,2,5,5,1,29.4,0,38,8,0.0,30,0,0
2024-07-14,40,2,5,6,1,27.3,0,30,12,0.0,18,0,0
2024-07-15,41,2,5,0,0,28.4,0,18,10,0.0,86,78,0
2024-07-16,42,2,5,1,0,28.2,0,86,12,0.0,74,0,0
2024-07-17,43,2,5,2,0,26.0,0,74,7,0.0,67,0,0
2024-07-18,44,2,5,3,0,28.6,0,67,6,0.0,61,0,0
2024-06-04,0,2,6,1,0,29.9,0,47,2,0.0,45,0,0
2024-06-05,1,2,6,2,0,30.0,0,45,8,0.0,37,0,0
2024-06-06,2,2,6,3,0,27.6,0,37,6,0.0,31,0,0
2024-06-07,3,2,6,4,0,30.6,0,31,6,0.0,25,0,0
2024-06-08,4,2,6,5,1,28.7,0,25,7,0.0,18,0,0
2024-06-09,5,2,6,6,1,22.7,0,18,8,0.0,10,0,0
2024-06-10,6,2,6,0,0,27.9,0,10,8,0.0,43,41,0
2024-06-11,7,2,6,1,0,27.6,0,43,7,0.0,36,0,0
2024-06-12,8,2,6,2,0,26.3,0,36,5,0.0,31,0,0
2024-06-13,9,2,6,3,0,27.7,0,31,14,0.0,17,0,0
2024-06-14,10,2,6,4,0,27.5,0,17,3,0.0,14,0,0
2024-06-15,11,2,6,5,1,28.7,0,14,8,0.0,6,0,0
2024-06-16,12,2,6,6,1,29.8,0,6,6,0.0,0,0,0
2024-06-17,13,2,6,0,0,27.8,0,0,7,0.0,44,51,0
2024-06-18,14,2,6,1,0,27.9,0,44,6,0.0,38,0,0
2024-06-19,15,2,6,2,0,24.7,0,38,7,0.0,31,0,0
2024-06-20,16,2,6,3,0,28.2,0,31,6,0.0,25,0,0
2024-06-21,17,2,6,4,0,27.4,0,25,3,0.0,22,0,0
2024-06-22,18,2,6,5,1,29.5,0,22,10,0.0,12,0,0
2024-06-23,19,2,6,6,1,31.1,0,12,7,0.0,5,0,0
2024-06-24,20,2,6,0,0,28.2,0,5,5,0.0,46,46,0
2024-06-25,21,2,6,1,0,28.6,0,46,6,0.0,40,0,0
2024-06-26,22,2,6,2,0,26.0,0,40,7,0.0,33,0,0
2024-06-27,23,2,6,3,0,27.2,0,33,9,0.0,24,0,0
2024-06-28,24,2,6,4,0,31.2,0,24,4,0.0,20,0,0
2024-06-29,25,2,6,5,1,27.8,0,20,7,0.0,13,0,0
2024-06-30,26,2,6,6,1,27.4,0,13,11,0.0,2,0,0
2024-07-01,27,2,6,0,0,29.5,0,2,3,0.0,48,49,0
2024-07-02,28,2,6,1,0,28.0,0,48,5,0.0,43,0,0
2024-07-03,29,2,6,2,0,27.3,0,43,3,0.0,40,0,0
2024-07-04,30,2,6,3,0,28.6,0,40,8,0.0,32,0,0
2024-07-05,31,2,6,4,0,27.6,0,32,7,0.0,25,0,0
2024-07-06,32,2,6,5,1,29.8,0,25,9,0.0,16,0,0
2024-07-07,33,2,6,6,1,27.0,0,16,6,0.0,10,0,0
2024-07-08,34,2,6,0,0,28.7,0,10,8,0.0,43,41,0
2024-07-09,35,2,6,1,0,31.4,0,43,5,0.0,38,0,0
2024-07-10,36,2,6,2,0,27.1,0,38,3,0.0,35,0,0
2024-07-11,37,2,6,3,0,25.1,0,35,6,0.0,29,0,0
2024-07-12,38,2,6,4,0,29.4,0,29,7,0.0,22,0,0
2024-07-13,39,2,6,5,1,29.4,0,22,9,0.0,13,0,0
2024-07-14,40,2,6,6,1,27.3,0,13,7,0.0,6,0,0
2024-07-15,41,2,6,0,0,28.4,0,6,6,0.0,45,45,0
2024-07-16,42,2,6,1,0,28.2,0,45,6,0.0,39,0,0
2024-07-17,43,2,6,2,0,26.0,0,39,7,0.0,32,0,0
2024-07-18,44,2,6,3,0,28.6,0,32,4,0.0,28,0,0
2024-06-04,0,2,7,1,0,29.9,0,11,2,0.0,9,0,0
2024-06-05,1,2,7,2,0,30.0,0,9,2,0.0,7,0,0
2024-06-06,2,2,7,3,0,27.6,0,7,1,0.0,6,0,0
2024-06-07,3,2,7,4,0,30.6,0,6,1,0.0,5,0,0
2024-06-08,4,2,7,5,1,28.7,0,5,4,0.0,1,0,0
2024-06-09,5,2,7,6,1,22.7,0,1,1,0.0,0,0,0
2024-06-10,6,2,7,0,0,27.9,0,0,5,0.0,10,15,0
2024-06-11,7,2,7,1,0,27.6,0,10,0,0.0,10,0,0
2024-06-12,8,2,7,2,0,26.3,0,10,2,0.0,8,0,0
2024-06-13,9,2,7,3,0,27.7,0,8,1,0.0,7,0,0
2024-06-14,10,2,7,4,0,27.5,0,7,2,0.0,5,0,0
2024-06-15,11,2,7,5,1,28.7,0,5,3,0.0,2,0,0
2024-06-16,12,2,7,6,1,29.8,0,2,2,0.0,0,0,0
2024-06-17,13,2,7,0,0,27.8,0,0,1,0.0,14,15,0
2024-06-18,14,2,7,1,0,27.9,0,14,2,0.0,12,0,0
2024-06-19,15,2,7,2,0,24.7,0,12,2,0.0,10,0,0
2024-06-20,16,2,7,3,0,28.2,0,10,1,0.0,9,0,0
2024-06-21,17,2,7,4,0,27.4,0,9,3,0.0,6,0,0
2024-06-22,18,2,7,5,1,29.5,0,6,3,0.0,3,0,0
2024-06-23,19,2,7,6,1,31.1,0,3,1,0.0,2,0,0
2024-06-24,20,2,7,0,0,28.2,0,2,1,0.0,14,13,0
2024-06-25,21,2,7,1,0,28.6,0,14,4,0.0,10,0,0
2024-06-26,22,2,7,2,0,26.0,0,10,1,0.0,9,0,0
2024-06-27,23,2,7,3,0,27.2,0,9,0,0.0,9,0,0
2024-06-28,24,2,7,4,0,31.2,0,9,2,0.0,7,0,0
2024-06-29,25,2,7,5,1,27.8,0,7,2,0.0,5,0,0
2024-06-30,26,2,7,6,1,27.4,0,5,0,0.0,5,0,0
2024-07-01,27,2,7,0,0,29.5,0,5,1,0.0,14,10,0
2024-07-02,28,2,7,1,0,28.0,0,14,1,0.0,13,0,0
2024-07-03,29,2,7,2,0,27.3,0,13,4,0.0,9,0,0
2024-07-04,30,2,7,3,0,28.6,0,9,0,0.0,9,0,0
2024-07-05,31,2,7,4,0,27.6,0,9,2,0.0,7,0,0
2024-07-06,32,2,7,5,1,29.8,0,7,2,0.0,5,0,0
2024-07-07,33,2,7,6,1,27.0,0,5,3,0.0,2,0,0
2024-07-08,34,2,7,0,0,28.7,0,2,2,0.0,13,13,0
2024-07-09,35,2,7,1,0,31.4,0,13,0,0.0,13,0,0
2024-07-10,36,2,7,2,0,27.1,0,13,0,0.0,13,0,0
2024-07-11,37,2,7,3,0,25.1,0,13,0,0.0,13,0,0
2024-07-12,38,2,7,4,0,29.4,0,13,5,0.0,8,0,0
2024-07-13,39,2,7,5,1,29.4,0,8,1,0.0,7,0,0
2024-07-14,40,2,7,6,1,27.3,0,7,3,0.0,4,0,0
2024-07-15,41,2,7,0,0,28.4,0,4,1,0.0,14,11,0
2024-07-16,42,2,7,1,0,28.2,0,14,4,0.0,10,0,0
2024-07-17,43,2,7,2,0,26.0,0,10,1,0.0,9,0,0
2024-07-18,44,2,7,3,0,28.6,0,9,4,0.0,5,0,0
2024-06-04,0,2,8,1,0,29.9,0,185,30,0.0,155,0,0
2024-06-05,1,2,8,2,0,30.0,0,155,26,0.0,129,0,0
2024-06-06,2,2,8,3,0,27.6,0,129,29,0.0,100,0,0
2024-06-07,3,2,8,4,0,30.6,0,100,25,0.0,75,0,0
2024-06-08,4,2,8,5,1,28.7,0,75,38,0.0,37,0,0
2024-06-09,5,2,8,6,1,22.7,0,37,24,0.0,13,0,0
2024-06-10,6,2,8,0,0,27.9,0,13,25,0.0,188,200,0
2024-06-11,7,2,8,1,0,27.6,0,188,32,0.0,156,0,0
2024-06-12,8,2,8,2,0,26.3,0,156,22,0.0,134,0,0
2024-06-13,9,2,8,3,0,27.7,0,134,25,0.0,109,0,0
2024-06-14,10,2,8,4,0,27.5,0,109,12,0.0,97,0,0
2024-06-15,11,2,8,5,1,28.7,0,97,31,0.0,66,0,0
2024-06-16,12,2,8,6,1,29.8,0,66,30,0.0,36,0,0
2024-06-17,13,2,8,0,0,27.8,0,36,21,0.0,192,177,0
2024-06-18,14,2,8,1,0,27.9,0,192,18,0.0,174,0,0
2024-06-19,15,2,8,2,0,24.7,0,174,18,0.0,156,0,0
2024-06-20,16,2,8,3,0,28.2,0,156,30,0.0,126,0,0
2024-06-21,17,2,8,4,0,27.4,0,126,20,0.0,106,0,0
2024-06-22,18,2,8,5,1,29.5,0,106,23,0.0,83,0,0
2024-06-23,19,2,8,6,1,31.1,0,83,35,0.0,48,0,0
2024-06-24,20,2,8,0,0,28.2,0,48,29,0.0,184,165,0
2024-06-25,21,2,8,1,0,28.6,0,184,33,0.0,151,0,0
2024-06-26,22,2,8,2,0,26.0,0,151,34,0.0,117,0,0
2024-06-27,23,2,8,3,0,27.2,0,117,27,0.0,90,0,0
2024-06-28,24,2,8,4,0,31.2,0,90,30,0.0,60,0,0
2024-06-29,25,2,8,5,1,27.8,0,60,36,0.0,24,0,0
2024-06-30,26,2,8,6,1,27.4,0,24,24,0.0,0,0,0
2024-07-01,27,2,8,0,0,29.5,0,0,18,0.0,195,213,0
2024-07-02,28,2,8,1,0,28.0,0,195,12,0.0,183,0,0
2024-07-03,29,2,8,2,0,27.3,0,183,39,0.0,144,0,0
2024-07-04,30,2,8,3,0,28.6,0,144,38,0.0,106,0,0
2024-07-05,31,2,8,4,0,27.6,0,106,14,0.0,92,0,0
2024-07-06,32,2,8,5,1,29.8,0,92,33,0.0,59,0,0
2024-07-07,33,2,8,6,1,27.0,0,59,33,0.0,26,0,0
2024-07-08,34,2,8,0,0,28.7,0,26,20,0.0,193,187,0
2024-07-09,35,2,8,1,0,31.4,0,193,32,0.0,161,0,0
2024-07-10,36,2,8,2,0,27.1,0,161,22,0.0,139,0,0
2024-07-11,37,2,8,3,0,25.1,0,139,24,0.0,115,0,0
2024-07-12,38,2,8,4,0,29.4,0,115,31,0.0,84,0,0
2024-07-13,39,2,8,5,1,29.4,0,84,31,0.0,53,0,0
2024-07-14,40,2,8,6,1,27.3,0,53,34,0.0,19,0,0
2024-07-15,41,2,8,0,0,28.4,0,19,22,0.0,191,194,0
2024-07-16,42,2,8,1,0,28.2,0,191,26,0.0,165,0,0
2024-07-17,43,2,8,2,0,26.0,0,165,28,0.0,137,0,0
2024-07-18,44,2,8,3,0,28.6,0,137,23,0.0,114,0,0
2024-06-04,0,2,9,1,0,29.9,0,23,17,0.0,23,17,0
2024-06-05,1,2,9,2,0,30.0,0,23,22,0.0,18,17,0
2024-06-06,2,2,9,3,0,27.6,0,18,32,0.0,8,22,0
2024-06-07,3,2,9,4,0,30.6,0,8,21,0.0,19,32,0
2024-06-08,4,2,9,5,1,28.7,0,19,34,0.0,6,21,0
2024-06-09,5,2,9,6,1,22.7,0,6,25,0.0,15,34,0
2024-06-10,6,2,9,0,0,27.9,0,15,24,0.0,16,25,0
2024-06-11,7,2,9,1,0,27.6,0,16,20,0.0,20,24,0
2024-06-12,8,2,9,2,0,26.3,0,20,15,0.0,25,20,0
2024-06-13,9,2,9,3,0,27.7,0,25,27,0.0,13,15,0
2024-06-14,10,2,9,4,0,27.5,0,13,15,0.0,25,27,0
2024-06-15,11,2,9,5,1,28.7,0,25,27,0.0,13,15,0
2024-06-16,12,2,9,6,1,29.8,0,13,23,0.0,17,27,0
2024-06-17,13,2,9,0,0,27.8,0,17,16,0.0,24,23,0
2024-06-18,14,2,9,1,0,27.9,0,24,17,0.0,23,16,0
2024-06-19,15,2,9,2,0,24.7,0,23,22,0.0,18,17,0
2024-06-20,16,2,9,3,0,28.2,0,18,18,0.0,22,22,0
2024-06-21,17,2,9,4,0,27.4,0,22,17,0.0,23,18,0
2024-06-22,18,2,9,5,1,29.5,0,23,26,0.0,14,17,0
2024-06-23,19,2,9,6,1,31.1,0,14,24,0.0,16,26,0
2024-06-24,20,2,9,0,0,28.2,0,16,25,0.0,15,24,0
2024-06-25,21,2,9,1,0,28.6,0,15,22,0.0,18,25,0
2024-06-26,22,2,9,2,0,26.0,0,18,32,0.0,8,22,0
2024-06-27,23,2,9,3,0,27.2,0,8,21,0.0,19,32,0
2024-06-28,24,2,9,4,0,31.2,0,19,28,0.0,12,21,0
2024-06-29,25,2,9,5,1,27.8,0,12,34,0.0,6,28,0
2024-06-30,26,2,9,6,1,27.4,0,6,40,0.0,0,34,0
2024-07-01,27,2,9,0,0,29.5,0,0,16,0.0,24,40,0
2024-07-02,28,2,9,1,0,28.0,0,24,21,0.0,19,16,0
2024-07-03,29,2,9,2,0,27.3,0,19,17,0.0,23,21,0
2024-07-04,30,2,9,3,0,28.6,0,23,24,0.0,16,17,0
2024-07-05,31,2,9,4,0,27.6,0,16,26,0.0,14,24,0
2024-07-06,32,2,9,5,1,29.8,0,14,20,0.0,20,26,0
2024-07-07,33,2,9,6,1,27.0,0,20,36,0.0,4,20,0
2024-07-08,34,2,9,0,0,28.7,0,4,27,0.0,13,36,0
2024-07-09,35,2,9,1,0,31.4,0,13,23,0.0,17,27,0
2024-07-10,36,2,9,2,0,27.1,0,17,24,0.0,16,23,0
2024-07-11,37,2,9,3,0,25.1,0,16,24,0.0,16,24,0
2024-07-12,38,2,9,4,0,29.4,0,16,26,0.0,14,24,0
2024-07-13,39,2,9,5,1,29.4,0,14,22,0.0,18,26,0
2024-07-14,40,2,9,6,1,27.3,0,18,25,0.0,15,22,0
2024-07-15,41,2,9,0,0,28.4,0,15,17,0.0,23,25,0
2024-07-16,42,2,9,1,0,28.2,0,23,19,0.0,21,17,0
2024-07-17,43,2,9,2,0,26.0,0,21,24,0.0,16,19,0
2024-07-18,44,2,9,3,0,28.6,0,16,31,0.0,9,24,0
2024-06-04,0,2,10,1,0,29.9,0,70,11,0.0,59,0,0
2024-06-05,1,2,10,2,0,30.0,0,59,5,0.0,54,0,0
2024-06-06,2,2,10,3,0,27.6,0,54,15,0.0,39,0,0
2024-06-07,3,2,10,4,0,30.6,0,39,15,0.0,24,0,0
2024-06-08,4,2,10,5,1,28.7,0,24,14,0.0,10,0,0
2024-06-09,5,2,10,6,1,22.7,0,10,10,0.0,0,0,0
2024-06-10,6,2,10,0,0,27.9,0,0,9,0.0,72,81,0
2024-06-11,7,2,10,1,0,27.6,0,72,7,0.0,65,0,0
2024-06-12,8,2,10,2,0,26.3,0,65,10,0.0,55,0,0
2024-06-13,9,2,10,3,0,27.7,0,55,7,0.0,48,0,0
2024-06-14,10,2,10,4,0,27.5,0,48,5,0.0,43,0,0
2024-06-15,11,2,10,5,1,28.7,0,43,10,0.0,33,0,0
2024-06-16,12,2,10,6,1,29.8,0,33,17,0.0,16,0,0
2024-06-17,13,2,10,0,0,27.8,0,16,11,0.0,70,65,0
2024-06-18,14,2,10,1,0,27.9,0,70,12,0.0,58,0,0
2024-06-19,15,2,10,2,0,24.7,0,58,9,0.0,49,0,0
2024-06-20,16,2,10,3,0,28.2,0,49,6,0.0,43,0,0
2024-06-21,17,2,10,4,0,27.4,0,43,6,0.0,37,0,0
2024-06-22,18,2,10,5,1,29.5,0,37,10,0.0,27,0,0
2024-06-23,19,2,10,6,1,31.1,0,27,9,0.0,18,0,0
2024-06-24,20,2,10,0,0,28.2,0,18,9,0.0,72,63,0
2024-06-25,21,2,10,1,0,28.6,0,72,7,0.0,65,0,0
2024-06-26,22,2,10,2,0,26.0,0,65,9,0.0,56,0,0
2024-06-27,23,2,10,3,0,27.2,0,56,6,0.0,50,0,0
2024-06-28,24,2,10,4,0,31.2,0,50,7,0.0,43,0,0
2024-06-29,25,2,10,5,1,27.8,0,43,13,0.0,30,0,0
2024-06-30,26,2,10,6,1,27.4,0,30,8,0.0,22,0,0
2024-07-01,27,2,10,0,0,29.5,0,22,7,0.0,74,59,0
2024-07-02,28,2,10,1,0,28.0,0,74,10,0.0,64,0,0
2024-07-03,29,2,10,2,0,27.3,0,64,8,0.0,56,0,0
2024-07-04,30,2,10,3,0,28.6,0,56,12,0.0,44,0,0
2024-07-05,31,2,10,4,0,27.6,0,44,13,0.0,31,0,0
2024-07-06,32,2,10,5,1,29.8,0,31,13,0.0,18,0,0
2024-07-07,33,2,10,6,1,27.0,0,18,11,0.0,7,0,0
2024-07-08,34,2,10,0,0,28.7,0,7,8,0.0,73,74,0
2024-07-09,35,2,10,1,0,31.4,0,73,10,0.0,63,0,0
2024-07-10,36,2,10,2,0,27.1,0,63,12,0.0,51,0,0
2024-07-11,37,2,10,3,0,25.1,0,51,7,0.0,44,0,0
2024-07-12,38,2,10,4,0,29.4,0,44,11,0.0,33,0,0
2024-07-13,39,2,10,5,1,29.4,0,33,10,0.0,23,0,0
2024-07-14,40,2,10,6,1,27.3,0,23,10,0.0,13,0,0
2024-07-15,41,2,10,0,0,28.4,0,13,11,0.0,70,68,0
2024-07-16,42,2,10,1,0,28.2,0,70,14,0.0,56,0,0
2024-07-17,43,2,10,2,0,26.0,0,56,9,0.0,47,0,0
2024-07-18,44,2,10,3,0,28.6,0,47,7,0.0,40,0,0
2024-06-04,0,2,11,1,0,29.9,0,165,22,0.0,143,0,0
2024-06-05,1,2,11,2,0,30.0,0,143,32,0.0,111,0,0
2024-06-06,2,2,11,3,0,27.6,0,111,18,0.0,93,0,0
2024-06-07,3,2,11,4,0,30.6,0,93,31,0.0,62,0,0
2024-06-08,4,2,11,5,1,28.7,0,62,28,0.0,34,0,0
2024-06-09,5,2,11,6,1,22.7,0,34,26,0.0,8,0,0
2024-06-10,6,2,11,0,0,27.9,0,8,18,0.0,172,182,0
2024-06-11,7,2,11,1,0,27.6,0,172,23,0.0,149,0,0
2024-06-12,8,2,11,2,0,26.3,0,149,26,0.0,123,0,0
2024-06-13,9,2,11,3,0,27.7,0,123,25,0.0,98,0,0
2024-06-14,10,2,11,4,0,27.5,0,98,38,0.0,60,0,0
2024-06-15,11,2,11,5,1,28.7,0,60,26,0.0,34,0,0
2024-06-16,12,2,11,6,1,29.8,0,34,21,0.0,13,0,0
2024-06-17,13,2,11,0,0,27.8,0,13,28,0.0,162,177,0
2024-06-18,14,2,11,1,0,27.9,0,162,28,0.0,134,0,0
2024-06-19,15,2,11,2,0,24.7,0,134,29,0.0,105,0,0
2024-06-20,16,2,11,3,0,28.2,0,105,22,0.0,83,0,0
2024-06-21,17,2,11,4,0,27.4,0,83,27,0.0,56,0,0
2024-06-22,18,2,11,5,1,29.5,0,56,35,0.0,21,0,0
2024-06-23,19,2,11,6,1,31.1,0,21,21,0.0,0,0,0
2024-06-24,20,2,11,0,0,28.2,0,0,27,0.0,163,190,0
2024-06-25,21,2,11,1,0,28.6,0,163,31,0.0,132,0,0
2024-06-26,22,2,11,2,0,26.0,0,132,19,0.0,113,0,0
2024-06-27,23,2,11,3,0,27.2,0,113,25,0.0,88,0,0
2024-06-28,24,2,11,4,0,31.2,0,88,21,0.0,67,0,0
2024-06-29,25,2,11,5,1,27.8,0,67,40,0.0,27,0,0
2024-06-30,26,2,11,6,1,27.4,0,27,23,0.0,4,0,0
2024-07-01,27,2,11,0,0,29.5,0,4,25,0.0,165,186,0
2024-07-02,28,2,11,1,0,28.0,0,165,15,0.0,150,0,0
2024-07-03,29,2,11,2,0,27.3,0,150,29,0.0,121,0,0
2024-07-04,30,2,11,3,0,28.6,0,121,29,0.0,92,0,0
2024-07-05,31,2,11,4,0,27.6,0,92,23,0.0,69,0,0
2024-07-06,32,2,11,5,1,29.8,0,69,42,0.0,27,0,0
2024-07-07,33,2,11,6,1,27.0,0,27,26,0.0,1,0,0
2024-07-08,34,2,11,0,0,28.7,0,1,15,0.0,175,189,0
2024-07-09,35,2,11,1,0,31.4,0,175,25,0.0,150,0,0
2024-07-10,36,2,11,2,0,27.1,0,150,34,0.0,116,0,0
2024-07-11,37,2,11,3,0,25.1,0,116,26,0.0,90,0,0
2024-07-12,38,2,11,4,0,29.4,0,90,20,0.0,70,0,0
2024-07-13,39,2,11,5,1,29.4,0,70,31,0.0,39,0,0
2024-07-14,40,2,11,6,1,27.3,0,39,23,0.0,16,0,0
2024-07-15,41,2,11,0,0,28.4,0,16,23,0.0,167,174,0
2024-07-16,42,2,11,1,0,28.2,0,167,19,0.0,148,0,0
2024-07-17,43,2,11,2,0,26.0,0,148,29,0.0,119,0,0
2024-07-18,44,2,11,3,0,28.6,0,119,27,0.0,92,0,0
2024-06-04,0,2,12,1,0,29.9,0,4,14,0.0,37,47,0
2024-06-05,1,2,12,2,0,30.0,0,37,8,0.0,29,0,0
2024-06-06,2,2,12,3,0,27.6,0,29,7,0.0,22,0,0
2024-06-07,3,2,12,4,0,30.6,0,22,15,0.0,7,0,0
2024-06-08,4,2,12,5,1,28.7,0,7,7,0.0,0,0,0
2024-06-09,5,2,12,6,1,22.7,0,0,8,0.0,43,51,0
2024-06-10,6,2,12,0,0,27.9,0,43,10,0.0,33,0,0
2024-06-11,7,2,12,1,0,27.6,0,33,7,0.0,26,0,0
2024-06-12,8,2,12,2,0,26.3,0,26,10,0.0,16,0,0
2024-06-13,9,2,12,3,0,27.7,0,16,8,0.0,8,0,0
2024-06-14,10,2,12,4,0,27.5,0,8,4,0.0,47,43,0
2024-06-15,11,2,12,5,1,28.7,0,47,13,0.0,34,0,0
2024-06-16,12,2,12,6,1,29.8,0,34,9,0.0,25,0,0
2024-06-17,13,2,12,0,0,27.8,0,25,5,0.0,20,0,0
2024-06-18,14,2,12,1,0,27.9,0,20,3,0.0,17,0,0
2024-06-19,15,2,12,2,0,24.7,0,17,10,0.0,41,34,0
2024-06-20,16,2,12,3,0,28.2,0,41,12,0.0,29,0,0
2024-06-21,17,2,12,4,0,27.4,0,29,5,0.0,24,0,0
2024-06-22,18,2,12,5,1,29.5,0,24,14,0.0,10,0,0
2024-06-23,19,2,12,6,1,31.1,0,10,7,0.0,3,0,0
2024-06-24,20,2,12,0,0,28.2,0,3,9,0.0,42,48,0
2024-06-25,21,2,12,1,0,28.6,0,42,3,0.0,39,0,0
2024-06-26,22,2,12,2,0,26.0,0,39,10,0.0,29,0,0
2024-06-27,23,2,12,3,0,27.2,0,29,6,0.0,23,0,0
2024-06-28,24,2,12,4,0,31.2,0,23,11,0.0,12,0,0
2024-06-29,25,2,12,5,1,27.8,0,12,16,0.0,35,39,0
2024-06-30,26,2,12,6,1,27.4,0,35,3,0.0,32,0,0
2024-07-01,27,2,12,0,0,29.5,0,32,5,0.0,27,0,0
2024-07-02,28,2,12,1,0,28.0,0,27,4,0.0,23,0,0
2024-07-03,29,2,12,2,0,27.3,0,23,9,0.0,14,0,0
2024-07-04,30,2,12,3,0,28.6,0,14,6,0.0,45,37,0
2024-07-05,31,2,12,4,0,27.6,0,45,4,0.0,41,0,0
2024-07-06,32,2,12,5,1,29.8,0,41,7,0.0,34,0,0
2024-07-07,33,2,12,6,1,27.0,0,34,11,0.0,23,0,0
2024-07-08,34,2,12,0,0,28.7,0,23,10,0.0,13,0,0
2024-07-09,35,2,12,1,0,31.4,0,13,10,0.0,41,38,0
2024-07-10,36,2,12,2,0,27.1,0,41,8,0.0,33,0,0
2024-07-11,37,2,12,3,0,25.1,0,33,10,0.0,23,0,0
2024-07-12,38,2,12,4,0,29.4,0,23,6,0.0,17,0,0
2024-07-13,39,2,12,5,1,29.4,0,17,5,0.0,12,0,0
2024-07-14,40,2,12,6,1,27.3,0,12,15,0.0,36,39,0
2024-07-15,41,2,12,0,0,28.4,0,36,3,0.0,33,0,0
2024-07-16,42,2,12,1,0,28.2,0,33,9,0.0,24,0,0
2024-07-17,43,2,12,2,0,26.0,0,24,10,0.0,14,0,0
2024-07-18,44,2,12,3,0,28.6,0,14,6,0.0,8,0,0
2024-06-04,0,3,1,1,0,29.9,0,288,37,0.0,251,0,0
2024-06-05,1,3,1,2,0,30.0,0,251,38,0.0,213,0,0
2024-06-06,2,3,1,3,0,27.6,0,213,40,0.0,173,0,0
2024-06-07,3,3,1,4,0,30.6,0,173,40,0.0,133,0,0
2024-06-08,4,3,1,5,1,28.7,0,133,49,0.0,84,0,0
2024-06-09,5,3,1,6,1,22.7,0,84,43,0.0,41,0,0
2024-06-10,6,3,1,0,0,27.9,0,41,41,0.0,297,297,0
2024-06-11,7,3,1,1,0,27.6,0,297,40,0.0,257,0,0
2024-06-12,8,3,1,2,0,26.3,0,257,31,0.0,226,0,0
2024-06-13,9,3,1,3,0,27.7,0,226,58,0.0,168,0,0
2024-06-14,10,3,1,4,0,27.5,0,168,42,0.0,126,0,0
2024-06-15,11,3,1,5,1,28.7,0,126,51,0.0,75,0,0
2024-06-16,12,3,1,6,1,29.8,0,75,47,0.0,28,0,0
2024-06-17,13,3,1,0,0,27.8,0,28,52,0.0,286,310,0
2024-06-18,14,3,1,1,0,27.9,0,286,41,0.0,245,0,0
2024-06-19,15,3,1,2,0,24.7,0,245,32,0.0,213,0,0
2024-06-20,16,3,1,3,0,28.2,0,213,50,0.0,163,0,0
2024-06-21,17,3,1,4,0,27.4,0,163,26,0.0,137,0,0
2024-06-22,18,3,1,5,1,29.5,0,137,50,0.0,87,0,0
2024-06-23,19,3,1,6,1,31.1,0,87,45,0.0,42,0,0
2024-06-24,20,3,1,0,0,28.2,0,42,44,0.0,294,296,0
2024-06-25,21,3,1,1,0,28.6,0,294,40,0.0,254,0,0
2024-06-26,22,3,1,2,0,26.0,0,254,29,0.0,225,0,0
2024-06-27,23,3,1,3,0,27.2,0,225,39,0.0,186,0,0
2024-06-28,24,3,1,4,0,31.2,0,186,38,0.0,148,0,0
2024-06-29,25,3,1,5,1,27.8,0,148,43,0.0,105,0,0
2024-06-30,26,3,1,6,1,27.4,0,105,39,0.0,66,0,0
2024-07-01,27,3,1,0,0,29.5,0,66,45,0.0,293,272,0
2024-07-02,28,3,1,1,0,28.0,0,293,45,0.0,248,0,0
2024-07-03,29,3,1,2,0,27.3,0,248,43,0.0,205,0,0
2024-07-04,30,3,1,3,0,28.6,0,205,41,0.0,164,0,0
2024-07-05,31,3,1,4,0,27.6,0,164,44,0.0,120,0,0
2024-07-06,32,3,1,5,1,29.8,0,120,70,0.0,50,0,0
2024-07-07,33,3,1,6,1,27.0,0,50,50,0.0,0,0,0
2024-07-08,34,3,1,0,0,28.7,0,0,47,0.0,291,338,0
2024-07-09,35,3,1,1,0,31.4,0,291,46,0.0,245,0,0
2024-07-10,36,3,1,2,0,27.1,0,245,43,0.0,202,0,0
2024-07-11,37,3,1,3,0,25.1,0,202,42,0.0,160,0,0
2024-07-12,38,3,1,4,0,29.4,0,160,51,0.0,109,0,0
2024-07-13,39,3,1,5,1,29.4,0,109,56,0.0,53,0,0
2024-07-14,40,3,1,6,1,27.3,0,53,38,0.0,15,0,0
2024-07-15,41,3,1,0,0,28.4,0,15,43,0.0,295,323,0
2024-07-16,42,3,1,1,0,28.2,0,295,42,0.0,253,0,0
2024-07-17,43,3,1,2,0,26.0,0,253,35,0.0,218,0,0
2024-07-18,44,3,1,3,0,28.6,0,218,34,0.0,184,0,0
2024-06-04,0,3,2,1,0,29.9,0,14,22,0.0,17,25,0
2024-06-05,1,3,2,2,0,30.0,0,17,30,0.0,9,22,0
2024-06-06,2,3,2,3,0,27.6,0,9,37,0.0,2,30,0
2024-06-07,3,3,2,4,0,30.6,0,2,30,0.0,9,37,0
2024-06-08,4,3,2,5,1,28.7,0,9,23,0.0,16,30,0
2024-06-09,5,3,2,6,1,22.7,0,16,25,0.0,14,23,0
2024-06-10,6,3,2,0,0,27.9,0,14,33,0.0,6,25,0
2024-06-11,7,3,2,1,0,27.6,0,6,36,0.0,3,33,0
2024-06-12,8,3,2,2,0,26.3,0,3,25,0.0,14,36,0
2024-06-13,9,3,2,3,0,27.7,0,14,34,0.0,5,25,0
2024-06-14,10,3,2,4,0,27.5,0,5,22,0.0,17,34,0
2024-06-15,11,3,2,5,1,28.7,0,17,38,0.0,1,22,0
2024-06-16,12,3,2,6,1,29.8,0,1,25,0.0,14,38,0
2024-06-17,13,3,2,0,0,27.8,0,14,26,0.0,13,25,0
2024-06-18,14,3,2,1,0,27.9,0,13,21,0.0,18,26,0
2024-06-19,15,3,2,2,0,24.7,0,18,29,0.0,10,21,0
2024-06-20,16,3,2,3,0,28.2,0,10,29,0.0,10,29,0
2024-06-21,17,3,2,4,0,27.4,0,10,29,0.0,10,29,0
2024-06-22,18,3,2,5,1,29.5,0,10,31,0.0,8,29,0
2024-06-23,19,3,2,6,1,31.1,0,8,36,0.0,3,31,0
2024-06-24,20,3,2,0,0,28.2,0,3,27,0.0,12,36,0
2024-06-25,21,3,2,1,0,28.6,0,12,28,0.0,11,27,0
2024-06-26,22,3,2,2,0,26.0,0,11,22,0.0,17,28,0
2024-06-27,23,3,2,3,0,27.2,0,17,28,0.0,11,22,0
2024-06-28,24,3,2,4,0,31.2,0,11,25,0.0,14,28,0
2024-06-29,25,3,2,5,1,27.8,0,14,32,0.0,7,25,0
2024-06-30,26,3,2,6,1,27.4,0,7,30,0.0,9,32,0
2024-07-01,27,3,2,0,0,29.5,0,9,23,0.0,16,30,0
2024-07-02,28,3,2,1,0,28.0,0,16,35,0.0,4,23,0
2024-07-03,29,3,2,2,0,27.3,0,4,35,0.0,4,35,0
2024-07-04,30,3,2,3,0,28.6,0,4,29,0.0,10,35,0
2024-07-05,31,3,2,4,0,27.6,0,10,37,0.0,2,29,0
2024-07-06,32,3,2,5,1,29.8,0,2,39,0.0,0,37,0
2024-07-07,33,3,2,6,1,27.0,0,0,35,0.0,4,39,0
2024-07-08,34,3,2,0,0,28.7,0,4,30,0.0,9,35,0
2024-07-09,35,3,2,1,0,31.4,0,9,25,0.0,14,30,0
2024-07-10,36,3,2,2,0,27.1,0,14,27,0.0,12,25,0
2024-07-11,37,3,2,3,0,25.1,0,12,31,0.0,8,27,0
2024-07-12,38,3,2,4,0,29.4,0,8,31,0.0,8,31,0
2024-07-13,39,3,2,5,1,29.4,0,8,27,0.0,12,31,0
2024-07-14,40,3,2,6,1,27.3,0,12,35,0.0,4,27,0
2024-07-15,41,3,2,0,0,28.4,0,4,29,0.0,10,35,0
2024-07-16,42,3,2,1,0,28.2,0,10,28,0.0,11,29,0
2024-07-17,43,3,2,2,0,26.0,0,11,24,0.0,15,28,0
2024-07-18,44,3,2,3,0,28.6,0,15,22,0.0,17,24,0
2024-06-04,0,3,3,1,0,29.9,0,128,20,0.0,108,0,0
2024-06-05,1,3,3,2,0,30.0,0,108,22,0.0,86,0,0
2024-06-06,2,3,3,3,0,27.6,0,86,14,0.0,72,0,0
2024-06-07,3,3,3,4,0,30.6,0,72,14,0.0,58,0,0
2024-06-08,4,3,3,5,1,28.7,0,58,23,0.0,35,0,0
2024-06-09,5,3,3,6,1,22.7,0,35,22,0.0,13,0,0
2024-06-10,6,3,3,0,0,27.9,0,13,24,0.0,127,138,0
2024-06-11,7,3,3,1,0,27.6,0,127,17,0.0,110,0,0
2024-06-12,8,3,3,2,0,26.3,0,110,16,0.0,94,0,0
2024-06-13,9,3,3,3,0,27.7,0,94,23,0.0,71,0,0
2024-06-14,10,3,3,4,0,27.5,0,71,21,0.0,50,0,0
2024-06-15,11,3,3,5,1,28.7,0,50,22,0.0,28,0,0
2024-06-16,12,3,3,6,1,29.8,0,28,23,0.0,5,0,0
2024-06-17,13,3,3,0,0,27.8,0,5,16,0.0,135,146,0
2024-06-18,14,3,3,1,0,27.9,0,135,16,0.0,119,0,0
2024-06-19,15,3,3,2,0,24.7,0,119,24,0.0,95,0,0
2024-06-20,16,3,3,3,0,28.2,0,95,15,0.0,80,0,0
2024-06-21,17,3,3,4,0,27.4,0,80,26,0.0,54,0,0
2024-06-22,18,3,3,5,1,29.5,0,54,23,0.0,31,0,0
2024-06-23,19,3,3,6,1,31.1,0,31,18,0.0,13,0,0
2024-06-24,20,3,3,0,0,28.2,0,13,28,0.0,123,138,0
2024-06-25,21,3,3,1,0,28.6,0,123,21,0.0,102,0,0
2024-06-26,22,3,3,2,0,26.0,0,102,19,0.0,83,0,0
2024-06-27,23,3,3,3,0,27.2,0,83,14,0.0,69,0,0
2024-06-28,24,3,3,4,0,31.2,0,69,21,0.0,48,0,0
2024-06-29,25,3,3,5,1,27.8,0,48,20,0.0,28,0,0
2024-06-30,26,3,3,6,1,27.4,0,28,18,0.0,10,0,0
2024-07-01,27,3,3,0,0,29.5,0,10,24,0.0,127,141,0
2024-07-02,28,3,3,1,0,28.0,0,127,22,0.0,105,0,0
2024-07-03,29,3,3,2,0,27.3,0,105,22,0.0,83,0,0
2024-07-04,30,3,3,3,0,28.6,0,83,29,0.0,54,0,0
2024-07-05,31,3,3,4,0,27.6,0,54,8,0.0,46,0,0
2024-07-06,32,3,3,5,1,29.8,0,46,21,0.0,25,0,0
2024-07-07,33,3,3,6,1,27.0,0,25,25,0.0,0,0,0
2024-07-08,34,3,3,0,0,28.7,0,0,19,0.0,132,151,0
2024-07-09,35,3,3,1,0,31.4,0,132,17,0.0,115,0,0
2024-07-10,36,3,3,2,0,27.1,0,115,14,0.0,101,0,0
2024-07-11,37,3,3,3,0,25.1,0,101,19,0.0,82,0,0
2024-07-12,38,3,3,4,0,29.4,0,82,26,0.0,56,0,0
2024-07-13,39,3,3,5,1,29.4,0,56,13,0.0,43,0,0
2024-07-14,40,3,3,6,1,27.3,0,43,15,0.0,28,0,0
2024-07-15,41,3,3,0,0,28.4,0,28,17,0.0,134,123,0
2024-07-16,42,3,3,1,0,28.2,0,134,17,0.0,117,0,0
2024-07-17,43,3,3,2,0,26.0,0,117,15,0.0,102,0,0
2024-07-18,44,3,3,3,0,28.6,0,102,19,0.0,83,0,0
2024-06-04,0,3,4,1,0,29.9,0,70,14,0.0,56,0,0
2024-06-05,1,3,4,2,0,30.0,0,56,8,0.0,48,0,0
2024-06-06,2,3,4,3,0,27.6,0,48,6,0.0,42,0,0
2024-06-07,3,3,4,4,0,30.6,0,42,5,0.0,37,0,0
2024-06-08,4,3,4,5,1,28.7,0,37,12,0.0,25,0,0
2024-06-09,5,3,4,6,1,22.7,0,25,5,0.0,20,0,0
2024-06-10,6,3,4,0,0,27.9,0,20,10,0.0,74,64,0
2024-06-11,7,3,4,1,0,27.6,0,74,15,0.0,59,0,0
2024-06-12,8,3,4,2,0,26.3,0,59,7,0.0,52,0,0
2024-06-13,9,3,4,3,0,27.7,0,52,11,0.0,41,0,0
2024-06-14,10,3,4,4,0,27.5,0,41,12,0.0,29,0,0
2024-06-15,11,3,4,5,1,28.7,0,29,17,0.0,12,0,0
2024-06-16,12,3,4,6,1,29.8,0,12,11,0.0,1,0,0
2024-06-17,13,3,4,0,0,27.8,0,1,9,0.0,75,83,0
2024-06-18,14,3,4,1,0,27.9,0,75,9,0.0,66,0,0
2024-06-19,15,3,4,2,0,24.7,0,66,16,0.0,50,0,0
2024-06-20,16,3,4,3,0,28.2,0,50,13,0.0,37,0,0
2024-06-21,17,3,4,4,0,27.4,0,37,4,0.0,33,0,0
2024-06-22,18,3,4,5,1,29.5,0,33,10,0.0,23,0,0
2024-06-23,19,3,4,6,1,31.1,0,23,10,0.0,13,0,0
2024-06-24,20,3,4,0,0,28.2,0,13,15,0.0,69,71,0
2024-06-25,21,3,4,1,0,28.6,0,69,10,0.0,59,0,0
2024-06-26,22,3,4,2,0,26.0,0,59,16,0.0,43,0,0
2024-06-27,23,3,4,3,0,27.2,0,43,10,0.0,33,0,0
2024-06-28,24,3,4,4,0,31.2,0,33,10,0.0,23,0,0
2024-06-29,25,3,4,5,1,27.8,0,23,12,0.0,11,0,0
2024-06-30,26,3,4,6,1,27.4,0,11,11,0.0,0,0,0
2024-07-01,27,3,4,0,0,29.5,0,0,13,0.0,71,84,0
2024-07-02,28,3,4,1,0,28.0,0,71,10,0.0,61,0,0
2024-07-03,29,3,4,2,0,27.3,0,61,10,0.0,51,0,0
2024-07-04,30,3,4,3,0,28.6,0,51,13,0.0,38,0,0
2024-07-05,31,3,4,4,0,27.6,0,38,11,0.0,27,0,0
2024-07-06,32,3,4,5,1,29.8,0,27,16,0.0,11,0,0
2024-07-07,33,3,4,6,1,27.0,0,11,10,0.0,1,0,0
2024-07-08,34,3,4,0,0,28.7,0,1,7,0.0,77,83,0
2024-07-09,35,3,4,1,0,31.4,0,77,14,0.0,63,0,0
2024-07-10,36,3,4,2,0,27.1,0,63,11,0.0,52,0,0
2024-07-11,37,3,4,3,0,25.1,0,52,8,0.0,44,0,0
2024-07-12,38,3,4,4,0,29.4,0,44,19,0.0,25,0,0
2024-07-13,39,3,4,5,1,29.4,0,25,11,0.0,14,0,0
2024-07-14,40,3,4,6,1,27.3,0,14,11,0.0,3,0,0
2024-07-15,41,3,4,0,0,28.4,0,3,10,0.0,74,81,0
2024-07-16,42,3,4,1,0,28.2,0,74,4,0.0,70,0,0
2024-07-17,43,3,4,2,0,26.0,0,70,9,0.0,61,0,0
2024-07-18,44,3,4,3,0,28.6,0,61,12,0.0,49,0,0
2024-06-04,0,3,5,1,0,29.9,0,59,6,0.0,53,0,0
2024-06-05,1,3,5,2,0,30.0,0,53,5,0.0,48,0,0
2024-06-06,2,3,5,3,0,27.6,0,48,4,0.0,44,0,0
2024-06-07,3,3,5,4,0,30.6,0,44,11,0.0,33,0,0
2024-06-08,4,3,5,5,1,28.7,0,33,10,0.0,23,0,0
2024-06-09,5,3,5,6,1,22.7,0,23,8,0.0,15,0,0
2024-06-10,6,3,5,0,0,27.9,0,15,6,0.0,65,56,0
2024-06-11,7,3,5,1,0,27.6,0,65,4,0.0,61,0,0
2024-06-12,8,3,5,2,0,26.3,0,61,15,0.0,46,0,0
2024-06-13,9,3,5,3,0,27.7,0,46,9,0.0,37,0,0
2024-06-14,10,3,5,4,0,27.5,0,37,13,0.0,24,0,0
2024-06-15,11,3,5,5,1,28.7,0,24,14,0.0,10,0,0
2024-06-16,12,3,5,6,1,29.8,0,10,10,0.0,0,0,0
2024-06-17,13,3,5,0,0,27.8,0,0,4,0.0,67,71,0
2024-06-18,14,3,5,1,0,27.9,0,67,10,0.0,57,0,0
2024-06-19,15,3,5,2,0,24.7,0,57,8,0.0,49,0,0
2024-06-20,16,3,5,3,0,28.2,0,49,10,0.0,39,0,0
2024-06-21,17,3,5,4,0,27.4,0,39,8,0.0,31,0,0
2024-06-22,18,3,5,5,1,29.5,0,31,11,0.0,20,0,0
2024-06-23,19,3,5,6,1,31.1,0,20,10,0.0,10,0,0
2024-06-24,20,3,5,0,0,28.2,0,10,6,0.0,65,61,0
2024-06-25,21,3,5,1,0,28.6,0,65,6,0.0,59,0,0
2024-06-26,22,3,5,2,0,26.0,0,59,11,0.0,48,0,0
2024-06-27,23,3,5,3,0,27.2,0,48,6,0.0,42,0,0
2024-06-28,24,3,5,4,0,31.2,0,42,12,0.0,30,0,0
2024-06-29,25,3,5,5,1,27.8,0,30,9,0.0,21,0,0
2024-06-30,26,3,5,6,1,27.4,0,21,8,0.0,13,0,0
2024-07-01,27,3,5,0,0,29.5,0,13,5,0.0,66,58,0
2024-07-02,28,3,5,1,0,28.0,0,66,6,0.0,60,0,0
2024-07-03,29,3,5,2,0,27.3,0,60,8,0.0,52,0,0
2024-07-04,30,3,5,3,0,28.6,0,52,8,0.0,44,0,0
2024-07-05,31,3,5,4,0,27.6,0,44,7,0.0,37,0,0
2024-07-06,32,3,5,5,1,29.8,0,37,11,0.0,26,0,0
2024-07-07,33,3,5,6,1,27.0,0,26,7,0.0,19,0,0
2024-07-08,34,3,5,0,0,28.7,0,19,11,0.0,60,52,0
2024-07-09,35,3,5,1,0,31.4,0,60,13,0.0,47,0,0
2024-07-10,36,3,5,2,0,27.1,0,47,6,0.0,41,0,0
2024-07-11,37,3,5,3,0,25.1,0,41,7,0.0,34,0,0
2024-07-12,38,3,5,4,0,29.4,0,34,10,0.0,24,0,0
2024-07-13,39,3,5,5,1,29.4,0,24,7,0.0,17,0,0
2024-07-14,40,3,5,6,1,27.3,0,17,11,0.0,6,0,0
2024-07-15,41,3,5,0,0,28.4,0,6,9,0.0,62,65,0
2024-07-16,42,3,5,1,0,28.2,0,62,5,0.0,57,0,0
2024-07-17,43,3,5,2,0,26.0,0,57,7,0.0,50,0,0
2024-07-18,44,3,5,3,0,28.6,0,50,7,0.0,43,0,0
2024-06-04,0,3,6,1,0,29.9,0,29,1,0.0,28,0,0
2024-06-05,1,3,6,2,0,30.0,0,28,2,0.0,26,0,0
2024-06-06,2,3,6,3,0,27.6,0,26,4,0.0,22,0,0
2024-06-07,3,3,6,4,0,30.6,0,22,0,0.0,22,0,0
2024-06-08,4,3,6,5,1,28.7,0,22,7,0.0,15,0,0
2024-06-09,5,3,6,6,1,22.7,0,15,4,0.0,11,0,0
2024-06-10,6,3,6,0,0,27.9,0,11,2,0.0,30,21,0
2024-06-11,7,3,6,1,0,27.6,0,30,7,0.0,23,0,0
2024-06-12,8,3,6,2,0,26.3,0,23,7,0.0,16,0,0
2024-06-13,9,3,6,3,0,27.7,0,16,1,0.0,15,0,0
2024-06-14,10,3,6,4,0,27.5,0,15,7,0.0,8,0,0
2024-06-15,11,3,6,5,1,28.7,0,8,6,0.0,2,0,0
2024-06-16,12,3,6,6,1,29.8,0,2,2,0.0,0,0,0
2024-06-17,13,3,6,0,0,27.8,0,0,1,0.0,31,32,0
2024-06-18,14,3,6,1,0,27.9,0,31,6,0.0,25,0,0
2024-06-19,15,3,6,2,0,24.7,0,25,5,0.0,20,0,0
2024-06-20,16,3,6,3,0,28.2,0,20,0,0.0,20,0,0
2024-06-21,17,3,6,4,0,27.4,0,20,5,0.0,15,0,0
2024-06-22,18,3,6,5,1,29.5,0,15,6,0.0,9,0,0
2024-06-23,19,3,6,6,1,31.1,0,9,5,0.0,4,0,0
2024-06-24,20,3,6,0,0,28.2,0,4,3,0.0,29,28,0
2024-06-25,21,3,6,1,0,28.6,0,29,7,0.0,22,0,0
2024-06-26,22,3,6,2,0,26.0,0,22,3,0.0,19,0,0
2024-06-27,23,3,6,3,0,27.2,0,19,2,0.0,17,0,0
2024-06-28,24,3,6,4,0,31.2,0,17,4,0.0,13,0,0
2024-06-29,25,3,6,5,1,27.8,0,13,5,0.0,8,0,0
2024-06-30,26,3,6,6,1,27.4,0,8,3,0.0,5,0,0
2024-07-01,27,3,6,0,0,29.5,0,5,1,0.0,31,27,0
2024-07-02,28,3,6,1,0,28.0,0,31,3,0.0,28,0,0
2024-07-03,29,3,6,2,0,27.3,0,28,1,0.0,27,0,0
2024-07-04,30,3,6,3,0,28.6,0,27,2,0.0,25,0,0
2024-07-05,31,3,6,4,0,27.6,0,25,5,0.0,20,0,0
2024-07-06,32,3,6,5,1,29.8,0,20,1,0.0,19,0,0
2024-07-07,33,3,6,6,1,27.0,0,19,3,0.0,16,0,0
2024-07-08,34,3,6,0,0,28.7,0,16,3,0.0,29,16,0
2024-07-09,35,3,6,1,0,31.4,0,29,4,0.0,25,0,0
2024-07-10,36,3,6,2,0,27.1,0,25,3,0.0,22,0,0
2024-07-11,37,3,6,3,0,25.1,0,22,6,0.0,16,0,0
2024-07-12,38,3,6,4,0,29.4,0,16,3,0.0,13,0,0
2024-07-13,39,3,6,5,1,29.4,0,13,6,0.0,7,0,0
2024-07-14,40,3,6,6,1,27.3,0,7,7,0.0,0,0,0
2024-07-15,41,3,6,0,0,28.4,0,0,2,0.0,30,32,0
2024-07-16,42,3,6,1,0,28.2,0,30,4,0.0,26,0,0
2024-07-17,43,3,6,2,0,26.0,0,26,7,0.0,19,0,0
2024-07-18,44,3,6,3,0,28.6,0,19,2,0.0,17,0,0
2024-06-04,0,3,7,1,0,29.9,0,9,0,0.0,9,0,0
2024-06-05,1,3,7,2,0,30.0,0,9,5,0.0,4,0,0
2024-06-06,2,3,7,3,0,27.6,0,4,0,0.0,4,0,0
2024-06-07,3,3,7,4,0,30.6,0,4,1,0.0,3,0,0
2024-06-08,4,3,7,5,1,28.7,0,3,0,0.0,3,0,0
2024-06-09,5,3,7,6,1,22.7,0,3,1,0.0,2,0,0
2024-06-10,6,3,7,0,0,27.9,0,2,1,0.0,8,7,0
2024-06-11,7,3,7,1,0,27.6,0,8,1,0.0,7,0,0
2024-06-12,8,3,7,2,0,26.3,0,7,1,0.0,6,0,0
2024-06-13,9,3,7,3,0,27.7,0,6,2,0.0,4,0,0
2024-06-14,10,3,7,4,0,27.5,0,4,1,0.0,3,0,0
2024-06-15,11,3,7,5,1,28.7,0,3,1,0.0,2,0,0
2024-06-16,12,3,7,6,1,29.8,0,2,0,0.0,2,0,0
2024-06-17,13,3,7,0,0,27.8,0,2,1,0.0,8,7,0
2024-06-18,14,3,7,1,0,27.9,0,8,2,0.0,6,0,0
2024-06-19,15,3,7,2,0,24.7,0,6,1,0.0,5,0,0
2024-06-20,16,3,7,3,0,28.2,0,5,1,0.0,4,0,0
2024-06-21,17,3,7,4,0,27.4,0,4,0,0.0,4,0,0
2024-06-22,18,3,7,5,1,29.5,0,4,0,0.0,4,0,0
2024-06-23,19,3,7,6,1,31.1,0,4,0,0.0,4,0,0
2024-06-24,20,3,7,0,0,28.2,0,4,0,0.0,9,5,0
2024-06-25,21,3,7,1,0,28.6,0,9,0,0.0,9,0,0
2024-06-26,22,3,7,2,0,26.0,0,9,2,0.0,7,0,0
2024-06-27,23,3,7,3,0,27.2,0,7,2,0.0,5,0,0
2024-06-28,24,3,7,4,0,31.2,0,5,0,0.0,5,0,0
2024-06-29,25,3,7,5,1,27.8,0,5,3,0.0,2,0,0
2024-06-30,26,3,7,6,1,27.4,0,2,2,0.0,0,0,0
2024-07-01,27,3,7,0,0,29.5,0,0,1,0.0,8,9,0
2024-07-02,28,3,7,1,0,28.0,0,8,0,0.0,8,0,0
2024-07-03,29,3,7,2,0,27.3,0,8,1,0.0,7,0,0
2024-07-04,30,3,7,3,0,28.6,0,7,1,0.0,6,0,0
2024-07-05,31,3,7,4,0,27.6,0,6,2,0.0,4,0,0
2024-07-06,32,3,7,5,1,29.8,0,4,1,0.0,3,0,0
2024-07-07,33,3,7,6,1,27.0,0,3,1,0.0,2,0,0
2024-07-08,34,3,7,0,0,28.7,0,2,1,0.0,8,7,0
2024-07-09,35,3,7,1,0,31.4,0,8,3,0.0,5,0,0
2024-07-10,36,3,7,2,0,27.1,0,5,2,0.0,3,0,0
2024-07-11,37,3,7,3,0,25.1,0,3,0,0.0,3,0,0
2024-07-12,38,3,7,4,0,29.4,0,3,1,0.0,2,0,0
2024-07-13,39,3,7,5,1,29.4,0,2,0,0.0,2,0,0
2024-07-14,40,3,7,6,1,27.3,0,2,1,0.0,1,0,0
2024-07-15,41,3,7,0,0,28.4,0,1,1,0.0,8,8,0
2024-07-16,42,3,7,1,0,28.2,0,8,1,0.0,7,0,0
2024-07-17,43,3,7,2,0,26.0,0,7,1,0.0,6,0,0
2024-07-18,44,3,7,3,0,28.6,0,6,2,0.0,4,0,0
2024-06-04,0,3,8,1,0,29.9,0,161,22,0.0,139,0,0
2024-06-05,1,3,8,2,0,30.0,0,139,19,0.0,120,0,0
2024-06-06,2,3,8,3,0,27.6,0,120,18,0.0,102,0,0
2024-06-07,3,3,8,4,0,30.6,0,102,29,0.0,73,0,0
2024-06-08,4,3,8,5,1,28.7,0,73,31,0.0,42,0,0
2024-06-09,5,3,8,6,1,22.7,0,42,21,0.0,21,0,0
2024-06-10,6,3,8,0,0,27.9,0,21,24,0.0,158,161,0
2024-06-11,7,3,8,1,0,27.6,0,158,23,0.0,135,0,0
2024-06-12,8,3,8,2,0,26.3,0,135,31,0.0,104,0,0
2024-06-13,9,3,8,3,0,27.7,0,104,28,0.0,76,0,0
2024-06-14,10,3,8,4,0,27.5,0,76,25,0.0,51,0,0
2024-06-15,11,3,8,5,1,28.7,0,51,23,0.0,28,0,0
2024-06-16,12,3,8,6,1,29.8,0,28,28,0.0,0,0,0
2024-06-17,13,3,8,0,0,27.8,0,0,19,0.0,163,182,0
2024-06-18,14,3,8,1,0,27.9,0,163,17,0.0,146,0,0
2024-06-19,15,3,8,2,0,24.7,0,146,30,0.0,116,0,0
2024-06-20,16,3,8,3,0,28.2,0,116,27,0.0,89,0,0
2024-06-21,17,3,8,4,0,27.4,0,89,20,0.0,69,0,0
2024-06-22,18,3,8,5,1,29.5,0,69,30,0.0,39,0,0
2024-06-23,19,3,8,6,1,31.1,0,39,26,0.0,13,0,0
2024-06-24,20,3,8,0,0,28.2,0,13,25,0.0,157,169,0
2024-06-25,21,3,8,1,0,28.6,0,157,25,0.0,132,0,0
2024-06-26,22,3,8,2,0,26.0,0,132,20,0.0,112,0,0
2024-06-27,23,3,8,3,0,27.2,0,112,29,0.0,83,0,0
2024-06-28,24,3,8,4,0,31.2,0,83,21,0.0,62,0,0
2024-06-29,25,3,8,5,1,27.8,0,62,27,0.0,35,0,0
2024-06-30,26,3,8,6,1,27.4,0,35,27,0.0,8,0,0
2024-07-01,27,3,8,0,0,29.5,0,8,18,0.0,164,174,0
2024-07-02,28,3,8,1,0,28.0,0,164,35,0.0,129,0,0
2024-07-03,29,3,8,2,0,27.3,0,129,26,0.0,103,0,0
2024-07-04,30,3,8,3,0,28.6,0,103,11,0.0,92,0,0
2024-07-05,31,3,8,4,0,27.6,0,92,25,0.0,67,0,0
2024-07-06,32,3,8,5,1,29.8,0,67,29,0.0,38,0,0
2024-07-07,33,3,8,6,1,27.0,0,38,27,0.0,11,0,0
2024-07-08,34,3,8,0,0,28.7,0,11,29,0.0,153,171,0
2024-07-09,35,3,8,1,0,31.4,0,153,20,0.0,133,0,0
2024-07-10,36,3,8,2,0,27.1,0,133,22,0.0,111,0,0
2024-07-11,37,3,8,3,0,25.1,0,111,23,0.0,88,0,0
2024-07-12,38,3,8,4,0,29.4,0,88,25,0.0,63,0,0
2024-07-13,39,3,8,5,1,29.4,0,63,31,0.0,32,0,0
2024-07-14,40,3,8,6,1,27.3,0,32,30,0.0,2,0,0
2024-07-15,41,3,8,0,0,28.4,0,2,15,0.0,167,180,0
2024-07-16,42,3,8,1,0,28.2,0,167,16,0.0,151,0,0
2024-07-17,43,3,8,2,0,26.0,0,151,19,0.0,132,0,0
2024-07-18,44,3,8,3,0,28.6,0,132,27,0.0,105,0,0
2024-06-04,0,3,9,1,0,29.9,0,11,15,0.0,11,15,0
2024-06-05,1,3,9,2,0,30.0,0,11,17,0.0,9,15,0
2024-06-06,2,3,9,3,0,27.6,0,9,17,0.0,9,17,0
2024-06-07,3,3,9,4,0,30.6,0,9,17,0.0,9,17,0
2024-06-08,4,3,9,5,1,28.7,0,9,16,0.0,10,17,0
2024-06-09,5,3,9,6,1,22.7,0,10,22,0.0,4,16,0
2024-06-10,6,3,9,0,0,27.9,0,4,16,0.0,10,22,0
2024-06-11,7,3,9,1,0,27.6,0,10,24,0.0,2,16,0
2024-06-12,8,3,9,2,0,26.3,0,2,22,0.0,4,24,0
2024-06-13,9,3,9,3,0,27.7,0,4,19,0.0,7,22,0
2024-06-14,10,3,9,4,0,27.5,0,7,11,0.0,15,19,0
2024-06-15,11,3,9,5,1,28.7,0,15,20,0.0,6,11,0
2024-06-16,12,3,9,6,1,29.8,0,6,15,0.0,11,20,0
2024-06-17,13,3,9,0,0,27.8,0,11,12,0.0,14,15,0
2024-06-18,14,3,9,1,0,27.9,0,14,22,0.0,4,12,0
2024-06-19,15,3,9,2,0,24.7,0,4,15,0.0,11,22,0
2024-06-20,16,3,9,3,0,28.2,0,11,13,0.0,13,15,0
2024-06-21,17,3,9,4,0,27.4,0,13,14,0.0,12,13,0
2024-06-22,18,3,9,5,1,29.5,0,12,22,0.0,4,14,0
2024-06-23,19,3,9,6,1,31.1,0,4,22,0.0,4,22,0
2024-06-24,20,3,9,0,0,28.2,0,4,24,0.0,2,22,0
2024-06-25,21,3,9,1,0,28.6,0,2,15,0.0,11,24,0
2024-06-26,22,3,9,2,0,26.0,0,11,17,0.0,9,15,0
2024-06-27,23,3,9,3,0,27.2,0,9,19,0.0,7,17,0
2024-06-28,24,3,9,4,0,31.2,0,7,18,0.0,8,19,0
2024-06-29,25,3,9,5,1,27.8,0,8,20,0.0,6,18,0
2024-06-30,26,3,9,6,1,27.4,0,6,17,0.0,9,20,0
2024-07-01,27,3,9,0,0,29.5,0,9,14,0.0,12,17,0
2024-07-02,28,3,9,1,0,28.0,0,12,21,0.0,5,14,0
2024-07-03,29,3,9,2,0,27.3,0,5,16,0.0,10,21,0
2024-07-04,30,3,9,3,0,28.6,0,10,25,0.0,1,16,0
2024-07-05,31,3,9,4,0,27.6,0,1,24,0.0,2,25,0
2024-07-06,32,3,9,5,1,29.8,0,2,8,0.0,18,24,0
2024-07-07,33,3,9,6,1,27.0,0,18,25,0.0,1,8,0
2024-07-08,34,3,9,0,0,28.7,0,1,7,0.0,19,25,0
2024-07-09,35,3,9,1,0,31.4,0,19,20,0.0,6,7,0
2024-07-10,36,3,9,2,0,27.1,0,6,15,0.0,11,20,0
2024-07-11,37,3,9,3,0,25.1,0,11,17,0.0,9,15,0
2024-07-12,38,3,9,4,0,29.4,0,9,12,0.0,14,17,0
2024-07-13,39,3,9,5,1,29.4,0,14,19,0.0,7,12,0
2024-07-14,40,3,9,6,1,27.3,0,7,12,0.0,14,19,0
2024-07-15,41,3,9,0,0,28.4,0,14,18,0.0,8,12,0
2024-07-16,42,3,9,1,0,28.2,0,8,26,0.0,0,18,0
2024-07-17,43,3,9,2,0,26.0,0,0,18,0.0,8,26,0
2024-07-18,44,3,9,3,0,28.6,0,8,23,0.0,3,18,0
2024-06-04,0,3,10,1,0,29.9,0,96,9,0.0,87,0,0
2024-06-05,1,3,10,2,0,30.0,0,87,21,0.0,66,0,0
2024-06-06,2,3,10,3,0,27.6,0,66,15,0.0,51,0,0
2024-06-07,3,3,10,4,0,30.6,0,51,12,0.0,39,0,0
2024-06-08,4,3,10,5,1,28.7,0,39,16,0.0,23,0,0
2024-06-09,5,3,10,6,1,22.7,0,23,16,0.0,7,0,0
2024-06-10,6,3,10,0,0,27.9,0,7,11,0.0,94,98,0
2024-06-11,7,3,10,1,0,27.6,0,94,9,0.0,85,0,0
2024-06-12,8,3,10,2,0,26.3,0,85,11,0.0,74,0,0
2024-06-13,9,3,10,3,0,27.7,0,74,14,0.0,60,0,0
2024-06-14,10,3,10,4,0,27.5,0,60,15,0.0,45,0,0
2024-06-15,11,3,10,5,1,28.7,0,45,17,0.0,28,0,0
2024-06-16,12,3,10,6,1,29.8,0,28,18,0.0,10,0,0
2024-06-17,13,3,10,0,0,27.8,0,10,15,0.0,90,95,0
2024-06-18,14,3,10,1,0,27.9,0,90,12,0.0,78,0,0
2024-06-19,15,3,10,2,0,24.7,0,78,17,0.0,61,0,0
2024-06-20,16,3,10,3,0,28.2,0,61,12,0.0,49,0,0
2024-06-21,17,3,10,4,0,27.4,0,49,13,0.0,36,0,0
2024-06-22,18,3,10,5,1,29.5,0,36,14,0.0,22,0,0
2024-06-23,19,3,10,6,1,31.1,0,22,15,0.0,7,0,0
2024-06-24,20,3,10,0,0,28.2,0,7,13,0.0,92,98,0
2024-06-25,21,3,10,1,0,28.6,0,92,15,0.0,77,0,0
2024-06-26,22,3,10,2,0,26.0,0,77,11,0.0,66,0,0
2024-06-27,23,3,10,3,0,27.2,0,66,9,0.0,57,0,0
2024-06-28,24,3,10,4,0,31.2,0,57,10,0.0,47,0,0
2024-06-29,25,3,10,5,1,27.8,0,47,12,0.0,35,0,0
2024-06-30,26,3,10,6,1,27.4,0,35,19,0.0,16,0,0
2024-07-01,27,3,10,0,0,29.5,0,16,15,0.0,90,89,0
2024-07-02,28,3,10,1,0,28.0,0,90,14,0.0,76,0,0
2024-07-03,29,3,10,2,0,27.3,0,76,18,0.0,58,0,0
2024-07-04,30,3,10,3,0,28.6,0,58,20,0.0,38,0,0
2024-07-05,31,3,10,4,0,27.6,0,38,10,0.0,28,0,0
2024-07-06,32,3,10,5,1,29.8,0,28,14,0.0,14,0,0
2024-07-07,33,3,10,6,1,27.0,0,14,14,0.0,0,0,0
2024-07-08,34,3,10,0,0,28.7,0,0,12,0.0,93,105,0
2024-07-09,35,3,10,1,0,31.4,0,93,19,0.0,74,0,0
2024-07-10,36,3,10,2,0,27.1,0,74,15,0.0,59,0,0
2024-07-11,37,3,10,3,0,25.1,0,59,12,0.0,47,0,0
2024-07-12,38,3,10,4,0,29.4,0,47,12,0.0,35,0,0
2024-07-13,39,3,10,5,1,29.4,0,35,15,0.0,20,0,0
2024-07-14,40,3,10,6,1,27.3,0,20,16,0.0,4,0,0
2024-07-15,41,3,10,0,0,28.4,0,4,12,0.0,93,101,0
2024-07-16,42,3,10,1,0,28.2,0,93,16,0.0,77,0,0
2024-07-17,43,3,10,2,0,26.0,0,77,10,0.0,67,0,0
2024-07-18,44,3,10,3,0,28.6,0,67,11,0.0,56,0,0
2024-06-04,0,3,11,1,0,29.9,0,100,16,0.0,84,0,0
2024-06-05,1,3,11,2,0,30.0,0,84,17,0.0,67,0,0
2024-06-06,2,3,11,3,0,27.6,0,67,10,0.0,57,0,0
2024-06-07,3,3,11,4,0,30.6,0,57,21,0.0,36,0,0
2024-06-08,4,3,11,5,1,28.7,0,36,9,0.0,27,0,0
2024-06-09,5,3,11,6,1,22.7,0,27,18,0.0,9,0,0
2024-06-10,6,3,11,0,0,27.9,0,9,15,0.0,96,102,0
2024-06-11,7,3,11,1,0,27.6,0,96,13,0.0,83,0,0
2024-06-12,8,3,11,2,0,26.3,0,83,12,0.0,71,0,0
2024-06-13,9,3,11,3,0,27.7,0,71,13,0.0,58,0,0
2024-06-14,10,3,11,4,0,27.5,0,58,17,0.0,41,0,0
2024-06-15,11,3,11,5,1,28.7,0,41,17,0.0,24,0,0
2024-06-16,12,3,11,6,1,29.8,0,24,20,0.0,4,0,0
2024-06-17,13,3,11,0,0,27.8,0,4,9,0.0,102,107,0
2024-06-18,14,3,11,1,0,27.9,0,102,9,0.0,93,0,0
2024-06-19,15,3,11,2,0,24.7,0,93,12,0.0,81,0,0
2024-06-20,16,3,11,3,0,28.2,0,81,15,0.0,66,0,0
2024-06-21,17,3,11,4,0,27.4,0,66,12,0.0,54,0,0
2024-06-22,18,3,11,5,1,29.5,0,54,16,0.0,38,0,0
2024-06-23,19,3,11,6,1,31.1,0,38,15,0.0,23,0,0
2024-06-24,20,3,11,0,0,28.2,0,23,9,0.0,102,88,0
2024-06-25,21,3,11,1,0,28.6,0,102,14,0.0,88,0,0
2024-06-26,22,3,11,2,0,26.0,0,88,13,0.0,75,0,0
2024-06-27,23,3,11,3,0,27.2,0,75,17,0.0,58,0,0
2024-06-28,24,3,11,4,0,31.2,0,58,14,0.0,44,0,0
2024-06-29,25,3,11,5,1,27.8,0,44,14,0.0,30,0,0
2024-06-30,26,3,11,6,1,27.4,0,30,16,0.0,14,0,0
2024-07-01,27,3,11,0,0,29.5,0,14,11,0.0,100,97,0
2024-07-02,28,3,11,1,0,28.0,0,100,14,0.0,86,0,0
2024-07-03,29,3,11,2,0,27.3,0,86,17,0.0,69,0,0
2024-07-04,30,3,11,3,0,28.6,0,69,13,0.0,56,0,0
2024-07-05,31,3,11,4,0,27.6,0,56,12,0.0,44,0,0
2024-07-06,32,3,11,5,1,29.8,0,44,13,0.0,31,0,0
2024-07-07,33,3,11,6,1,27.0,0,31,15,0.0,16,0,0
2024-07-08,34,3,11,0,0,28.7,0,16,16,0.0,95,95,0
2024-07-09,35,3,11,1,0,31.4,0,95,13,0.0,82,0,0
2024-07-10,36,3,11,2,0,27.1,0,82,16,0.0,66,0,0
2024-07-11,37,3,11,3,0,25.1,0,66,12,0.0,54,0,0
2024-07-12,38,3,11,4,0,29.4,0,54,17,0.0,37,0,0
2024-07-13,39,3,11,5,1,29.4,0,37,21,0.0,16,0,0
2024-07-14,40,3,11,6,1,27.3,0,16,16,0.0,0,0,0
2024-07-15,41,3,11,0,0,28.4,0,0,23,0.0,88,111,0
2024-07-16,42,3,11,1,0,28.2,0,88,8,0.0,80,0,0
2024-07-17,43,3,11,2,0,26.0,0,80,23,0.0,57,0,0
2024-07-18,44,3,11,3,0,28.6,0,57,8,0.0,49,0,0
2024-06-04,0,3,12,1,0,29.9,0,11,9,0.0,85,83,0
2024-06-05,1,3,12,2,0,30.0,0,85,13,0.0,72,0,0
2024-06-06,2,3,12,3,0,27.6,0,72,15,0.0,57,0,0
2024-06-07,3,3,12,4,0,30.6,0,57,14,0.0,43,0,0
2024-06-08,4,3,12,5,1,28.7,0,43,17,0.0,26,0,0
2024-06-09,5,3,12,6,1,22.7,0,26,15,0.0,79,68,0
2024-06-10,6,3,12,0,0,27.9,0,79,16,0.0,63,0,0
2024-06-11,7,3,12,1,0,27.6,0,63,16,0.0,47,0,0
2024-06-12,8,3,12,2,0,26.3,0,47,14,0.0,33,0,0
2024-06-13,9,3,12,3,0,27.7,0,33,18,0.0,15,0,0
2024-06-14,10,3,12,4,0,27.5,0,15,15,0.0,79,79,0
2024-06-15,11,3,12,5,1,28.7,0,79,15,0.0,64,0,0
2024-06-16,12,3,12,6,1,29.8,0,64,14,0.0,50,0,0
2024-06-17,13,3,12,0,0,27.8,0,50,12,0.0,38,0,0
2024-06-18,14,3,12,1,0,27.9,0,38,15,0.0,23,0,0
2024-06-19,15,3,12,2,0,24.7,0,23,17,0.0,77,71,0
2024-06-20,16,3,12,3,0,28.2,0,77,16,0.0,61,0,0
2024-06-21,17,3,12,4,0,27.4,0,61,6,0.0,55,0,0
2024-06-22,18,3,12,5,1,29.5,0,55,18,0.0,37,0,0
2024-06-23,19,3,12,6,1,31.1,0,37,13,0.0,24,0,0
2024-06-24,20,3,12,0,0,28.2,0,24,18,0.0,76,70,0
2024-06-25,21,3,12,1,0,28.6,0,76,25,0.0,51,0,0
2024-06-26,22,3,12,2,0,26.0,0,51,13,0.0,38,0,0
2024-06-27,23,3,12,3,0,27.2,0,38,19,0.0,19,0,0
2024-06-28,24,3,12,4,0,31.2,0,19,19,0.0,0,0,0
2024-06-29,25,3,12,5,1,27.8,0,0,9,0.0,85,94,0
2024-06-30,26,3,12,6,1,27.4,0,85,17,0.0,68,0,0
2024-07-01,27,3,12,0,0,29.5,0,68,13,0.0,55,0,0
2024-07-02,28,3,12,1,0,28.0,0,55,10,0.0,45,0,0
2024-07-03,29,3,12,2,0,27.3,0,45,16,0.0,29,0,0
2024-07-04,30,3,12,3,0,28.6,0,29,18,0.0,76,65,0
2024-07-05,31,3,12,4,0,27.6,0,76,13,0.0,63,0,0
2024-07-06,32,3,12,5,1,29.8,0,63,13,0.0,50,0,0
2024-07-07,33,3,12,6,1,27.0,0,50,15,0.0,35,0,0
2024-07-08,34,3,12,0,0,28.7,0,35,18,0.0,17,0,0
2024-07-09,35,3,12,1,0,31.4,0,17,20,0.0,74,77,0
2024-07-10,36,3,12,2,0,27.1,0,74,23,0.0,51,0,0
2024-07-11,37,3,12,3,0,25.1,0,51,14,0.0,37,0,0
2024-07-12,38,3,12,4,0,29.4,0,37,16,0.0,21,0,0
2024-07-13,39,3,12,5,1,29.4,0,21,15,0.0,6,0,0
2024-07-14,40,3,12,6,1,27.3,0,6,17,0.0,77,88,0
2024-07-15,41,3,12,0,0,28.4,0,77,13,0.0,64,0,0
2024-07-16,42,3,12,1,0,28.2,0,64,21,0.0,43,0,0
2024-07-17,43,3,12,2,0,26.0,0,43,14,0.0,29,0,0
2024-07-18,44,3,12,3,0,28.6,0,29,11,0.0,18,0,0
2024-06-04,0,4,1,1,0,29.9,0,150,31,0.0,119,0,0
2024-06-05,1,4,1,2,0,30.0,0,119,21,0.0,98,0,0
2024-06-06,2,4,1,3,0,27.6,0,98,21,0.0,77,0,0
2024-06-07,3,4,1,4,0,30.6,0,77,27,0.0,50,0,0
2024-06-08,4,4,1,5,1,28.7,0,50,19,0.0,31,0,0
2024-06-09,5,4,1,6,1,22.7,0,31,15,0.0,16,0,0
2024-06-10,6,4,1,0,0,27.9,0,16,19,0.0,157,160,0
2024-06-11,7,4,1,1,0,27.6,0,157,20,0.0,137,0,0
2024-06-12,8,4,1,2,0,26.3,0,137,27,0.0,110,0,0
2024-06-13,9,4,1,3,0,27.7,0,110,21,0.0,89,0,0
2024-06-14,10,4,1,4,0,27.5,0,89,17,0.0,72,0,0
2024-06-15,11,4,1,5,1,28.7,0,72,24,0.0,48,0,0
2024-06-16,12,4,1,6,1,29.8,0,48,30,0.0,18,0,0
2024-06-17,13,4,1,0,0,27.8,0,18,18,0.0,158,158,0
2024-06-18,14,4,1,1,0,27.9,0,158,28,0.0,130,0,0
2024-06-19,15,4,1,2,0,24.7,0,130,19,0.0,111,0,0
2024-06-20,16,4,1,3,0,28.2,0,111,29,0.0,82,0,0
2024-06-21,17,4,1,4,0,27.4,0,82,16,0.0,66,0,0
2024-06-22,18,4,1,5,1,29.5,0,66,29,0.0,37,0,0
2024-06-23,19,4,1,6,1,31.1,0,37,27,0.0,10,0,0
2024-06-24,20,4,1,0,0,28.2,0,10,19,0.0,157,166,0
2024-06-25,21,4,1,1,0,28.6,0,157,20,0.0,137,0,0
2024-06-26,22,4,1,2,0,26.0,0,137,23,0.0,114,0,0
2024-06-27,23,4,1,3,0,27.2,0,114,21,0.0,93,0,0
2024-06-28,24,4,1,4,0,31.2,0,93,29,0.0,64,0,0
2024-06-29,25,4,1,5,1,27.8,0,64,18,0.0,46,0,0
2024-06-30,26,4,1,6,1,27.4,0,46,33,0.0,13,0,0
2024-07-01,27,4,1,0,0,29.5,0,13,20,0.0,156,163,0
2024-07-02,28,4,1,1,0,28.0,0,156,22,0.0,134,0,0
2024-07-03,29,4,1,2,0,27.3,0,134,26,0.0,108,0,0
2024-07-04,30,4,1,3,0,28.6,0,108,22,0.0,86,0,0
2024-07-05,31,4,1,4,0,27.6,0,86,27,0.0,59,0,0
2024-07-06,32,4,1,5,1,29.8,0,59,36,0.0,23,0,0
2024-07-07,33,4,1,6,1,27.0,0,23,23,0.0,0,0,0
2024-07-08,34,4,1,0,0,28.7,0,0,22,0.0,154,176,0
2024-07-09,35,4,1,1,0,31.4,0,154,23,0.0,131,0,0
2024-07-10,36,4,1,2,0,27.1,0,131,22,0.0,109,0,0
2024-07-11,37,4,1,3,0,25.1,0,109,20,0.0,89,0,0
2024-07-12,38,4,1,4,0,29.4,0,89,21,0.0,68,0,0
2024-07-13,39,4,1,5,1,29.4,0,68,22,0.0,46,0,0
2024-07-14,40,4,1,6,1,27.3,0,46,26,0.0,20,0,0
2024-07-15,41,4,1,0,0,28.4,0,20,20,0.0,156,156,0
2024-07-16,42,4,1,1,0,28.2,0,156,25,0.0,131,0,0
2024-07-17,43,4,1,2,0,26.0,0,131,20,0.0,111,0,0
2024-07-18,44,4,1,3,0,28.6,0,111,30,0.0,81,0,0
2024-06-04,0,4,2,1,0,29.9,0,20,35,0.0,6,21,0
2024-06-05,1,4,2,2,0,30.0,0,6,16,0.0,25,35,0
2024-06-06,2,4,2,3,0,27.6,0,25,26,0.0,15,16,0
2024-06-07,3,4,2,4,0,30.6,0,15,26,0.0,15,26,0
2024-06-08,4,4,2,5,1,28.7,0,15,28,0.0,13,26,0
2024-06-09,5,4,2,6,1,22.7,0,13,19,0.0,22,28,0
2024-06-10,6,4,2,0,0,27.9,0,22,14,0.0,27,19,0
2024-06-11,7,4,2,1,0,27.6,0,27,25,0.0,16,14,0
2024-06-12,8,4,2,2,0,26.3,0,16,31,0.0,10,25,0
2024-06-13,9,4,2,3,0,27.7,0,10,29,0.0,12,31,0
2024-06-14,10,4,2,4,0,27.5,0,12,20,0.0,21,29,0
2024-06-15,11,4,2,5,1,28.7,0,21,41,0.0,0,20,0
2024-06-16,12,4,2,6,1,29.8,0,0,30,0.0,11,41,0
2024-06-17,13,4,2,0,0,27.8,0,11,32,0.0,9,30,0
2024-06-18,14,4,2,1,0,27.9,0,9,22,0.0,19,32,0
2024-06-19,15,4,2,2,0,24.7,0,19,19,0.0,22,22,0
2024-06-20,16,4,2,3,0,28.2,0,22,23,0.0,18,19,0
2024-06-21,17,4,2,4,0,27.4,0,18,25,0.0,16,23,0
2024-06-22,18,4,2,5,1,29.5,0,16,29,0.0,12,25,0
2024-06-23,19,4,2,6,1,31.1,0,12,23,0.0,18,29,0
2024-06-24,20,4,2,0,0,28.2,0,18,22,0.0,19,23,0
2024-06-25,21,4,2,1,0,28.6,0,19,27,0.0,14,22,0
2024-06-26,22,4,2,2,0,26.0,0,14,29,0.0,12,27,0
2024-06-27,23,4,2,3,0,27.2,0,12,24,0.0,17,29,0
2024-06-28,24,4,2,4,0,31.2,0,17,25,0.0,16,24,0
2024-06-29,25,4,2,5,1,27.8,0,16,19,0.0,22,25,0
2024-06-30,26,4,2,6,1,27.4,0,22,33,0.0,8,19,0
2024-07-01,27,4,2,0,0,29.5,0,8,19,0.0,22,33,0
2024-07-02,28,4,2,1,0,28.0,0,22,26,0.0,15,19,0
2024-07-03,29,4,2,2,0,27.3,0,15,18,0.0,23,26,0
2024-07-04,30,4,2,3,0,28.6,0,23,18,0.0,23,18,0
2024-07-05,31,4,2,4,0,27.6,0,23,25,0.0,16,18,0
2024-07-06,32,4,2,5,1,29.8,0,16,26,0.0,15,25,0
2024-07-07,33,4,2,6,1,27.0,0,15,22,0.0,19,26,0
2024-07-08,34,4,2,0,0,28.7,0,19,16,0.0,25,22,0
2024-07-09,35,4,2,1,0,31.4,0,25,32,0.0,9,16,0
2024-07-10,36,4,2,2,0,27.1,0,9,28,0.0,13,32,0
2024-07-11,37,4,2,3,0,25.1,0,13,21,0.0,20,28,0
2024-07-12,38,4,2,4,0,29.4,0,20,25,0.0,16,21,0
2024-07-13,39,4,2,5,1,29.4,0,16,23,0.0,18,25,0
2024-07-14,40,4,2,6,1,27.3,0,18,28,0.0,13,23,0
2024-07-15,41,4,2,0,0,28.4,0,13,26,0.0,15,28,0
2024-07-16,42,4,2,1,0,28.2,0,15,23,0.0,18,26,0
2024-07-17,43,4,2,2,0,26.0,0,18,16,0.0,25,23,0
2024-07-18,44,4,2,3,0,28.6,0,25,16,0.0,25,16,0
2024-06-04,0,4,3,1,0,29.9,0,147,23,0.0,124,0,0
2024-06-05,1,4,3,2,0,30.0,0,124,15,0.0,109,0,0
2024-06-06,2,4,3,3,0,27.6,0,109,26,0.0,83,0,0
2024-06-07,3,4,3,4,0,30.6,0,83,22,0.0,61,0,0
2024-06-08,4,4,3,5,1,28.7,0,61,19,0.0,42,0,0
2024-06-09,5,4,3,6,1,22.7,0,42,20,0.0,22,0,0
2024-06-10,6,4,3,0,0,27.9,0,22,21,0.0,149,148,0
2024-06-11,7,4,3,1,0,27.6,0,149,23,0.0,126,0,0
2024-06-12,8,4,3,2,0,26.3,0,126,20,0.0,106,0,0
2024-06-13,9,4,3,3,0,27.7,0,106,23,0.0,83,0,0
2024-06-14,10,4,3,4,0,27.5,0,83,14,0.0,69,0,0
2024-06-15,11,4,3,5,1,28.7,0,69,27,0.0,42,0,0
2024-06-16,12,4,3,6,1,29.8,0,42,42,0.0,0,0,0
2024-06-17,13,4,3,0,0,27.8,0,0,26,0.0,144,170,0
2024-06-18,14,4,3,1,0,27.9,0,144,19,0.0,125,0,0
2024-06-19,15,4,3,2,0,24.7,0,125,17,0.0,108,0,0
2024-06-20,16,4,3,3,0,28.2,0,108,19,0.0,89,0,0
2024-06-21,17,4,3,4,0,27.4,0,89,13,0.0,76,0,0
2024-06-22,18,4,3,5,1,29.5,0,76,32,0.0,44,0,0
2024-06-23,19,4,3,6,1,31.1,0,44,26,0.0,18,0,0
2024-06-24,20,4,3,0,0,28.2,0,18,16,0.0,154,152,0
2024-06-25,21,4,3,1,0,28.6,0,154,21,0.0,133,0,0
2024-06-26,22,4,3,2,0,26.0,0,133,24,0.0,109,0,0
2024-06-27,23,4,3,3,0,27.2,0,109,22,0.0,87,0,0
2024-06-28,24,4,3,4,0,31.2,0,87,24,0.0,63,0,0
2024-06-29,25,4,3,5,1,27.8,0,63,29,0.0,34,0,0
2024-06-30,26,4,3,6,1,27.4,0,34,27,0.0,7,0,0
2024-07-01,27,4,3,0,0,29.5,0,7,21,0.0,149,163,0
2024-07-02,28,4,3,1,0,28.0,0,149,24,0.0,125,0,0
2024-07-03,29,4,3,2,0,27.3,0,125,25,0.0,100,0,0
2024-07-04,30,4,3,3,0,28.6,0,100,25,0.0,75,0,0
2024-07-05,31,4,3,4,0,27.6,0,75,18,0.0,57,0,0
2024-07-06,32,4,3,5,1,29.8,0,57,29,0.0,28,0,0
2024-07-07,33,4,3,6,1,27.0,0,28,25,0.0,3,0,0
2024-07-08,34,4,3,0,0,28.7,0,3,20,0.0,150,167,0
2024-07-09,35,4,3,1,0,31.4,0,150,25,0.0,125,0,0
2024-07-10,36,4,3,2,0,27.1,0,125,18,0.0,107,0,0
2024-07-11,37,4,3,3,0,25.1,0,107,17,0.0,90,0,0
2024-07-12,38,4,3,4,0,29.4,0,90,24,0.0,66,0,0
2024-07-13,39,4,3,5,1,29.4,0,66,16,0.0,50,0,0
2024-07-14,40,4,3,6,1,27.3,0,50,18,0.0,32,0,0
2024-07-15,41,4,3,0,0,28.4,0,32,14,0.0,156,138,0
2024-07-16,42,4,3,1,0,28.2,0,156,23,0.0,133,0,0
2024-07-17,43,4,3,2,0,26.0,0,133,10,0.0,123,0,0
2024-07-18,44,4,3,3,0,28.6,0,123,23,0.0,100,0,0
2024-06-04,0,4,4,1,0,29.9,0,93,15,0.0,78,0,0
2024-06-05,1,4,4,2,0,30.0,0,78,14,0.0,64,0,0
2024-06-06,2,4,4,3,0,27.6,0,64,11,0.0,53,0,0
2024-06-07,3,4,4,4,0,30.6,0,53,8,0.0,45,0,0
2024-06-08,4,4,4,5,1,28.7,0,45,12,0.0,33,0,0
2024-06-09,5,4,4,6,1,22.7,0,33,19,0.0,14,0,0
2024-06-10,6,4,4,0,0,27.9,0,14,12,0.0,96,94,0
2024-06-11,7,4,4,1,0,27.6,0,96,18,0.0,78,0,0
2024-06-12,8,4,4,2,0,26.3,0,78,9,0.0,69,0,0
2024-06-13,9,4,4,3,0,27.7,0,69,20,0.0,49,0,0
2024-06-14,10,4,4,4,0,27.5,0,49,16,0.0,33,0,0
2024-06-15,11,4,4,5,1,28.7,0,33,16,0.0,17,0,0
2024-06-16,12,4,4,6,1,29.8,0,17,17,0.0,0,0,0
2024-06-17,13,4,4,0,0,27.8,0,0,6,0.0,102,108,0
2024-06-18,14,4,4,1,0,27.9,0,102,17,0.0,85,0,0
2024-06-19,15,4,4,2,0,24.7,0,85,8,0.0,77,0,0
2024-06-20,16,4,4,3,0,28.2,0,77,14,0.0,63,0,0
2024-06-21,17,4,4,4,0,27.4,0,63,17,0.0,46,0,0
2024-06-22,18,4,4,5,1,29.5,0,46,19,0.0,27,0,0
2024-06-23,19,4,4,6,1,31.1,0,27,9,0.0,18,0,0
2024-06-24,20,4,4,0,0,28.2,0,18,22,0.0,86,90,0
2024-06-25,21,4,4,1,0,28.6,0,86,13,0.0,73,0,0
2024-06-26,22,4,4,2,0,26.0,0,73,8,0.0,65,0,0
2024-06-27,23,4,4,3,0,27.2,0,65,12,0.0,53,0,0
2024-06-28,24,4,4,4,0,31.2,0,53,7,0.0,46,0,0
2024-06-29,25,4,4,5,1,27.8,0,46,9,0.0,37,0,0
2024-06-30,26,4,4,6,1,27.4,0,37,8,0.0,29,0,0
2024-07-01,27,4,4,0,0,29.5,0,29,13,0.0,95,79,0
2024-07-02,28,4,4,1,0,28.0,0,95,13,0.0,82,0,0
2024-07-03,29,4,4,2,0,27.3,0,82,18,0.0,64,0,0
2024-07-04,30,4,4,3,0,28.6,0,64,9,0.0,55,0,0
2024-07-05,31,4,4,4,0,27.6,0,55,14,0.0,41,0,0
2024-07-06,32,4,4,5,1,29.8,0,41,18,0.0,23,0,0
2024-07-07,33,4,4,6,1,27.0,0,23,21,0.0,2,0,0
2024-07-08,34,4,4,0,0,28.7,0,2,15,0.0,93,106,0
2024-07-09,35,4,4,1,0,31.4,0,93,18,0.0,75,0,0
2024-07-10,36,4,4,2,0,27.1,0,75,9,0.0,66,0,0
2024-07-11,37,4,4,3,0,25.1,0,66,16,0.0,50,0,0
2024-07-12,38,4,4,4,0,29.4,0,50,14,0.0,36,0,0
2024-07-13,39,4,4,5,1,29.4,0,36,8,0.0,28,0,0
2024-07-14,40,4,4,6,1,27.3,0,28,11,0.0,17,0,0
2024-07-15,41,4,4,0,0,28.4,0,17,12,0.0,96,91,0
2024-07-16,42,4,4,1,0,28.2,0,96,16,0.0,80,0,0
2024-07-17,43,4,4,2,0,26.0,0,80,13,0.0,67,0,0
2024-07-18,44,4,4,3,0,28.6,0,67,13,0.0,54,0,0
2024-06-04,0,4,5,1,0,29.9,0,58,9,0.0,49,0,0
2024-06-05,1,4,5,2,0,30.0,0,49,10,0.0,39,0,0
2024-06-06,2,4,5,3,0,27.6,0,39,7,0.0,32,0,0
2024-06-07,3,4,5,4,0,30.6,0,32,15,0.0,17,0,0
2024-06-08,4,4,5,5,1,28.7,0,17,11,0.0,6,0,0
2024-06-09,5,4,5,6,1,22.7,0,6,6,0.0,0,0,0
2024-06-10,6,4,5,0,0,27.9,0,0,11,0.0,58,69,0
2024-06-11,7,4,5,1,0,27.6,0,58,3,0.0,55,0,0
2024-06-12,8,4,5,2,0,26.3,0,55,7,0.0,48,0,0
2024-06-13,9,4,5,3,0,27.7,0,48,7,0.0,41,0,0
2024-06-14,10,4,5,4,0,27.5,0,41,17,0.0,24,0,0
2024-06-15,11,4,5,5,1,28.7,0,24,4,0.0,20,0,0
2024-06-16,12,4,5,6,1,29.8,0,20,8,0.0,12,0,0
2024-06-17,13,4,5,0,0,27.8,0,12,7,0.0,62,57,0
2024-06-18,14,4,5,1,0,27.9,0,62,9,0.0,53,0,0
2024-06-19,15,4,5,2,0,24.7,0,53,6,0.0,47,0,0
2024-06-20,16,4,5,3,0,28.2,0,47,10,0.0,37,0,0
2024-06-21,17,4,5,4,0,27.4,0,37,4,0.0,33,0,0
2024-06-22,18,4,5,5,1,29.5,0,33,16,0.0,17,0,0
2024-06-23,19,4,5,6,1,31.1,0,17,10,0.0,7,0,0
2024-06-24,20,4,5,0,0,28.2,0,7,7,0.0,62,62,0
2024-06-25,21,4,5,1,0,28.6,0,62,10,0.0,52,0,0
2024-06-26,22,4,5,2,0,26.0,0,52,4,0.0,48,0,0
2024-06-27,23,4,5,3,0,27.2,0,48,10,0.0,38,0,0
2024-06-28,24,4,5,4,0,31.2,0,38,8,0.0,30,0,0
2024-06-29,25,4,5,5,1,27.8,0,30,11,0.0,19,0,0
2024-06-30,26,4,5,6,1,27.4,0,19,8,0.0,11,0,0
2024-07-01,27,4,5,0,0,29.5,0,11,7,0.0,62,58,0
2024-07-02,28,4,5,1,0,28.0,0,62,7,0.0,55,0,0
2024-07-03,29,4,5,2,0,27.3,0,55,8,0.0,47,0,0
2024-07-04,30,4,5,3,0,28.6,0,47,11,0.0,36,0,0
2024-07-05,31,4,5,4,0,27.6,0,36,13,0.0,23,0,0
2024-07-06,32,4,5,5,1,29.8,0,23,8,0.0,15,0,0
2024-07-07,33,4,5,6,1,27.0,0,15,6,0.0,9,0,0
2024-07-08,34,4,5,0,0,28.7,0,9,6,0.0,63,60,0
2024-07-09,35,4,5,1,0,31.4,0,63,11,0.0,52,0,0
2024-07-10,36,4,5,2,0,27.1,0,52,7,0.0,45,0,0
2024-07-11,37,4,5,3,0,25.1,0,45,4,0.0,41,0,0
2024-07-12,38,4,5,4,0,29.4,0,41,3,0.0,38,0,0
2024-07-13,39,4,5,5,1,29.4,0,38,10,0.0,28,0,0
2024-07-14,40,4,5,6,1,27.3,0,28,11,0.0,17,0,0
2024-07-15,41,4,5,0,0,28.4,0,17,2,0.0,67,52,0
2024-07-16,42,4,5,1,0,28.2,0,67,9,0.0,58,0,0
2024-07-17,43,4,5,2,0,26.0,0,58,13,0.0,45,0,0
2024-07-18,44,4,5,3,0,28.6,0,45,3,0.0,42,0,0
2024-06-04,0,4,6,1,0,29.9,0,55,11,0.0,44,0,0
2024-06-05,1,4,6,2,0,30.0,0,44,11,0.0,33,0,0
2024-06-06,2,4,6,3,0,27.6,0,33,10,0.0,23,0,0
2024-06-07,3,4,6,4,0,30.6,0,23,5,0.0,18,0,0
2024-06-08,4,4,6,5,1,28.7,0,18,7,0.0,11,0,0
2024-06-09,5,4,6,6,1,22.7,0,11,11,0.0,0,0,0
2024-06-10,6,4,6,0,0,27.9,0,0,10,0.0,52,62,0
2024-06-11,7,4,6,1,0,27.6,0,52,4,0.0,48,0,0
2024-06-12,8,4,6,2,0,26.3,0,48,5,0.0,43,0,0
2024-06-13,9,4,6,3,0,27.7,0,43,9,0.0,34,0,0
2024-06-14,10,4,6,4,0,27.5,0,34,9,0.0,25,0,0
2024-06-15,11,4,6,5,1,28.7,0,25,9,0.0,16,0,0
2024-06-16,12,4,6,6,1,29.8,0,16,9,0.0,7,0,0
2024-06-17,13,4,6,0,0,27.8,0,7,9,0.0,53,55,0
2024-06-18,14,4,6,1,0,27.9,0,53,10,0.0,43,0,0
2024-06-19,15,4,6,2,0,24.7,0,43,6,0.0,37,0,0
2024-06-20,16,4,6,3,0,28.2,0,37,4,0.0,33,0,0
2024-06-21,17,4,6,4,0,27.4,0,33,2,0.0,31,0,0
2024-06-22,18,4,6,5,1,29.5,0,31,9,0.0,22,0,0
2024-06-23,19,4,6,6,1,31.1,0,22,9,0.0,13,0,0
2024-06-24,20,4,6,0,0,28.2,0,13,10,0.0,52,49,0
2024-06-25,21,4,6,1,0,28.6,0,52,12,0.0,40,0,0
2024-06-26,22,4,6,2,0,26.0,0,40,4,0.0,36,0,0
2024-06-27,23,4,6,3,0,27.2,0,36,7,0.0,29,0,0
2024-06-28,24,4,6,4,0,31.2,0,29,4,0.0,25,0,0
2024-06-29,25,4,6,5,1,27.8,0,25,9,0.0,16,0,0
2024-06-30,26,4,6,6,1,27.4,0,16,7,0.0,9,0,0
2024-07-01,27,4,6,0,0,29.5,0,9,6,0.0,56,53,0
2024-07-02,28,4,6,1,0,28.0,0,56,8,0.0,48,0,0
2024-07-03,29,4,6,2,0,27.3,0,48,3,0.0,45,0,0
2024-07-04,30,4,6,3,0,28.6,0,45,6,0.0,39,0,0
2024-07-05,31,4,6,4,0,27.6,0,39,5,0.0,34,0,0
2024-07-06,32,4,6,5,1,29.8,0,34,10,0.0,24,0,0
2024-07-07,33,4,6,6,1,27.0,0,24,6,0.0,18,0,0
2024-07-08,34,4,6,0,0,28.7,0,18,7,0.0,55,44,0
2024-07-09,35,4,6,1,0,31.4,0,55,7,0.0,48,0,0
2024-07-10,36,4,6,2,0,27.1,0,48,5,0.0,43,0,0
2024-07-11,37,4,6,3,0,25.1,0,43,8,0.0,35,0,0
2024-07-12,38,4,6,4,0,29.4,0,35,14,0.0,21,0,0
2024-07-13,39,4,6,5,1,29.4,0,21,9,0.0,12,0,0
2024-07-14,40,4,6,6,1,27.3,0,12,11,0.0,1,0,0
2024-07-15,41,4,6,0,0,28.4,0,1,7,0.0,55,61,0
2024-07-16,42,4,6,1,0,28.2,0,55,8,0.0,47,0,0
2024-07-17,43,4,6,2,0,26.0,0,47,9,0.0,38,0,0
2024-07-18,44,4,6,3,0,28.6,0,38,10,0.0,28,0,0
2024-06-04,0,4,7,1,0,29.9,0,31,4,0.0,27,0,0
2024-06-05,1,4,7,2,0,30.0,0,27,5,0.0,22,0,0
2024-06-06,2,4,7,3,0,27.6,0,22,7,0.0,15,0,0
2024-06-07,3,4,7,4,0,30.6,0,15,4,0.0,11,0,0
2024-06-08,4,4,7,5,1,28.7,0,11,3,0.0,8,0,0
2024-06-09,5,4,7,6,1,22.7,0,8,4,0.0,4,0,0
2024-06-10,6,4,7,0,0,27.9,0,4,5,0.0,33,34,0
2024-06-11,7,4,7,1,0,27.6,0,33,2,0.0,31,0,0
2024-06-12,8,4,7,2,0,26.3,0,31,10,0.0,21,0,0
2024-06-13,9,4,7,3,0,27.7,0,21,5,0.0,16,0,0
2024-06-14,10,4,7,4,0,27.5,0,16,2,0.0,14,0,0
2024-06-15,11,4,7,5,1,28.7,0,14,0,0.0,14,0,0
2024-06-16,12,4,7,6,1,29.8,0,14,6,0.0,8,0,0
2024-06-17,13,4,7,0,0,27.8,0,8,5,0.0,33,30,0
2024-06-18,14,4,7,1,0,27.9,0,33,4,0.0,29,0,0
2024-06-19,15,4,7,2,0,24.7,0,29,3,0.0,26,0,0
2024-06-20,16,4,7,3,0,28.2,0,26,6,0.0,20,0,0
2024-06-21,17,4,7,4,0,27.4,0,20,6,0.0,14,0,0
2024-06-22,18,4,7,5,1,29.5,0,14,11,0.0,3,0,0
2024-06-23,19,4,7,6,1,31.1,0,3,2,0.0,1,0,0
2024-06-24,20,4,7,0,0,28.2,0,1,6,0.0,32,37,0
2024-06-25,21,4,7,1,0,28.6,0,32,2,0.0,30,0,0
2024-06-26,22,4,7,2,0,26.0,0,30,1,0.0,29,0,0
2024-06-27,23,4,7,3,0,27.2,0,29,5,0.0,24,0,0
2024-06-28,24,4,7,4,0,31.2,0,24,4,0.0,20,0,0
2024-06-29,25,4,7,5,1,27.8,0,20,14,0.0,6,0,0
2024-06-30,26,4,7,6,1,27.4,0,6,6,0.0,0,0,0
2024-07-01,27,4,7,0,0,29.5,0,0,4,0.0,34,38,0
2024-07-02,28,4,7,1,0,28.0,0,34,5,0.0,29,0,0
2024-07-03,29,4,7,2,0,27.3,0,29,5,0.0,24,0,0
2024-07-04,30,4,7,3,0,28.6,0,24,7,0.0,17,0,0
2024-07-05,31,4,7,4,0,27.6,0,17,1,0.0,16,0,0
2024-07-06,32,4,7,5,1,29.8,0,16,6,0.0,10,0,0
2024-07-07,33,4,7,6,1,27.0,0,10,9,0.0,1,0,0
2024-07-08,34,4,7,0,0,28.7,0,1,5,0.0,33,37,0
2024-07-09,35,4,7,1,0,31.4,0,33,1,0.0,32,0,0
2024-07-10,36,4,7,2,0,27.1,0,32,3,0.0,29,0,0
2024-07-11,37,4,7,3,0,25.1,0,29,6,0.0,23,0,0
2024-07-12,38,4,7,4,0,29.4,0,23,3,0.0,20,0,0
2024-07-13,39,4,7,5,1,29.4,0,20,5,0.0,15,0,0
2024-07-14,40,4,7,6,1,27.3,0,15,2,0.0,13,0,0
2024-07-15,41,4,7,0,0,28.4,0,13,8,0.0,30,25,0
2024-07-16,42,4,7,1,0,28.2,0,30,4,0.0,26,0,0
2024-07-17,43,4,7,2,0,26.0,0,26,5,0.0,21,0,0
2024-07-18,44,4,7,3,0,28.6,0,21,0,0.0,21,0,0
2024-06-04,0,4,8,1,0,29.9,0,281,43,0.0,238,0,0
2024-06-05,1,4,8,2,0,30.0,0,238,43,0.0,195,0,0
2024-06-06,2,4,8,3,0,27.6,0,195,41,0.0,154,0,0
2024-06-07,3,4,8,4,0,30.6,0,154,47,0.0,107,0,0
2024-06-08,4,4,8,5,1,28.7,0,107,51,0.0,56,0,0
2024-06-09,5,4,8,6,1,22.7,0,56,39,0.0,17,0,0
2024-06-10,6,4,8,0,0,27.9,0,17,31,0.0,295,309,0
2024-06-11,7,4,8,1,0,27.6,0,295,46,0.0,249,0,0
2024-06-12,8,4,8,2,0,26.3,0,249,38,0.0,211,0,0
2024-06-13,9,4,8,3,0,27.7,0,211,34,0.0,177,0,0
2024-06-14,10,4,8,4,0,27.5,0,177,36,0.0,141,0,0
2024-06-15,11,4,8,5,1,28.7,0,141,42,0.0,99,0,0
2024-06-16,12,4,8,6,1,29.8,0,99,49,0.0,50,0,0
2024-06-17,13,4,8,0,0,27.8,0,50,46,0.0,280,276,0
2024-06-18,14,4,8,1,0,27.9,0,280,48,0.0,232,0,0
2024-06-19,15,4,8,2,0,24.7,0,232,63,0.0,169,0,0
2024-06-20,16,4,8,3,0,28.2,0,169,33,0.0,136,0,0
2024-06-21,17,4,8,4,0,27.4,0,136,35,0.0,101,0,0
2024-06-22,18,4,8,5,1,29.5,0,101,48,0.0,53,0,0
2024-06-23,19,4,8,6,1,31.1,0,53,47,0.0,6,0,0
2024-06-24,20,4,8,0,0,28.2,0,6,38,0.0,288,320,0
2024-06-25,21,4,8,1,0,28.6,0,288,52,0.0,236,0,0
2024-06-26,22,4,8,2,0,26.0,0,236,45,0.0,191,0,0
2024-06-27,23,4,8,3,0,27.2,0,191,44,0.0,147,0,0
2024-06-28,24,4,8,4,0,31.2,0,147,46,0.0,101,0,0
2024-06-29,25,4,8,5,1,27.8,0,101,38,0.0,63,0,0
2024-06-30,26,4,8,6,1,27.4,0,63,52,0.0,11,0,0
2024-07-01,27,4,8,0,0,29.5,0,11,50,0.0,276,315,0
2024-07-02,28,4,8,1,0,28.0,0,276,45,0.0,231,0,0
2024-07-03,29,4,8,2,0,27.3,0,231,40,0.0,191,0,0
2024-07-04,30,4,8,3,0,28.6,0,191,47,0.0,144,0,0
2024-07-05,31,4,8,4,0,27.6,0,144,41,0.0,103,0,0
2024-07-06,32,4,8,5,1,29.8,0,103,50,0.0,53,0,0
2024-07-07,33,4,8,6,1,27.0,0,53,53,0.0,0,0,0
2024-07-08,34,4,8,0,0,28.7,0,0,37,0.0,289,326,0
2024-07-09,35,4,8,1,0,31.4,0,289,60,0.0,229,0,0
2024-07-10,36,4,8,2,0,27.1,0,229,38,0.0,191,0,0
2024-07-11,37,4,8,3,0,25.1,0,191,31,0.0,160,0,0
2024-07-12,38,4,8,4,0,29.4,0,160,50,0.0,110,0,0
2024-07-13,39,4,8,5,1,29.4,0,110,38,0.0,72,0,0
2024-07-14,40,4,8,6,1,27.3,0,72,51,0.0,21,0,0
2024-07-15,41,4,8,0,0,28.4,0,21,39,0.0,287,305,0
2024-07-16,42,4,8,1,0,28.2,0,287,34,0.0,253,0,0
2024-07-17,43,4,8,2,0,26.0,0,253,31,0.0,222,0,0
2024-07-18,44,4,8,3,0,28.6,0,222,42,0.0,180,0,0
2024-06-04,0,4,9,1,0,29.9,0,8,10,0.0,8,10,0
2024-06-05,1,4,9,2,0,30.0,0,8,10,0.0,8,10,0
2024-06-06,2,4,9,3,0,27.6,0,8,15,0.0,3,10,0
2024-06-07,3,4,9,4,0,30.6,0,3,16,0.0,2,15,0
2024-06-08,4,4,9,5,1,28.7,0,2,16,0.0,2,16,0
2024-06-09,5,4,9,6,1,22.7,0,2,12,0.0,6,16,0
2024-06-10,6,4,9,0,0,27.9,0,6,15,0.0,3,12,0
2024-06-11,7,4,9,1,0,27.6,0,3,8,0.0,10,15,0
2024-06-12,8,4,9,2,0,26.3,0,10,10,0.0,8,8,0
2024-06-13,9,4,9,3,0,27.7,0,8,14,0.0,4,10,0
2024-06-14,10,4,9,4,0,27.5,0,4,10,0.0,8,14,0
2024-06-15,11,4,9,5,1,28.7,0,8,10,0.0,8,10,0
2024-06-16,12,4,9,6,1,29.8,0,8,14,0.0,4,10,0
2024-06-17,13,4,9,0,0,27.8,0,4,6,0.0,12,14,0
2024-06-18,14,4,9,1,0,27.9,0,12,12,0.0,6,6,0
2024-06-19,15,4,9,2,0,24.7,0,6,14,0.0,4,12,0
2024-06-20,16,4,9,3,0,28.2,0,4,10,0.0,8,14,0
2024-06-21,17,4,9,4,0,27.4,0,8,9,0.0,9,10,0
2024-06-22,18,4,9,5,1,29.5,0,9,10,0.0,8,9,0
2024-06-23,19,4,9,6,1,31.1,0,8,8,0.0,10,10,0
2024-06-24,20,4,9,0,0,28.2,0,10,11,0.0,7,8,0
2024-06-25,21,4,9,1,0,28.6,0,7,18,0.0,0,11,0
2024-06-26,22,4,9,2,0,26.0,0,0,9,0.0,9,18,0
2024-06-27,23,4,9,3,0,27.2,0,9,13,0.0,5,9,0
2024-06-28,24,4,9,4,0,31.2,0,5,10,0.0,8,13,0
2024-06-29,25,4,9,5,1,27.8,0,8,5,0.0,13,10,0
2024-06-30,26,4,9,6,1,27.4,0,13,16,0.0,2,5,0
2024-07-01,27,4,9,0,0,29.5,0,2,7,0.0,11,16,0
2024-07-02,28,4,9,1,0,28.0,0,11,14,0.0,4,7,0
2024-07-03,29,4,9,2,0,27.3,0,4,11,0.0,7,14,0
2024-07-04,30,4,9,3,0,28.6,0,7,12,0.0,6,11,0
2024-07-05,31,4,9,4,0,27.6,0,6,14,0.0,4,12,0
2024-07-06,32,4,9,5,1,29.8,0,4,11,0.0,7,14,0
2024-07-07,33,4,9,6,1,27.0,0,7,17,0.0,1,11,0
2024-07-08,34,4,9,0,0,28.7,0,1,15,0.0,3,17,0
2024-07-09,35,4,9,1,0,31.4,0,3,12,0.0,6,15,0
2024-07-10,36,4,9,2,0,27.1,0,6,7,0.0,11,12,0
2024-07-11,37,4,9,3,0,25.1,0,11,8,0.0,10,7,0
2024-07-12,38,4,9,4,0,29.4,0,10,10,0.0,8,8,0
2024-07-13,39,4,9,5,1,29.4,0,8,6,0.0,12,10,0
2024-07-14,40,4,9,6,1,27.3,0,12,13,0.0,5,6,0
2024-07-15,41,4,9,0,0,28.4,0,5,11,0.0,7,13,0
2024-07-16,42,4,9,1,0,28.2,0,7,12,0.0,6,11,0
2024-07-17,43,4,9,2,0,26.0,0,6,11,0.0,7,12,0
2024-07-18,44,4,9,3,0,28.6,0,7,7,0.0,11,11,0
2024-06-04,0,4,10,1,0,29.9,0,93,16,0.0,77,0,0
2024-06-05,1,4,10,2,0,30.0,0,77,15,0.0,62,0,0
2024-06-06,2,4,10,3,0,27.6,0,62,17,0.0,45,0,0
2024-06-07,3,4,10,4,0,30.6,0,45,12,0.0,33,0,0
2024-06-08,4,4,10,5,1,28.7,0,33,8,0.0,25,0,0
2024-06-09,5,4,10,6,1,22.7,0,25,25,0.0,0,0,0
2024-06-10,6,4,10,0,0,27.9,0,0,13,0.0,89,102,0
2024-06-11,7,4,10,1,0,27.6,0,89,9,0.0,80,0,0
2024-06-12,8,4,10,2,0,26.3,0,80,9,0.0,71,0,0
2024-06-13,9,4,10,3,0,27.7,0,71,13,0.0,58,0,0
2024-06-14,10,4,10,4,0,27.5,0,58,11,0.0,47,0,0
2024-06-15,11,4,10,5,1,28.7,0,47,19,0.0,28,0,0
2024-06-16,12,4,10,6,1,29.8,0,28,16,0.0,12,0,0
2024-06-17,13,4,10,0,0,27.8,0,12,12,0.0,90,90,0
2024-06-18,14,4,10,1,0,27.9,0,90,8,0.0,82,0,0
2024-06-19,15,4,10,2,0,24.7,0,82,14,0.0,68,0,0
2024-06-20,16,4,10,3,0,28.2,0,68,10,0.0,58,0,0
2024-06-21,17,4,10,4,0,27.4,0,58,18,0.0,40,0,0
2024-06-22,18,4,10,5,1,29.5,0,40,9,0.0,31,0,0
2024-06-23,19,4,10,6,1,31.1,0,31,14,0.0,17,0,0
2024-06-24,20,4,10,0,0,28.2,0,17,10,0.0,92,85,0
2024-06-25,21,4,10,1,0,28.6,0,92,16,0.0,76,0,0
2024-06-26,22,4,10,2,0,26.0,0,76,17,0.0,59,0,0
2024-06-27,23,4,10,3,0,27.2,0,59,18,0.0,41,0,0
2024-06-28,24,4,10,4,0,31.2,0,41,12,0.0,29,0,0
2024-06-29,25,4,10,5,1,27.8,0,29,16,0.0,13,0,0
2024-06-30,26,4,10,6,1,27.4,0,13,12,0.0,1,0,0
2024-07-01,27,4,10,0,0,29.5,0,1,18,0.0,84,101,0
2024-07-02,28,4,10,1,0,28.0,0,84,9,0.0,75,0,0
2024-07-03,29,4,10,2,0,27.3,0,75,12,0.0,63,0,0
2024-07-04,30,4,10,3,0,28.6,0,63,16,0.0,47,0,0
2024-07-05,31,4,10,4,0,27.6,0,47,14,0.0,33,0,0
2024-07-06,32,4,10,5,1,29.8,0,33,4,0.0,29,0,0
2024-07-07,33,4,10,6,1,27.0,0,29,16,0.0,13,0,0
2024-07-08,34,4,10,0,0,28.7,0,13,13,0.0,89,89,0
2024-07-09,35,4,10,1,0,31.4,0,89,2,0.0,87,0,0
2024-07-10,36,4,10,2,0,27.1,0,87,17,0.0,70,0,0
2024-07-11,37,4,10,3,0,25.1,0,70,12,0.0,58,0,0
2024-07-12,38,4,10,4,0,29.4,0,58,12,0.0,46,0,0
2024-07-13,39,4,10,5,1,29.4,0,46,15,0.0,31,0,0
2024-07-14,40,4,10,6,1,27.3,0,31,21,0.0,10,0,0
2024-07-15,41,4,10,0,0,28.4,0,10,11,0.0,91,92,0
2024-07-16,42,4,10,1,0,28.2,0,91,10,0.0,81,0,0
2024-07-17,43,4,10,2,0,26.0,0,81,11,0.0,70,0,0
2024-07-18,44,4,10,3,0,28.6,0,70,13,0.0,57,0,0
2024-06-04,0,4,11,1,0,29.9,0,68,12,0.0,56,0,0
2024-06-05,1,4,11,2,0,30.0,0,56,8,0.0,48,0,0
2024-06-06,2,4,11,3,0,27.6,0,48,10,0.0,38,0,0
2024-06-07,3,4,11,4,0,30.6,0,38,12,0.0,26,0,0
2024-06-08,4,4,11,5,1,28.7,0,26,11,0.0,15,0,0
2024-06-09,5,4,11,6,1,22.7,0,15,7,0.0,8,0,0
2024-06-10,6,4,11,0,0,27.9,0,8,10,0.0,69,71,0
2024-06-11,7,4,11,1,0,27.6,0,69,5,0.0,64,0,0
2024-06-12,8,4,11,2,0,26.3,0,64,8,0.0,56,0,0
2024-06-13,9,4,11,3,0,27.7,0,56,15,0.0,41,0,0
2024-06-14,10,4,11,4,0,27.5,0,41,11,0.0,30,0,0
2024-06-15,11,4,11,5,1,28.7,0,30,16,0.0,14,0,0
2024-06-16,12,4,11,6,1,29.8,0,14,7,0.0,7,0,0
2024-06-17,13,4,11,0,0,27.8,0,7,12,0.0,67,72,0
2024-06-18,14,4,11,1,0,27.9,0,67,8,0.0,59,0,0
2024-06-19,15,4,11,2,0,24.7,0,59,9,0.0,50,0,0
2024-06-20,16,4,11,3,0,28.2,0,50,14,0.0,36,0,0
2024-06-21,17,4,11,4,0,27.4,0,36,11,0.0,25,0,0
2024-06-22,18,4,11,5,1,29.5,0,25,11,0.0,14,0,0
2024-06-23,19,4,11,6,1,31.1,0,14,12,0.0,2,0,0
2024-06-24,20,4,11,0,0,28.2,0,2,10,0.0,69,77,0
2024-06-25,21,4,11,1,0,28.6,0,69,11,0.0,58,0,0
2024-06-26,22,4,11,2,0,26.0,0,58,7,0.0,51,0,0
2024-06-27,23,4,11,3,0,27.2,0,51,8,0.0,43,0,0
2024-06-28,24,4,11,4,0,31.2,0,43,10,0.0,33,0,0
2024-06-29,25,4,11,5,1,27.8,0,33,14,0.0,19,0,0
2024-06-30,26,4,11,6,1,27.4,0,19,11,0.0,8,0,0
2024-07-01,27,4,11,0,0,29.5,0,8,17,0.0,62,71,0
2024-07-02,28,4,11,1,0,28.0,0,62,4,0.0,58,0,0
2024-07-03,29,4,11,2,0,27.3,0,58,12,0.0,46,0,0
2024-07-04,30,4,11,3,0,28.6,0,46,12,0.0,34,0,0
2024-07-05,31,4,11,4,0,27.6,0,34,13,0.0,21,0,0
2024-07-06,32,4,11,5,1,29.8,0,21,7,0.0,14,0,0
2024-07-07,33,4,11,6,1,27.0,0,14,14,0.0,0,0,0
2024-07-08,34,4,11,0,0,28.7,0,0,12,0.0,67,79,0
2024-07-09,35,4,11,1,0,31.4,0,67,9,0.0,58,0,0
2024-07-10,36,4,11,2,0,27.1,0,58,8,0.0,50,0,0
2024-07-11,37,4,11,3,0,25.1,0,50,11,0.0,39,0,0
2024-07-12,38,4,11,4,0,29.4,0,39,3,0.0,36,0,0
2024-07-13,39,4,11,5,1,29.4,0,36,11,0.0,25,0,0
2024-07-14,40,4,11,6,1,27.3,0,25,17,0.0,8,0,0
2024-07-15,41,4,11,0,0,28.4,0,8,8,0.0,71,71,0
2024-07-16,42,4,11,1,0,28.2,0,71,10,0.0,61,0,0
2024-07-17,43,4,11,2,0,26.0,0,61,10,0.0,51,0,0
2024-07-18,44,4,11,3,0,28.6,0,51,9,0.0,42,0,0
2024-06-04,0,4,12,1,0,29.9,0,21,10,0.0,60,49,0
2024-06-05,1,4,12,2,0,30.0,0,60,10,0.0,50,0,0
2024-06-06,2,4,12,3,0,27.6,0,50,8,0.0,42,0,0
2024-06-07,3,4,12,4,0,30.6,0,42,7,0.0,35,0,0
2024-06-08,4,4,12,5,1,28.7,0,35,15,0.0,20,0,0
2024-06-09,5,4,12,6,1,22.7,0,20,5,0.0,65,50,0
2024-06-10,6,4,12,0,0,27.9,0,65,6,0.0,59,0,0
2024-06-11,7,4,12,1,0,27.6,0,59,12,0.0,47,0,0
2024-06-12,8,4,12,2,0,26.3,0,47,9,0.0,38,0,0
2024-06-13,9,4,12,3,0,27.7,0,38,12,0.0,26,0,0
2024-06-14,10,4,12,4,0,27.5,0,26,11,0.0,59,44,0
2024-06-15,11,4,12,5,1,28.7,0,59,16,0.0,43,0,0
2024-06-16,12,4,12,6,1,29.8,0,43,13,0.0,30,0,0
2024-06-17,13,4,12,0,0,27.8,0,30,10,0.0,20,0,0
2024-06-18,14,4,12,1,0,27.9,0,20,12,0.0,8,0,0
2024-06-19,15,4,12,2,0,24.7,0,8,9,0.0,61,62,0
2024-06-20,16,4,12,3,0,28.2,0,61,17,0.0,44,0,0
2024-06-21,17,4,12,4,0,27.4,0,44,6,0.0,38,0,0
2024-06-22,18,4,12,5,1,29.5,0,38,24,0.0,14,0,0
2024-06-23,19,4,12,6,1,31.1,0,14,6,0.0,8,0,0
2024-06-24,20,4,12,0,0,28.2,0,8,16,0.0,54,62,0
2024-06-25,21,4,12,1,0,28.6,0,54,19,0.0,35,0,0
2024-06-26,22,4,12,2,0,26.0,0,35,14,0.0,21,0,0
2024-06-27,23,4,12,3,0,27.2,0,21,10,0.0,11,0,0
2024-06-28,24,4,12,4,0,31.2,0,11,11,0.0,0,0,0
2024-06-29,25,4,12,5,1,27.8,0,0,7,0.0,63,70,0
2024-06-30,26,4,12,6,1,27.4,0,63,8,0.0,55,0,0
2024-07-01,27,4,12,0,0,29.5,0,55,15,0.0,40,0,0
2024-07-02,28,4,12,1,0,28.0,0,40,19,0.0,21,0,0
2024-07-03,29,4,12,2,0,27.3,0,21,12,0.0,9,0,0
2024-07-04,30,4,12,3,0,28.6,0,9,12,0.0,58,61,0
2024-07-05,31,4,12,4,0,27.6,0,58,11,0.0,47,0,0
2024-07-06,32,4,12,5,1,29.8,0,47,13,0.0,34,0,0
2024-07-07,33,4,12,6,1,27.0,0,34,10,0.0,24,0,0
2024-07-08,34,4,12,0,0,28.7,0,24,13,0.0,11,0,0
2024-07-09,35,4,12,1,0,31.4,0,11,9,0.0,61,59,0
2024-07-10,36,4,12,2,0,27.1,0,61,10,0.0,51,0,0
2024-07-11,37,4,12,3,0,25.1,0,51,12,0.0,39,0,0
2024-07-12,38,4,12,4,0,29.4,0,39,9,0.0,30,0,0
2024-07-13,39,4,12,5,1,29.4,0,30,14,0.0,16,0,0
2024-07-14,40,4,12,6,1,27.3,0,16,15,0.0,55,54,0
2024-07-15,41,4,12,0,0,28.4,0,55,11,0.0,44,0,0
2024-07-16,42,4,12,1,0,28.2,0,44,6,0.0,38,0,0
2024-07-17,43,4,12,2,0,26.0,0,38,10,0.0,28,0,0
2024-07-18,44,4,12,3,0,28.6,0,28,14,0.0,14,0,0
2024-06-04,0,5,1,1,0,29.9,0,358,60,0.0,298,0,0
2024-06-05,1,5,1,2,0,30.0,0,298,60,0.0,238,0,0
2024-06-06,2,5,1,3,0,27.6,0,238,43,0.0,195,0,0
2024-06-07,3,5,1,4,0,30.6,0,195,87,0.0,108,0,0
2024-06-08,4,5,1,5,1,28.7,0,108,54,0.0,54,0,0
2024-06-09,5,5,1,6,1,22.7,0,54,35,0.0,19,0,0
2024-06-10,6,5,1,0,0,27.9,0,19,68,0.0,344,393,0
2024-06-11,7,5,1,1,0,27.6,0,344,49,0.0,295,0,0
2024-06-12,8,5,1,2,0,26.3,0,295,59,0.0,236,0,0
2024-06-13,9,5,1,3,0,27.7,0,236,52,0.0,184,0,0
2024-06-14,10,5,1,4,0,27.5,0,184,44,0.0,140,0,0
2024-06-15,11,5,1,5,1,28.7,0,140,78,0.0,62,0,0
2024-06-16,12,5,1,6,1,29.8,0,62,62,0.0,0,0,0
2024-06-17,13,5,1,0,0,27.8,0,0,50,0.0,362,412,0
2024-06-18,14,5,1,1,0,27.9,0,362,52,0.0,310,0,0
2024-06-19,15,5,1,2,0,24.7,0,310,41,0.0,269,0,0
2024-06-20,16,5,1,3,0,28.2,0,269,41,0.0,228,0,0
2024-06-21,17,5,1,4,0,27.4,0,228,52,0.0,176,0,0
2024-06-22,18,5,1,5,1,29.5,0,176,52,0.0,124,0,0
2024-06-23,19,5,1,6,1,31.1,0,124,58,0.0,66,0,0
2024-06-24,20,5,1,0,0,28.2,0,66,53,0.0,359,346,0
2024-06-25,21,5,1,1,0,28.6,0,359,44,0.0,315,0,0
2024-06-26,22,5,1,2,0,26.0,0,315,63,0.0,252,0,0
2024-06-27,23,5,1,3,0,27.2,0,252,45,0.0,207,0,0
2024-06-28,24,5,1,4,0,31.2,0,207,50,0.0,157,0,0
2024-06-29,25,5,1,5,1,27.8,0,157,61,0.0,96,0,0
2024-06-30,26,5,1,6,1,27.4,0,96,58,0.0,38,0,0
2024-07-01,27,5,1,0,0,29.5,0,38,46,0.0,366,374,0
2024-07-02,28,5,1,1,0,28.0,0,366,47,0.0,319,0,0
2024-07-03,29,5,1,2,0,27.3,0,319,47,0.0,272,0,0
2024-07-04,30,5,1,3,0,28.6,0,272,54,0.0,218,0,0
2024-07-05,31,5,1,4,0,27.6,0,218,51,0.0,167,0,0
2024-07-06,32,5,1,5,1,29.8,0,167,50,0.0,117,0,0
2024-07-07,33,5,1,6,1,27.0,0,117,54,0.0,63,0,0
2024-07-08,34,5,1,0,0,28.7,0,63,54,0.0,358,349,0
2024-07-09,35,5,1,1,0,31.4,0,358,43,0.0,315,0,0
2024-07-10,36,5,1,2,0,27.1,0,315,46,0.0,269,0,0
2024-07-11,37,5,1,3,0,25.1,0,269,50,0.0,219,0,0
2024-07-12,38,5,1,4,0,29.4,0,219,49,0.0,170,0,0
2024-07-13,39,5,1,5,1,29.4,0,170,65,0.0,105,0,0
2024-07-14,40,5,1,6,1,27.3,0,105,61,0.0,44,0,0
2024-07-15,41,5,1,0,0,28.4,0,44,51,0.0,361,368,0
2024-07-16,42,5,1,1,0,28.2,0,361,56,0.0,305,0,0
2024-07-17,43,5,1,2,0,26.0,0,305,38,0.0,267,0,0
2024-07-18,44,5,1,3,0,28.6,0,267,48,0.0,219,0,0
2024-06-04,0,5,2,1,0,29.9,0,7,34,0.0,7,34,0
2024-06-05,1,5,2,2,0,30.0,0,7,30,0.0,11,34,0
2024-06-06,2,5,2,3,0,27.6,0,11,24,0.0,17,30,0
2024-06-07,3,5,2,4,0,30.6,0,17,21,0.0,20,24,0
2024-06-08,4,5,2,5,1,28.7,0,20,25,0.0,16,21,0
2024-06-09,5,5,2,6,1,22.7,0,16,30,0.0,11,25,0
2024-06-10,6,5,2,0,0,27.9,0,11,22,0.0,19,30,0
2024-06-11,7,5,2,1,0,27.6,0,19,23,0.0,18,22,0
2024-06-12,8,5,2,2,0,26.3,0,18,23,0.0,18,23,0
2024-06-13,9,5,2,3,0,27.7,0,18,27,0.0,14,23,0
2024-06-14,10,5,2,4,0,27.5,0,14,30,0.0,11,27,0
2024-06-15,11,5,2,5,1,28.7,0,11,41,0.0,0,30,0
2024-06-16,12,5,2,6,1,29.8,0,0,36,0.0,5,41,0
2024-06-17,13,5,2,0,0,27.8,0,5,25,0.0,16,36,0
2024-06-18,14,5,2,1,0,27.9,0,16,23,0.0,18,25,0
2024-06-19,15,5,2,2,0,24.7,0,18,21,0.0,20,23,0
2024-06-20,16,5,2,3,0,28.2,0,20,15,0.0,26,21,0
2024-06-21,17,5,2,4,0,27.4,0,26,38,0.0,3,15,0
2024-06-22,18,5,2,5,1,29.5,0,3,38,0.0,3,38,0
2024-06-23,19,5,2,6,1,31.1,0,3,34,0.0,7,38,0
2024-06-24,20,5,2,0,0,28.2,0,7,31,0.0,10,34,0
2024-06-25,21,5,2,1,0,28.6,0,10,29,0.0,12,31,0
2024-06-26,22,5,2,2,0,26.0,0,12,33,0.0,8,29,0
2024-06-27,23,5,2,3,0,27.2,0,8,28,0.0,13,33,0
2024-06-28,24,5,2,4,0,31.2,0,13,35,0.0,6,28,0
2024-06-29,25,5,2,5,1,27.8,0,6,29,0.0,12,35,0
2024-06-30,26,5,2,6,1,27.4,0,12,29,0.0,12,29,0
2024-07-01,27,5,2,0,0,29.5,0,12,23,0.0,18,29,0
2024-07-02,28,5,2,1,0,28.0,0,18,33,0.0,8,23,0
2024-07-03,29,5,2,2,0,27.3,0,8,22,0.0,19,33,0
2024-07-04,30,5,2,3,0,28.6,0,19,37,0.0,4,22,0
2024-07-05,31,5,2,4,0,27.6,0,4,22,0.0,19,37,0
2024-07-06,32,5,2,5,1,29.8,0,19,30,0.0,11,22,0
2024-07-07,33,5,2,6,1,27.0,0,11,30,0.0,11,30,0
2024-07-08,34,5,2,0,0,28.7,0,11,23,0.0,18,30,0
2024-07-09,35,5,2,1,0,31.4,0,18,28,0.0,13,23,0
2024-07-10,36,5,2,2,0,27.1,0,13,28,0.0,13,28,0
2024-07-11,37,5,2,3,0,25.1,0,13,16,0.0,25,28,0
2024-07-12,38,5,2,4,0,29.4,0,25,22,0.0,19,16,0
2024-07-13,39,5,2,5,1,29.4,0,19,30,0.0,11,22,0
2024-07-14,40,5,2,6,1,27.3,0,11,35,0.0,6,30,0
2024-07-15,41,5,2,0,0,28.4,0,6,27,0.0,14,35,0
2024-07-16,42,5,2,1,0,28.2,0,14,20,0.0,21,27,0
2024-07-17,43,5,2,2,0,26.0,0,21,23,0.0,18,20,0
2024-07-18,44,5,2,3,0,28.6,0,18,28,0.0,13,23,0
2024-06-04,0,5,3,1,0,29.9,0,105,9,0.0,96,0,0
2024-06-05,1,5,3,2,0,30.0,0,96,11,0.0,85,0,0
2024-06-06,2,5,3,3,0,27.6,0,85,20,0.0,65,0,0
2024-06-07,3,5,3,4,0,30.6,0,65,15,0.0,50,0,0
2024-06-08,4,5,3,5,1,28.7,0,50,12,0.0,38,0,0
2024-06-09,5,5,3,6,1,22.7,0,38,17,0.0,21,0,0
2024-06-10,6,5,3,0,0,27.9,0,21,15,0.0,99,93,0
2024-06-11,7,5,3,1,0,27.6,0,99,15,0.0,84,0,0
2024-06-12,8,5,3,2,0,26.3,0,84,8,0.0,76,0,0
2024-06-13,9,5,3,3,0,27.7,0,76,23,0.0,53,0,0
2024-06-14,10,5,3,4,0,27.5,0,53,17,0.0,36,0,0
2024-06-15,11,5,3,5,1,28.7,0,36,19,0.0,17,0,0
2024-06-16,12,5,3,6,1,29.8,0,17,17,0.0,0,0,0
2024-06-17,13,5,3,0,0,27.8,0,0,9,0.0,105,114,0
2024-06-18,14,5,3,1,0,27.9,0,105,12,0.0,93,0,0
2024-06-19,15,5,3,2,0,24.7,0,93,13,0.0,80,0,0
2024-06-20,16,5,3,3,0,28.2,0,80,11,0.0,69,0,0
2024-06-21,17,5,3,4,0,27.4,0,69,18,0.0,51,0,0
2024-06-22,18,5,3,5,1,29.5,0,51,12,0.0,39,0,0
2024-06-23,19,5,3,6,1,31.1,0,39,10,0.0,29,0,0
2024-06-24,20,5,3,0,0,28.2,0,29,17,0.0,97,85,0
2024-06-25,21,5,3,1,0,28.6,0,97,13,0.0,84,0,0
2024-06-26,22,5,3,2,0,26.0,0,84,15,0.0,69,0,0
2024-06-27,23,5,3,3,0,27.2,0,69,14,0.0,55,0,0
2024-06-28,24,5,3,4,0,31.2,0,55,17,0.0,38,0,0
2024-06-29,25,5,3,5,1,27.8,0,38,22,0.0,16,0,0
2024-06-30,26,5,3,6,1,27.4,0,16,15,0.0,1,0,0
2024-07-01,27,5,3,0,0,29.5,0,1,15,0.0,99,113,0
2024-07-02,28,5,3,1,0,28.0,0,99,17,0.0,82,0,0
2024-07-03,29,5,3,2,0,27.3,0,82,10,0.0,72,0,0
2024-07-04,30,5,3,3,0,28.6,0,72,18,0.0,54,0,0
2024-07-05,31,5,3,4,0,27.6,0,54,10,0.0,44,0,0
2024-07-06,32,5,3,5,1,29.8,0,44,11,0.0,33,0,0
2024-07-07,33,5,3,6,1,27.0,0,33,23,0.0,10,0,0
2024-07-08,34,5,3,0,0,28.7,0,10,13,0.0,101,104,0
2024-07-09,35,5,3,1,0,31.4,0,101,8,0.0,93,0,0
2024-07-10,36,5,3,2,0,27.1,0,93,16,0.0,77,0,0
2024-07-11,37,5,3,3,0,25.1,0,77,14,0.0,63,0,0
2024-07-12,38,5,3,4,0,29.4,0,63,11,0.0,52,0,0
2024-07-13,39,5,3,5,1,29.4,0,52,25,0.0,27,0,0
2024-07-14,40,5,3,6,1,27.3,0,27,16,0.0,11,0,0
2024-07-15,41,5,3,0,0,28.4,0,11,14,0.0,100,103,0
2024-07-16,42,5,3,1,0,28.2,0,100,15,0.0,85,0,0
2024-07-17,43,5,3,2,0,26.0,0,85,11,0.0,74,0,0
2024-07-18,44,5,3,3,0,28.6,0,74,10,0.0,64,0,0
2024-06-04,0,5,4,1,0,29.9,0,162,20,0.0,142,0,0
2024-06-05,1,5,4,2,0,30.0,0,142,18,0.0,124,0,0
2024-06-06,2,5,4,3,0,27.6,0,124,22,0.0,102,0,0
2024-06-07,3,5,4,4,0,30.6,0,102,26,0.0,76,0,0
2024-06-08,4,5,4,5,1,28.7,0,76,30,0.0,46,0,0
2024-06-09,5,5,4,6,1,22.7,0,46,34,0.0,12,0,0
2024-06-10,6,5,4,0,0,27.9,0,12,21,0.0,168,177,0
2024-06-11,7,5,4,1,0,27.6,0,168,17,0.0,151,0,0
2024-06-12,8,5,4,2,0,26.3,0,151,30,0.0,121,0,0
2024-06-13,9,5,4,3,0,27.7,0,121,23,0.0,98,0,0
2024-06-14,10,5,4,4,0,27.5,0,98,20,0.0,78,0,0
2024-06-15,11,5,4,5,1,28.7,0,78,22,0.0,56,0,0
2024-06-16,12,5,4,6,1,29.8,0,56,37,0.0,19,0,0
2024-06-17,13,5,4,0,0,27.8,0,19,25,0.0,164,170,0
2024-06-18,14,5,4,1,0,27.9,0,164,17,0.0,147,0,0
2024-06-19,15,5,4,2,0,24.7,0,147,23,0.0,124,0,0
2024-06-20,16,5,4,3,0,28.2,0,124,30,0.0,94,0,0
2024-06-21,17,5,4,4,0,27.4,0,94,31,0.0,63,0,0
2024-06-22,18,5,4,5,1,29.5,0,63,41,0.0,22,0,0
2024-06-23,19,5,4,6,1,31.1,0,22,21,0.0,1,0,0
2024-06-24,20,5,4,0,0,28.2,0,1,18,0.0,171,188,0
2024-06-25,21,5,4,1,0,28.6,0,171,21,0.0,150,0,0
2024-06-26,22,5,4,2,0,26.0,0,150,23,0.0,127,0,0
2024-06-27,23,5,4,3,0,27.2,0,127,34,0.0,93,0,0
2024-06-28,24,5,4,4,0,31.2,0,93,31,0.0,62,0,0
2024-06-29,25,5,4,5,1,27.8,0,62,30,0.0,32,0,0
2024-06-30,26,5,4,6,1,27.4,0,32,19,0.0,13,0,0
2024-07-01,27,5,4,0,0,29.5,0,13,28,0.0,161,176,0
2024-07-02,28,5,4,1,0,28.0,0,161,29,0.0,132,0,0
2024-07-03,29,5,4,2,0,27.3,0,132,23,0.0,109,0,0
2024-07-04,30,5,4,3,0,28.6,0,109,22,0.0,87,0,0
2024-07-05,31,5,4,4,0,27.6,0,87,22,0.0,65,0,0
2024-07-06,32,5,4,5,1,29.8,0,65,32,0.0,33,0,0
2024-07-07,33,5,4,6,1,27.0,0,33,33,0.0,0,0,0
2024-07-08,34,5,4,0,0,28.7,0,0,22,0.0,167,189,0
2024-07-09,35,5,4,1,0,31.4,0,167,25,0.0,142,0,0
2024-07-10,36,5,4,2,0,27.1,0,142,23,0.0,119,0,0
2024-07-11,37,5,4,3,0,25.1,0,119,23,0.0,96,0,0
2024-07-12,38,5,4,4,0,29.4,0,96,22,0.0,74,0,0
2024-07-13,39,5,4,5,1,29.4,0,74,30,0.0,44,0,0
2024-07-14,40,5,4,6,1,27.3,0,44,24,0.0,20,0,0
2024-07-15,41,5,4,0,0,28.4,0,20,27,0.0,162,169,0
2024-07-16,42,5,4,1,0,28.2,0,162,22,0.0,140,0,0
2024-07-17,43,5,4,2,0,26.0,0,140,25,0.0,115,0,0
2024-07-18,44,5,4,3,0,28.6,0,115,22,0.0,93,0,0
2024-06-04,0,5,5,1,0,29.9,0,96,7,0.0,89,0,0
2024-06-05,1,5,5,2,0,30.0,0,89,20,0.0,69,0,0
2024-06-06,2,5,5,3,0,27.6,0,69,10,0.0,59,0,0
2024-06-07,3,5,5,4,0,30.6,0,59,8,0.0,51,0,0
2024-06-08,4,5,5,5,1,28.7,0,51,16,0.0,35,0,0
2024-06-09,5,5,5,6,1,22.7,0,35,17,0.0,18,0,0
2024-06-10,6,5,5,0,0,27.9,0,18,14,0.0,91,87,0
2024-06-11,7,5,5,1,0,27.6,0,91,14,0.0,77,0,0
2024-06-12,8,5,5,2,0,26.3,0,77,16,0.0,61,0,0
2024-06-13,9,5,5,3,0,27.7,0,61,9,0.0,52,0,0
2024-06-14,10,5,5,4,0,27.5,0,52,11,0.0,41,0,0
2024-06-15,11,5,5,5,1,28.7,0,41,6,0.0,35,0,0
2024-06-16,12,5,5,6,1,29.8,0,35,20,0.0,15,0,0
2024-06-17,13,5,5,0,0,27.8,0,15,13,0.0,92,90,0
2024-06-18,14,5,5,1,0,27.9,0,92,13,0.0,79,0,0
2024-06-19,15,5,5,2,0,24.7,0,79,15,0.0,64,0,0
2024-06-20,16,5,5,3,0,28.2,0,64,8,0.0,56,0,0
2024-06-21,17,5,5,4,0,27.4,0,56,8,0.0,48,0,0
2024-06-22,18,5,5,5,1,29.5,0,48,12,0.0,36,0,0
2024-06-23,19,5,5,6,1,31.1,0,36,13,0.0,23,0,0
2024-06-24,20,5,5,0,0,28.2,0,23,15,0.0,90,82,0
2024-06-25,21,5,5,1,0,28.6,0,90,20,0.0,70,0,0
2024-06-26,22,5,5,2,0,26.0,0,70,6,0.0,64,0,0
2024-06-27,23,5,5,3,0,27.2,0,64,15,0.0,49,0,0
2024-06-28,24,5,5,4,0,31.2,0,49,12,0.0,37,0,0
2024-06-29,25,5,5,5,1,27.8,0,37,12,0.0,25,0,0
2024-06-30,26,5,5,6,1,27.4,0,25,15,0.0,10,0,0
2024-07-01,27,5,5,0,0,29.5,0,10,7,0.0,98,95,0
2024-07-02,28,5,5,1,0,28.0,0,98,15,0.0,83,0,0
2024-07-03,29,5,5,2,0,27.3,0,83,16,0.0,67,0,0
2024-07-04,30,5,5,3,0,28.6,0,67,11,0.0,56,0,0
2024-07-05,31,5,5,4,0,27.6,0,56,8,0.0,48,0,0
2024-07-06,32,5,5,5,1,29.8,0,48,20,0.0,28,0,0
2024-07-07,33,5,5,6,1,27.0,0,28,28,0.0,0,0,0
2024-07-08,34,5,5,0,0,28.7,0,0,16,0.0,89,105,0
2024-07-09,35,5,5,1,0,31.4,0,89,15,0.0,74,0,0
2024-07-10,36,5,5,2,0,27.1,0,74,14,0.0,60,0,0
2024-07-11,37,5,5,3,0,25.1,0,60,7,0.0,53,0,0
2024-07-12,38,5,5,4,0,29.4,0,53,13,0.0,40,0,0
2024-07-13,39,5,5,5,1,29.4,0,40,9,0.0,31,0,0
2024-07-14,40,5,5,6,1,27.3,0,31,8,0.0,23,0,0
2024-07-15,41,5,5,0,0,28.4,0,23,10,0.0,95,82,0
2024-07-16,42,5,5,1,0,28.2,0,95,6,0.0,89,0,0
2024-07-17,43,5,5,2,0,26.0,0,89,11,0.0,78,0,0
2024-07-18,44,5,5,3,0,28.6,0,78,13,0.0,65,0,0
2024-06-04,0,5,6,1,0,29.9,0,48,7,0.0,41,0,0
2024-06-05,1,5,6,2,0,30.0,0,41,6,0.0,35,0,0
2024-06-06,2,5,6,3,0,27.6,0,35,7,0.0,28,0,0
2024-06-07,3,5,6,4,0,30.6,0,28,9,0.0,19,0,0
2024-06-08,4,5,6,5,1,28.7,0,19,4,0.0,15,0,0
2024-06-09,5,5,6,6,1,22.7,0,15,4,0.0,11,0,0
2024-06-10,6,5,6,0,0,27.9,0,11,3,0.0,53,45,0
2024-06-11,7,5,6,1,0,27.6,0,53,6,0.0,47,0,0
2024-06-12,8,5,6,2,0,26.3,0,47,6,0.0,41,0,0
2024-06-13,9,5,6,3,0,27.7,0,41,4,0.0,37,0,0
2024-06-14,10,5,6,4,0,27.5,0,37,4,0.0,33,0,0
2024-06-15,11,5,6,5,1,28.7,0,33,6,0.0,27,0,0
2024-06-16,12,5,6,6,1,29.8,0,27,6,0.0,21,0,0
2024-06-17,13,5,6,0,0,27.8,0,21,8,0.0,48,35,0
2024-06-18,14,5,6,1,0,27.9,0,48,6,0.0,42,0,0
2024-06-19,15,5,6,2,0,24.7,0,42,5,0.0,37,0,0
2024-06-20,16,5,6,3,0,28.2,0,37,12,0.0,25,0,0
2024-06-21,17,5,6,4,0,27.4,0,25,11,0.0,14,0,0
2024-06-22,18,5,6,5,1,29.5,0,14,4,0.0,10,0,0
2024-06-23,19,5,6,6,1,31.1,0,10,6,0.0,4,0,0
2024-06-24,20,5,6,0,0,28.2,0,4,5,0.0,51,52,0
2024-06-25,21,5,6,1,0,28.6,0,51,7,0.0,44,0,0
2024-06-26,22,5,6,2,0,26.0,0,44,6,0.0,38,0,0
2024-06-27,23,5,6,3,0,27.2,0,38,4,0.0,34,0,0
2024-06-28,24,5,6,4,0,31.2,0,34,15,0.0,19,0,0
2024-06-29,25,5,6,5,1,27.8,0,19,7,0.0,12,0,0
2024-06-30,26,5,6,6,1,27.4,0,12,7,0.0,5,0,0
2024-07-01,27,5,6,0,0,29.5,0,5,10,0.0,46,51,0
2024-07-02,28,5,6,1,0,28.0,0,46,5,0.0,41,0,0
2024-07-03,29,5,6,2,0,27.3,0,41,9,0.0,32,0,0
2024-07-04,30,5,6,3,0,28.6,0,32,3,0.0,29,0,0
2024-07-05,31,5,6,4,0,27.6,0,29,8,0.0,21,0,0
2024-07-06,32,5,6,5,1,29.8,0,21,8,0.0,13,0,0
2024-07-07,33,5,6,6,1,27.0,0,13,13,0.0,0,0,0
2024-07-08,34,5,6,0,0,28.7,0,0,7,0.0,49,56,0
2024-07-09,35,5,6,1,0,31.4,0,49,5,0.0,44,0,0
2024-07-10,36,5,6,2,0,27.1,0,44,4,0.0,40,0,0
2024-07-11,37,5,6,3,0,25.1,0,40,3,0.0,37,0,0
2024-07-12,38,5,6,4,0,29.4,0,37,5,0.0,32,0,0
2024-07-13,39,5,6,5,1,29.4,0,32,10,0.0,22,0,0
2024-07-14,40,5,6,6,1,27.3,0,22,10,0.0,12,0,0
2024-07-15,41,5,6,0,0,28.4,0,12,7,0.0,49,44,0
2024-07-16,42,5,6,1,0,28.2,0,49,7,0.0,42,0,0
2024-07-17,43,5,6,2,0,26.0,0,42,7,0.0,35,0,0
2024-07-18,44,5,6,3,0,28.6,0,35,6,0.0,29,0,0
2024-06-04,0,5,7,1,0,29.9,0,25,5,0.0,20,0,0
2024-06-05,1,5,7,2,0,30.0,0,20,2,0.0,18,0,0
2024-06-06,2,5,7,3,0,27.6,0,18,1,0.0,17,0,0
2024-06-07,3,5,7,4,0,30.6,0,17,6,0.0,11,0,0
2024-06-08,4,5,7,5,1,28.7,0,11,10,0.0,1,0,0
2024-06-09,5,5,7,6,1,22.7,0,1,1,0.0,0,0,0
2024-06-10,6,5,7,0,0,27.9,0,0,2,0.0,31,33,0
2024-06-11,7,5,7,1,0,27.6,0,31,5,0.0,26,0,0
2024-06-12,8,5,7,2,0,26.3,0,26,4,0.0,22,0,0
2024-06-13,9,5,7,3,0,27.7,0,22,4,0.0,18,0,0
2024-06-14,10,5,7,4,0,27.5,0,18,3,0.0,15,0,0
2024-06-15,11,5,7,5,1,28.7,0,15,8,0.0,7,0,0
2024-06-16,12,5,7,6,1,29.8,0,7,4,0.0,3,0,0
2024-06-17,13,5,7,0,0,27.8,0,3,3,0.0,30,30,0
2024-06-18,14,5,7,1,0,27.9,0,30,3,0.0,27,0,0
2024-06-19,15,5,7,2,0,24.7,0,27,3,0.0,24,0,0
2024-06-20,16,5,7,3,0,28.2,0,24,0,0.0,24,0,0
2024-06-21,17,5,7,4,0,27.4,0,24,6,0.0,18,0,0
2024-06-22,18,5,7,5,1,29.5,0,18,3,0.0,15,0,0
2024-06-23,19,5,7,6,1,31.1,0,15,5,0.0,10,0,0
2024-06-24,20,5,7,0,0,28.2,0,10,2,0.0,31,23,0
2024-06-25,21,5,7,1,0,28.6,0,31,6,0.0,25,0,0
2024-06-26,22,5,7,2,0,26.0,0,25,4,0.0,21,0,0
2024-06-27,23,5,7,3,0,27.2,0,21,5,0.0,16,0,0
2024-06-28,24,5,7,4,0,31.2,0,16,3,0.0,13,0,0
2024-06-29,25,5,7,5,1,27.8,0,13,6,0.0,7,0,0
2024-06-30,26,5,7,6,1,27.4,0,7,7,0.0,0,0,0
2024-07-01,27,5,7,0,0,29.5,0,0,4,0.0,29,33,0
2024-07-02,28,5,7,1,0,28.0,0,29,6,0.0,23,0,0
2024-07-03,29,5,7,2,0,27.3,0,23,6,0.0,17,0,0
2024-07-04,30,5,7,3,0,28.6,0,17,2,0.0,15,0,0
2024-07-05,31,5,7,4,0,27.6,0,15,4,0.0,11,0,0
2024-07-06,32,5,7,5,1,29.8,0,11,6,0.0,5,0,0
2024-07-07,33,5,7,6,1,27.0,0,5,3,0.0,2,0,0
2024-07-08,34,5,7,0,0,28.7,0,2,9,0.0,24,31,0
2024-07-09,35,5,7,1,0,31.4,0,24,2,0.0,22,0,0
2024-07-10,36,5,7,2,0,27.1,0,22,4,0.0,18,0,0
2024-07-11,37,5,7,3,0,25.1,0,18,2,0.0,16,0,0
2024-07-12,38,5,7,4,0,29.4,0,16,3,0.0,13,0,0
2024-07-13,39,5,7,5,1,29.4,0,13,5,0.0,8,0,0
2024-07-14,40,5,7,6,1,27.3,0,8,5,0.0,3,0,0
2024-07-15,41,5,7,0,0,28.4,0,3,1,0.0,32,30,0
2024-07-16,42,5,7,1,0,28.2,0,32,4,0.0,28,0,0
2024-07-17,43,5,7,2,0,26.0,0,28,4,0.0,24,0,0
2024-07-18,44,5,7,3,0,28.6,0,24,5,0.0,19,0,0
2024-06-04,0,5,8,1,0,29.9,0,258,43,0.0,215,0,0
2024-06-05,1,5,8,2,0,30.0,0,215,45,0.0,170,0,0
2024-06-06,2,5,8,3,0,27.6,0,170,26,0.0,144,0,0
2024-06-07,3,5,8,4,0,30.6,0,144,39,0.0,105,0,0
2024-06-08,4,5,8,5,1,28.7,0,105,46,0.0,59,0,0
2024-06-09,5,5,8,6,1,22.7,0,59,26,0.0,33,0,0
2024-06-10,6,5,8,0,0,27.9,0,33,31,0.0,267,265,0
2024-06-11,7,5,8,1,0,27.6,0,267,32,0.0,235,0,0
2024-06-12,8,5,8,2,0,26.3,0,235,35,0.0,200,0,0
2024-06-13,9,5,8,3,0,27.7,0,200,36,0.0,164,0,0
2024-06-14,10,5,8,4,0,27.5,0,164,30,0.0,134,0,0
2024-06-15,11,5,8,5,1,28.7,0,134,49,0.0,85,0,0
2024-06-16,12,5,8,6,1,29.8,0,85,41,0.0,44,0,0
2024-06-17,13,5,8,0,0,27.8,0,44,42,0.0,256,254,0
2024-06-18,14,5,8,1,0,27.9,0,256,30,0.0,226,0,0
2024-06-19,15,5,8,2,0,24.7,0,226,31,0.0,195,0,0
2024-06-20,16,5,8,3,0,28.2,0,195,42,0.0,153,0,0
2024-06-21,17,5,8,4,0,27.4,0,153,28,0.0,125,0,0
2024-06-22,18,5,8,5,1,29.5,0,125,51,0.0,74,0,0
2024-06-23,19,5,8,6,1,31.1,0,74,43,0.0,31,0,0
2024-06-24,20,5,8,0,0,28.2,0,31,43,0.0,255,267,0
2024-06-25,21,5,8,1,0,28.6,0,255,41,0.0,214,0,0
2024-06-26,22,5,8,2,0,26.0,0,214,61,0.0,153,0,0
2024-06-27,23,5,8,3,0,27.2,0,153,43,0.0,110,0,0
2024-06-28,24,5,8,4,0,31.2,0,110,34,0.0,76,0,0
2024-06-29,25,5,8,5,1,27.8,0,76,35,0.0,41,0,0
2024-06-30,26,5,8,6,1,27.4,0,41,41,0.0,0,0,0
2024-07-01,27,5,8,0,0,29.5,0,0,39,0.0,259,298,0
2024-07-02,28,5,8,1,0,28.0,0,259,42,0.0,217,0,0
2024-07-03,29,5,8,2,0,27.3,0,217,32,0.0,185,0,0
2024-07-04,30,5,8,3,0,28.6,0,185,50,0.0,135,0,0
2024-07-05,31,5,8,4,0,27.6,0,135,30,0.0,105,0,0
2024-07-06,32,5,8,5,1,29.8,0,105,28,0.0,77,0,0
2024-07-07,33,5,8,6,1,27.0,0,77,34,0.0,43,0,0
2024-07-08,34,5,8,0,0,28.7,0,43,32,0.0,266,255,0
2024-07-09,35,5,8,1,0,31.4,0,266,41,0.0,225,0,0
2024-07-10,36,5,8,2,0,27.1,0,225,35,0.0,190,0,0
2024-07-11,37,5,8,3,0,25.1,0,190,29,0.0,161,0,0
2024-07-12,38,5,8,4,0,29.4,0,161,40,0.0,121,0,0
2024-07-13,39,5,8,5,1,29.4,0,121,41,0.0,80,0,0
2024-07-14,40,5,8,6,1,27.3,0,80,40,0.0,40,0,0
2024-07-15,41,5,8,0,0,28.4,0,40,32,0.0,266,258,0
2024-07-16,42,5,8,1,0,28.2,0,266,35,0.0,231,0,0
2024-07-17,43,5,8,2,0,26.0,0,231,30,0.0,201,0,0
2024-07-18,44,5,8,3,0,28.6,0,201,45,0.0,156,0,0
2024-06-04,0,5,9,1,0,29.9,0,12,21,0.0,10,19,0
2024-06-05,1,5,9,2,0,30.0,0,10,21,0.0,10,21,0
2024-06-06,2,5,9,3,0,27.6,0,10,23,0.0,8,21,0
2024-06-07,3,5,9,4,0,30.6,0,8,31,0.0,0,23,0
2024-06-08,4,5,9,5,1,28.7,0,0,29,0.0,2,31,0
2024-06-09,5,5,9,6,1,22.7,0,2,29,0.0,2,29,0
2024-06-10,6,5,9,0,0,27.9,0,2,19,0.0,12,29,0
2024-06-11,7,5,9,1,0,27.6,0,12,12,0.0,19,19,0
2024-06-12,8,5,9,2,0,26.3,0,19,15,0.0,16,12,0
2024-06-13,9,5,9,3,0,27.7,0,16,14,0.0,17,15,0
2024-06-14,10,5,9,4,0,27.5,0,17,18,0.0,13,14,0
2024-06-15,11,5,9,5,1,28.7,0,13,21,0.0,10,18,0
2024-06-16,12,5,9,6,1,29.8,0,10,24,0.0,7,21,0
2024-06-17,13,5,9,0,0,27.8,0,7,18,0.0,13,24,0
2024-06-18,14,5,9,1,0,27.9,0,13,23,0.0,8,18,0
2024-06-19,15,5,9,2,0,24.7,0,8,16,0.0,15,23,0
2024-06-20,16,5,9,3,0,28.2,0,15,21,0.0,10,16,0
2024-06-21,17,5,9,4,0,27.4,0,10,18,0.0,13,21,0
2024-06-22,18,5,9,5,1,29.5,0,13,19,0.0,12,18,0
2024-06-23,19,5,9,6,1,31.1,0,12,25,0.0,6,19,0
2024-06-24,20,5,9,0,0,28.2,0,6,24,0.0,7,25,0
2024-06-25,21,5,9,1,0,28.6,0,7,16,0.0,15,24,0
2024-06-26,22,5,9,2,0,26.0,0,15,16,0.0,15,16,0
2024-06-27,23,5,9,3,0,27.2,0,15,16,0.0,15,16,0
2024-06-28,24,5,9,4,0,31.2,0,15,19,0.0,12,16,0
2024-06-29,25,5,9,5,1,27.8,0,12,24,0.0,7,19,0
2024-06-30,26,5,9,6,1,27.4,0,7,18,0.0,13,24,0
2024-07-01,27,5,9,0,0,29.5,0,13,19,0.0,12,18,0
2024-07-02,28,5,9,1,0,28.0,0,12,19,0.0,12,19,0
2024-07-03,29,5,9,2,0,27.3,0,12,11,0.0,20,19,0
2024-07-04,30,5,9,3,0,28.6,0,20,18,0.0,13,11,0
2024-07-05,31,5,9,4,0,27.6,0,13,30,0.0,1,18,0
2024-07-06,32,5,9,5,1,29.8,0,1,25,0.0,6,30,0
2024-07-07,33,5,9,6,1,27.0,0,6,10,0.0,21,25,0
2024-07-08,34,5,9,0,0,28.7,0,21,19,0.0,12,10,0
2024-07-09,35,5,9,1,0,31.4,0,12,19,0.0,12,19,0
2024-07-10,36,5,9,2,0,27.1,0,12,15,0.0,16,19,0
2024-07-11,37,5,9,3,0,25.1,0,16,17,0.0,14,15,0
2024-07-12,38,5,9,4,0,29.4,0,14,20,0.0,11,17,0
2024-07-13,39,5,9,5,1,29.4,0,11,22,0.0,9,20,0
2024-07-14,40,5,9,6,1,27.3,0,9,16,0.0,15,22,0
2024-07-15,41,5,9,0,0,28.4,0,15,15,0.0,16,16,0
2024-07-16,42,5,9,1,0,28.2,0,16,17,0.0,14,15,0
2024-07-17,43,5,9,2,0,26.0,0,14,23,0.0,8,17,0
2024-07-18,44,5,9,3,0,28.6,0,8,15,0.0,16,23,0
2024-06-04,0,5,10,1,0,29.9,0,152,26,0.0,126,0,0
2024-06-05,1,5,10,2,0,30.0,0,126,21,0.0,105,0,0
2024-06-06,2,5,10,3,0,27.6,0,105,28,0.0,77,0,0
2024-06-07,3,5,10,4,0,30.6,0,77,17,0.0,60,0,0
2024-06-08,4,5,10,5,1,28.7,0,60,29,0.0,31,0,0
2024-06-09,5,5,10,6,1,22.7,0,31,31,0.0,0,0,0
2024-06-10,6,5,10,0,0,27.9,0,0,23,0.0,144,167,0
2024-06-11,7,5,10,1,0,27.6,0,144,16,0.0,128,0,0
2024-06-12,8,5,10,2,0,26.3,0,128,17,0.0,111,0,0
2024-06-13,9,5,10,3,0,27.7,0,111,21,0.0,90,0,0
2024-06-14,10,5,10,4,0,27.5,0,90,28,0.0,62,0,0
2024-06-15,11,5,10,5,1,28.7,0,62,27,0.0,35,0,0
2024-06-16,12,5,10,6,1,29.8,0,35,34,0.0,1,0,0
2024-06-17,13,5,10,0,0,27.8,0,1,15,0.0,152,166,0
2024-06-18,14,5,10,1,0,27.9,0,152,20,0.0,132,0,0
2024-06-19,15,5,10,2,0,24.7,0,132,19,0.0,113,0,0
2024-06-20,16,5,10,3,0,28.2,0,113,16,0.0,97,0,0
2024-06-21,17,5,10,4,0,27.4,0,97,9,0.0,88,0,0
2024-06-22,18,5,10,5,1,29.5,0,88,25,0.0,63,0,0
2024-06-23,19,5,10,6,1,31.1,0,63,24,0.0,39,0,0
2024-06-24,20,5,10,0,0,28.2,0,39,15,0.0,152,128,0
2024-06-25,21,5,10,1,0,28.6,0,152,15,0.0,137,0,0
2024-06-26,22,5,10,2,0,26.0,0,137,25,0.0,112,0,0
2024-06-27,23,5,10,3,0,27.2,0,112,22,0.0,90,0,0
2024-06-28,24,5,10,4,0,31.2,0,90,13,0.0,77,0,0
2024-06-29,25,5,10,5,1,27.8,0,77,16,0.0,61,0,0
2024-06-30,26,5,10,6,1,27.4,0,61,28,0.0,33,0,0
2024-07-01,27,5,10,0,0,29.5,0,33,21,0.0,146,134,0
2024-07-02,28,5,10,1,0,28.0,0,146,14,0.0,132,0,0
2024-07-03,29,5,10,2,0,27.3,0,132,15,0.0,117,0,0
2024-07-04,30,5,10,3,0,28.6,0,117,18,0.0,99,0,0
2024-07-05,31,5,10,4,0,27.6,0,99,15,0.0,84,0,0
2024-07-06,32,5,10,5,1,29.8,0,84,20,0.0,64,0,0
2024-07-07,33,5,10,6,1,27.0,0,64,16,0.0,48,0,0
2024-07-08,34,5,10,0,0,28.7,0,48,23,0.0,144,119,0
2024-07-09,35,5,10,1,0,31.4,0,144,22,0.0,122,0,0
2024-07-10,36,5,10,2,0,27.1,0,122,15,0.0,107,0,0
2024-07-11,37,5,10,3,0,25.1,0,107,20,0.0,87,0,0
2024-07-12,38,5,10,4,0,29.4,0,87,10,0.0,77,0,0
2024-07-13,39,5,10,5,1,29.4,0,77,19,0.0,58,0,0
2024-07-14,40,5,10,6,1,27.3,0,58,21,0.0,37,0,0
2024-07-15,41,5,10,0,0,28.4,0,37,14,0.0,153,130,0
2024-07-16,42,5,10,1,0,28.2,0,153,15,0.0,138,0,0
2024-07-17,43,5,10,2,0,26.0,0,138,21,0.0,117,0,0
2024-07-18,44,5,10,3,0,28.6,0,117,17,0.0,100,0,0
2024-06-04,0,5,11,1,0,29.9,0,84,14,0.0,70,0,0
2024-06-05,1,5,11,2,0,30.0,0,70,10,0.0,60,0,0
2024-06-06,2,5,11,3,0,27.6,0,60,6,0.0,54,0,0
2024-06-07,3,5,11,4,0,30.6,0,54,11,0.0,43,0,0
2024-06-08,4,5,11,5,1,28.7,0,43,17,0.0,26,0,0
2024-06-09,5,5,11,6,1,22.7,0,26,16,0.0,10,0,0
2024-06-10,6,5,11,0,0,27.9,0,10,14,0.0,79,83,0
2024-06-11,7,5,11,1,0,27.6,0,79,16,0.0,63,0,0
2024-06-12,8,5,11,2,0,26.3,0,63,10,0.0,53,0,0
2024-06-13,9,5,11,3,0,27.7,0,53,10,0.0,43,0,0
2024-06-14,10,5,11,4,0,27.5,0,43,15,0.0,28,0,0
2024-06-15,11,5,11,5,1,28.7,0,28,15,0.0,13,0,0
2024-06-16,12,5,11,6,1,29.8,0,13,13,0.0,0,0,0
2024-06-17,13,5,11,0,0,27.8,0,0,8,0.0,85,93,0
2024-06-18,14,5,11,1,0,27.9,0,85,10,0.0,75,0,0
2024-06-19,15,5,11,2,0,24.7,0,75,9,0.0,66,0,0
2024-06-20,16,5,11,3,0,28.2,0,66,14,0.0,52,0,0
2024-06-21,17,5,11,4,0,27.4,0,52,14,0.0,38,0,0
2024-06-22,18,5,11,5,1,29.5,0,38,14,0.0,24,0,0
2024-06-23,19,5,11,6,1,31.1,0,24,7,0.0,17,0,0
2024-06-24,20,5,11,0,0,28.2,0,17,11,0.0,82,76,0
2024-06-25,21,5,11,1,0,28.6,0,82,13,0.0,69,0,0
2024-06-26,22,5,11,2,0,26.0,0,69,10,0.0,59,0,0
2024-06-27,23,5,11,3,0,27.2,0,59,10,0.0,49,0,0
2024-06-28,24,5,11,4,0,31.2,0,49,9,0.0,40,0,0
2024-06-29,25,5,11,5,1,27.8,0,40,18,0.0,22,0,0
2024-06-30,26,5,11,6,1,27.4,0,22,10,0.0,12,0,0
2024-07-01,27,5,11,0,0,29.5,0,12,9,0.0,84,81,0
2024-07-02,28,5,11,1,0,28.0,0,84,9,0.0,75,0,0
2024-07-03,29,5,11,2,0,27.3,0,75,15,0.0,60,0,0
2024-07-04,30,5,11,3,0,28.6,0,60,16,0.0,44,0,0
2024-07-05,31,5,11,4,0,27.6,0,44,7,0.0,37,0,0
2024-07-06,32,5,11,5,1,29.8,0,37,15,0.0,22,0,0
2024-07-07,33,5,11,6,1,27.0,0,22,16,0.0,6,0,0
2024-07-08,34,5,11,0,0,28.7,0,6,15,0.0,78,87,0
2024-07-09,35,5,11,1,0,31.4,0,78,18,0.0,60,0,0
2024-07-10,36,5,11,2,0,27.1,0,60,6,0.0,54,0,0
2024-07-11,37,5,11,3,0,25.1,0,54,8,0.0,46,0,0
2024-07-12,38,5,11,4,0,29.4,0,46,15,0.0,31,0,0
2024-07-13,39,5,11,5,1,29.4,0,31,18,0.0,13,0,0
2024-07-14,40,5,11,6,1,27.3,0,13,13,0.0,0,0,0
2024-07-15,41,5,11,0,0,28.4,0,0,9,0.0,84,93,0
2024-07-16,42,5,11,1,0,28.2,0,84,8,0.0,76,0,0
2024-07-17,43,5,11,2,0,26.0,0,76,17,0.0,59,0,0
2024-07-18,44,5,11,3,0,28.6,0,59,12,0.0,47,0,0
2024-06-04,0,5,12,1,0,29.9,0,1,11,0.0,64,74,0
2024-06-05,1,5,12,2,0,30.0,0,64,13,0.0,51,0,0
2024-06-06,2,5,12,3,0,27.6,0,51,18,0.0,33,0,0
2024-06-07,3,5,12,4,0,30.6,0,33,10,0.0,23,0,0
2024-06-08,4,5,12,5,1,28.7,0,23,13,0.0,10,0,0
2024-06-09,5,5,12,6,1,22.7,0,10,9,0.0,66,65,0
2024-06-10,6,5,12,0,0,27.9,0,66,12,0.0,54,0,0
2024-06-11,7,5,12,1,0,27.6,0,54,18,0.0,36,0,0
2024-06-12,8,5,12,2,0,26.3,0,36,9,0.0,27,0,0
2024-06-13,9,5,12,3,0,27.7,0,27,6,0.0,21,0,0
2024-06-14,10,5,12,4,0,27.5,0,21,5,0.0,70,54,0
2024-06-15,11,5,12,5,1,28.7,0,70,7,0.0,63,0,0
2024-06-16,12,5,12,6,1,29.8,0,63,9,0.0,54,0,0
2024-06-17,13,5,12,0,0,27.8,0,54,13,0.0,41,0,0
2024-06-18,14,5,12,1,0,27.9,0,41,8,0.0,33,0,0
2024-06-19,15,5,12,2,0,24.7,0,33,12,0.0,63,42,0
2024-06-20,16,5,12,3,0,28.2,0,63,11,0.0,52,0,0
2024-06-21,17,5,12,4,0,27.4,0,52,7,0.0,45,0,0
2024-06-22,18,5,12,5,1,29.5,0,45,17,0.0,28,0,0
2024-06-23,19,5,12,6,1,31.1,0,28,14,0.0,14,0,0
2024-06-24,20,5,12,0,0,28.2,0,14,9,0.0,66,61,0
2024-06-25,21,5,12,1,0,28.6,0,66,9,0.0,57,0,0
2024-06-26,22,5,12,2,0,26.0,0,57,15,0.0,42,0,0
2024-06-27,23,5,12,3,0,27.2,0,42,13,0.0,29,0,0
2024-06-28,24,5,12,4,0,31.2,0,29,5,0.0,24,0,0
2024-06-29,25,5,12,5,1,27.8,0,24,8,0.0,67,51,0
2024-06-30,26,5,12,6,1,27.4,0,67,10,0.0,57,0,0
2024-07-01,27,5,12,0,0,29.5,0,57,11,0.0,46,0,0
2024-07-02,28,5,12,1,0,28.0,0,46,13,0.0,33,0,0
2024-07-03,29,5,12,2,0,27.3,0,33,12,0.0,21,0,0
2024-07-04,30,5,12,3,0,28.6,0,21,22,0.0,53,54,0
2024-07-05,31,5,12,4,0,27.6,0,53,6,0.0,47,0,0
2024-07-06,32,5,12,5,1,29.8,0,47,18,0.0,29,0,0
2024-07-07,33,5,12,6,1,27.0,0,29,16,0.0,13,0,0
2024-07-08,34,5,12,0,0,28.7,0,13,13,0.0,0,0,0
2024-07-09,35,5,12,1,0,31.4,0,0,17,0.0,58,75,0
2024-07-10,36,5,12,2,0,27.1,0,58,13,0.0,45,0,0
2024-07-11,37,5,12,3,0,25.1,0,45,9,0.0,36,0,0
2024-07-12,38,5,12,4,0,29.4,0,36,9,0.0,27,0,0
2024-07-13,39,5,12,5,1,29.4,0,27,8,0.0,19,0,0
2024-07-14,40,5,12,6,1,27.3,0,19,12,0.0,63,56,0
2024-07-15,41,5,12,0,0,28.4,0,63,4,0.0,59,0,0
2024-07-16,42,5,12,1,0,28.2,0,59,11,0.0,48,0,0
2024-07-17,43,5,12,2,0,26.0,0,48,7,0.0,41,0,0
2024-07-18,44,5,12,3,0,28.6,0,41,14,0.0,27,0,0
2024-06-04,0,6,1,1,0,30.9,0,290,46,0.0,244,0,0
2024-06-05,1,6,1,2,0,29.2,0,244,47,0.0,197,0,0
2024-06-06,2,6,1,3,0,26.6,0,197,39,0.0,158,0,0
2024-06-07,3,6,1,4,0,33.8,0,158,47,0.0,111,0,0
2024-06-08,4,6,1,5,1,31.7,0,111,50,0.0,61,0,0
2024-06-09,5,6,1,6,1,31.4,0,61,42,0.0,19,0,0
2024-06-10,6,6,1,0,0,29.9,0,19,36,0.0,312,329,0
2024-06-11,7,6,1,1,0,28.2,0,312,30,0.0,282,0,0
2024-06-12,8,6,1,2,0,30.7,0,282,47,0.0,235,0,0
2024-06-13,9,6,1,3,0,33.1,0,235,43,0.0,192,0,0
2024-06-14,10,6,1,4,0,32.7,0,192,46,0.0,146,0,0
2024-06-15,11,6,1,5,1,29.9,0,146,45,0.0,101,0,0
2024-06-16,12,6,1,6,1,30.2,0,101,43,0.0,58,0,0
2024-06-17,13,6,1,0,0,28.3,0,58,38,0.0,310,290,0
2024-06-18,14,6,1,1,0,29.4,0,310,56,0.0,254,0,0
2024-06-19,15,6,1,2,0,30.8,0,254,41,0.0,213,0,0
2024-06-20,16,6,1,3,0,30.1,0,213,54,0.0,159,0,0
2024-06-21,17,6,1,4,0,30.4,0,159,41,0.0,118,0,0
2024-06-22,18,6,1,5,1,33.0,0,118,61,0.0,57,0,0
2024-06-23,19,6,1,6,1,31.0,0,57,57,0.0,0,0,0
2024-06-24,20,6,1,0,0,31.4,0,0,45,0.0,303,348,0
2024-06-25,21,6,1,1,0,30.6,0,303,57,0.0,246,0,0
2024-06-26,22,6,1,2,0,29.5,0,246,52,0.0,194,0,0
2024-06-27,23,6,1,3,0,30.9,0,194,40,0.0,154,0,0
2024-06-28,24,6,1,4,0,29.5,0,154,43,0.0,111,0,0
2024-06-29,25,6,1,5,1,29.3,0,111,58,0.0,53,0,0
2024-06-30,26,6,1,6,1,29.8,0,53,44,0.0,9,0,0
2024-07-01,27,6,1,0,0,30.1,0,9,40,0.0,308,339,0
2024-07-02,28,6,1,1,0,30.0,0,308,43,0.0,265,0,0
2024-07-03,29,6,1,2,0,30.1,0,265,39,0.0,226,0,0
2024-07-04,30,6,1,3,0,29.9,0,226,31,0.0,195,0,0
2024-07-05,31,6,1,4,0,29.6,0,195,51,0.0,144,0,0
2024-07-06,32,6,1,5,1,29.8,0,144,47,0.0,97,0,0
2024-07-07,33,6,1,6,1,28.9,0,97,44,0.0,53,0,0
2024-07-08,34,6,1,0,0,29.1,0,53,33,0.0,315,295,0
2024-07-09,35,6,1,1,0,28.5,0,315,52,0.0,263,0,0
2024-07-10,36,6,1,2,0,31.9,0,263,44,0.0,219,0,0
2024-07-11,37,6,1,3,0,30.5,0,219,38,0.0,181,0,0
2024-07-12,38,6,1,4,0,30.7,0,181,41,0.0,140,0,0
2024-07-13,39,6,1,5,1,30.2,0,140,37,0.0,103,0,0
2024-07-14,40,6,1,6,1,30.1,0,103,76,0.0,27,0,0
2024-07-15,41,6,1,0,0,28.7,0,27,44,0.0,304,321,0
2024-07-16,42,6,1,1,0,34.2,0,304,57,0.0,247,0,0
2024-07-17,43,6,1,2,0,29.1,0,247,46,0.0,201,0,0
2024-07-18,44,6,1,3,0,28.5,0,201,47,0.0,154,0,0
2024-06-04,0,6,2,1,0,30.9,0,14,20,0.0,11,17,0
2024-06-05,1,6,2,2,0,29.2,0,11,16,0.0,15,20,0
2024-06-06,2,6,2,3,0,26.6,0,15,16,0.0,15,16,0
2024-06-07,3,6,2,4,0,33.8,0,15,14,0.0,17,16,0
2024-06-08,4,6,2,5,1,31.7,0,17,23,0.0,8,14,0
2024-06-09,5,6,2,6,1,31.4,0,8,21,0.0,10,23,0
2024-06-10,6,6,2,0,0,29.9,0,10,25,0.0,6,21,0
2024-06-11,7,6,2,1,0,28.2,0,6,21,0.0,10,25,0
2024-06-12,8,6,2,2,0,30.7,0,10,19,0.0,12,21,0
2024-06-13,9,6,2,3,0,33.1,0,12,13,0.0,18,19,0
2024-06-14,10,6,2,4,0,32.7,0,18,22,0.0,9,13,0
2024-06-15,11,6,2,5,1,29.9,0,9,17,0.0,14,22,0
2024-06-16,12,6,2,6,1,30.2,0,14,22,0.0,9,17,0
2024-06-17,13,6,2,0,0,28.3,0,9,23,0.0,8,22,0
2024-06-18,14,6,2,1,0,29.4,0,8,10,0.0,21,23,0
2024-06-19,15,6,2,2,0,30.8,0,21,21,0.0,10,10,0
2024-06-20,16,6,2,3,0,30.1,0,10,14,0.0,17,21,0
2024-06-21,17,6,2,4,0,30.4,0,17,12,0.0,19,14,0
2024-06-22,18,6,2,5,1,33.0,0,19,28,0.0,3,12,0
2024-06-23,19,6,2,6,1,31.0,0,3,23,0.0,8,28,0
2024-06-24,20,6,2,0,0,31.4,0,8,19,0.0,12,23,0
2024-06-25,21,6,2,1,0,30.6,0,12,16,0.0,15,19,0
2024-06-26,22,6,2,2,0,29.5,0,15,16,0.0,15,16,0
2024-06-27,23,6,2,3,0,30.9,0,15,16,0.0,15,16,0
2024-06-28,24,6,2,4,0,29.5,0,15,16,0.0,15,16,0
2024-06-29,25,6,2,5,1,29.3,0,15,21,0.0,10,16,0
2024-06-30,26,6,2,6,1,29.8,0,10,26,0.0,5,21,0
2024-07-01,27,6,2,0,0,30.1,0,5,12,0.0,19,26,0
2024-07-02,28,6,2,1,0,30.0,0,19,19,0.0,12,12,0
2024-07-03,29,6,2,2,0,30.1,0,12,24,0.0,7,19,0
2024-07-04,30,6,2,3,0,29.9,0,7,10,0.0,21,24,0
2024-07-05,31,6,2,4,0,29.6,0,21,21,0.0,10,10,0
2024-07-06,32,6,2,5,1,29.8,0,10,24,0.0,7,21,0
2024-07-07,33,6,2,6,1,28.9,0,7,19,0.0,12,24,0
2024-07-08,34,6,2,0,0,29.1,0,12,27,0.0,4,19,0
2024-07-09,35,6,2,1,0,28.5,0,4,23,0.0,8,27,0
2024-07-10,36,6,2,2,0,31.9,0,8,17,0.0,14,23,0
2024-07-11,37,6,2,3,0,30.5,0,14,19,0.0,12,17,0
2024-07-12,38,6,2,4,0,30.7,0,12,24,0.0,7,19,0
2024-07-13,39,6,2,5,1,30.2,0,7,26,0.0,5,24,0
2024-07-14,40,6,2,6,1,30.1,0,5,31,0.0,0,26,0
2024-07-15,41,6,2,0,0,28.7,0,0,17,0.0,14,31,0
2024-07-16,42,6,2,1,0,34.2,0,14,23,0.0,8,17,0
2024-07-17,43,6,2,2,0,29.1,0,8,17,0.0,14,23,0
2024-07-18,44,6,2,3,0,28.5,0,14,17,0.0,14,17,0
2024-06-04,0,6,3,1,0,30.9,0,182,31,0.0,151,0,0
2024-06-05,1,6,3,2,0,29.2,0,151,43,0.0,108,0,0
2024-06-06,2,6,3,3,0,26.6,0,108,17,0.0,91,0,0
2024-06-07,3,6,3,4,0,33.8,0,91,17,0.0,74,0,0
2024-06-08,4,6,3,5,1,31.7,0,74,37,0.0,37,0,0
2024-06-09,5,6,3,6,1,31.4,0,37,21,0.0,16,0,0
2024-06-10,6,6,3,0,0,29.9,0,16,31,0.0,173,188,0
2024-06-11,7,6,3,1,0,28.2,0,173,28,0.0,145,0,0
2024-06-12,8,6,3,2,0,30.7,0,145,23,0.0,122,0,0
2024-06-13,9,6,3,3,0,33.1,0,122,32,0.0,90,0,0
2024-06-14,10,6,3,4,0,32.7,0,90,23,0.0,67,0,0
2024-06-15,11,6,3,5,1,29.9,0,67,35,0.0,32,0,0
2024-06-16,12,6,3,6,1,30.2,0,32,32,0.0,0,0,0
2024-06-17,13,6,3,0,0,28.3,0,0,21,0.0,183,204,0
2024-06-18,14,6,3,1,0,29.4,0,183,27,0.0,156,0,0
2024-06-19,15,6,3,2,0,30.8,0,156,33,0.0,123,0,0
2024-06-20,16,6,3,3,0,30.1,0,123,20,0.0,103,0,0
2024-06-21,17,6,3,4,0,30.4,0,103,21,0.0,82,0,0
2024-06-22,18,6,3,5,1,33.0,0,82,25,0.0,57,0,0
2024-06-23,19,6,3,6,1,31.0,0,57,38,0.0,19,0,0
2024-06-24,20,6,3,0,0,31.4,0,19,21,0.0,183,185,0
2024-06-25,21,6,3,1,0,30.6,0,183,28,0.0,155,0,0
2024-06-26,22,6,3,2,0,29.5,0,155,28,0.0,127,0,0
2024-06-27,23,6,3,3,0,30.9,0,127,17,0.0,110,0,0
2024-06-28,24,6,3,4,0,29.5,0,110,17,0.0,93,0,0
2024-06-29,25,6,3,5,1,29.3,0,93,30,0.0,63,0,0
2024-06-30,26,6,3,6,1,29.8,0,63,22,0.0,41,0,0
2024-07-01,27,6,3,0,0,30.1,0,41,19,0.0,185,163,0
2024-07-02,28,6,3,1,0,30.0,0,185,25,0.0,160,0,0
2024-07-03,29,6,3,2,0,30.1,0,160,24,0.0,136,0,0
2024-07-04,30,6,3,3,0,29.9,0,136,23,0.0,113,0,0
2024-07-05,31,6,3,4,0,29.6,0,113,23,0.0,90,0,0
2024-07-06,32,6,3,5,1,29.8,0,90,33,0.0,57,0,0
2024-07-07,33,6,3,6,1,28.9,0,57,20,0.0,37,0,0
2024-07-08,34,6,3,0,0,29.1,0,37,29,0.0,175,167,0
2024-07-09,35,6,3,1,0,28.5,0,175,30,0.0,145,0,0
2024-07-10,36,6,3,2,0,31.9,0,145,20,0.0,125,0,0
2024-07-11,37,6,3,3,0,30.5,0,125,30,0.0,95,0,0
2024-07-12,38,6,3,4,0,30.7,0,95,25,0.0,70,0,0
2024-07-13,39,6,3,5,1,30.2,0,70,29,0.0,41,0,0
2024-07-14,40,6,3,6,1,30.1,0,41,32,0.0,9,0,0
2024-07-15,41,6,3,0,0,28.7,0,9,31,0.0,173,195,0
2024-07-16,42,6,3,1,0,34.2,0,173,21,0.0,152,0,0
2024-07-17,43,6,3,2,0,29.1,0,152,27,0.0,125,0,0
2024-07-18,44,6,3,3,0,28.5,0,125,21,0.0,104,0,0
2024-06-04,0,6,4,1,0,30.9,0,157,21,0.0,136,0,0
2024-06-05,1,6,4,2,0,29.2,0,136,21,0.0,115,0,0
2024-06-06,2,6,4,3,0,26.6,0,115,24,0.0,91,0,0
2024-06-07,3,6,4,4,0,33.8,0,91,20,0.0,71,0,0
2024-06-08,4,6,4,5,1,31.7,0,71,29,0.0,42,0,0
2024-06-09,5,6,4,6,1,31.4,0,42,25,0.0,17,0,0
2024-06-10,6,6,4,0,0,29.9,0,17,30,0.0,154,167,0
2024-06-11,7,6,4,1,0,28.2,0,154,27,0.0,127,0,0
2024-06-12,8,6,4,2,0,30.7,0,127,26,0.0,101,0,0
2024-06-13,9,6,4,3,0,33.1,0,101,26,0.0,75,0,0
2024-06-14,10,6,4,4,0,32.7,0,75,18,0.0,57,0,0
2024-06-15,11,6,4,5,1,29.9,0,57,33,0.0,24,0,0
2024-06-16,12,6,4,6,1,30.2,0,24,24,0.0,0,0,0
2024-06-17,13,6,4,0,0,28.3,0,0,22,0.0,162,184,0
2024-06-18,14,6,4,1,0,29.4,0,162,26,0.0,136,0,0
2024-06-19,15,6,4,2,0,30.8,0,136,18,0.0,118,0,0
2024-06-20,16,6,4,3,0,30.1,0,118,19,0.0,99,0,0
2024-06-21,17,6,4,4,0,30.4,0,99,26,0.0,73,0,0
2024-06-22,18,6,4,5,1,33.0,0,73,25,0.0,48,0,0
2024-06-23,19,6,4,6,1,31.0,0,48,24,0.0,24,0,0
2024-06-24,20,6,4,0,0,31.4,0,24,25,0.0,159,160,0
2024-06-25,21,6,4,1,0,30.6,0,159,13,0.0,146,0,0
2024-06-26,22,6,4,2,0,29.5,0,146,26,0.0,120,0,0
2024-06-27,23,6,4,3,0,30.9,0,120,21,0.0,99,0,0
2024-06-28,24,6,4,4,0,29.5,0,99,17,0.0,82,0,0
2024-06-29,25,6,4,5,1,29.3,0,82,20,0.0,62,0,0
2024-06-30,26,6,4,6,1,29.8,0,62,29,0.0,33,0,0
2024-07-01,27,6,4,0,0,30.1,0,33,23,0.0,161,151,0
2024-07-02,28,6,4,1,0,30.0,0,161,26,0.0,135,0,0
2024-07-03,29,6,4,2,0,30.1,0,135,26,0.0,109,0,0
2024-07-04,30,6,4,3,0,29.9,0,109,14,0.0,95,0,0
2024-07-05,31,6,4,4,0,29.6,0,95,22,0.0,73,0,0
2024-07-06,32,6,4,5,1,29.8,0,73,21,0.0,52,0,0
2024-07-07,33,6,4,6,1,28.9,0,52,25,0.0,27,0,0
2024-07-08,34,6,4,0,0,29.1,0,27,21,0.0,163,157,0
2024-07-09,35,6,4,1,0,28.5,0,163,20,0.0,143,0,0
2024-07-10,36,6,4,2,0,31.9,0,143,25,0.0,118,0,0
2024-07-11,37,6,4,3,0,30.5,0,118,31,0.0,87,0,0
2024-07-12,38,6,4,4,0,30.7,0,87,24,0.0,63,0,0
2024-07-13,39,6,4,5,1,30.2,0,63,27,0.0,36,0,0
2024-07-14,40,6,4,6,1,30.1,0,36,29,0.0,7,0,0
2024-07-15,41,6,4,0,0,28.7,0,7,27,0.0,157,177,0
2024-07-16,42,6,4,1,0,34.2,0,157,28,0.0,129,0,0
2024-07-17,43,6,4,2,0,29.1,0,129,28,0.0,101,0,0
2024-07-18,44,6,4,3,0,28.5,0,101,21,0.0,80,0,0
2024-06-04,0,6,5,1,0,30.9,0,71,16,0.0,55,0,0
2024-06-05,1,6,5,2,0,29.2,0,55,8,0.0,47,0,0
2024-06-06,2,6,5,3,0,26.6,0,47,11,0.0,36,0,0
2024-06-07,3,6,5,4,0,33.8,0,36,7,0.0,29,0,0
2024-06-08,4,6,5,5,1,31.7,0,29,10,0.0,19,0,0
2024-06-09,5,6,5,6,1,31.4,0,19,11,0.0,8,0,0
2024-06-10,6,6,5,0,0,29.9,0,8,13,0.0,66,71,0
2024-06-11,7,6,5,1,0,28.2,0,66,11,0.0,55,0,0
2024-06-12,8,6,5,2,0,30.7,0,55,6,0.0,49,0,0
2024-06-13,9,6,5,3,0,33.1,0,49,8,0.0,41,0,0
2024-06-14,10,6,5,4,0,32.7,0,41,14,0.0,27,0,0
2024-06-15,11,6,5,5,1,29.9,0,27,9,0.0,18,0,0
2024-06-16,12,6,5,6,1,30.2,0,18,16,0.0,2,0,0
2024-06-17,13,6,5,0,0,28.3,0,2,12,0.0,67,77,0
2024-06-18,14,6,5,1,0,29.4,0,67,8,0.0,59,0,0
2024-06-19,15,6,5,2,0,30.8,0,59,5,0.0,54,0,0
2024-06-20,16,6,5,3,0,30.1,0,54,10,0.0,44,0,0
2024-06-21,17,6,5,4,0,30.4,0,44,11,0.0,33,0,0
2024-06-22,18,6,5,5,1,33.0,0,33,7,0.0,26,0,0
2024-06-23,19,6,5,6,1,31.0,0,26,12,0.0,14,0,0
2024-06-24,20,6,5,0,0,31.4,0,14,11,0.0,68,65,0
2024-06-25,21,6,5,1,0,30.6,0,68,16,0.0,52,0,0
2024-06-26,22,6,5,2,0,29.5,0,52,10,0.0,42,0,0
2024-06-27,23,6,5,3,0,30.9,0,42,5,0.0,37,0,0
2024-06-28,24,6,5,4,0,29.5,0,37,6,0.0,31,0,0
2024-06-29,25,6,5,5,1,29.3,0,31,7,0.0,24,0,0
2024-06-30,26,6,5,6,1,29.8,0,24,13,0.0,11,0,0
2024-07-01,27,6,5,0,0,30.1,0,11,11,0.0,68,68,0
2024-07-02,28,6,5,1,0,30.0,0,68,8,0.0,60,0,0
2024-07-03,29,6,5,2,0,30.1,0,60,15,0.0,45,0,0
2024-07-04,30,6,5,3,0,29.9,0,45,5,0.0,40,0,0
2024-07-05,31,6,5,4,0,29.6,0,40,8,0.0,32,0,0
2024-07-06,32,6,5,5,1,29.8,0,32,13,0.0,19,0,0
2024-07-07,33,6,5,6,1,28.9,0,19,19,0.0,0,0,0
2024-07-08,34,6,5,0,0,29.1,0,0,12,0.0,67,79,0
2024-07-09,35,6,5,1,0,28.5,0,67,10,0.0,57,0,0
2024-07-10,36,6,5,2,0,31.9,0,57,9,0.0,48,0,0
2024-07-11,37,6,5,3,0,30.5,0,48,11,0.0,37,0,0
2024-07-12,38,6,5,4,0,30.7,0,37,8,0.0,29,0,0
2024-07-13,39,6,5,5,1,30.2,0,29,11,0.0,18,0,0
2024-07-14,40,6,5,6,1,30.1,0,18,14,0.0,4,0,0
2024-07-15,41,6,5,0,0,28.7,0,4,14,0.0,65,75,0
2024-07-16,42,6,5,1,0,34.2,0,65,12,0.0,53,0,0
2024-07-17,43,6,5,2,0,29.1,0,53,11,0.0,42,0,0
2024-07-18,44,6,5,3,0,28.5,0,42,6,0.0,36,0,0
2024-06-04,0,6,6,1,0,30.9,0,34,2,0.0,32,0,0
2024-06-05,1,6,6,2,0,29.2,0,32,6,0.0,26,0,0
2024-06-06,2,6,6,3,0,26.6,0,26,5,0.0,21,0,0
2024-06-07,3,6,6,4,0,33.8,0,21,6,0.0,15,0,0
2024-06-08,4,6,6,5,1,31.7,0,15,7,0.0,8,0,0
2024-06-09,5,6,6,6,1,31.4,0,8,6,0.0,2,0,0
2024-06-10,6,6,6,0,0,29.9,0,2,5,0.0,34,37,0
2024-06-11,7,6,6,1,0,28.2,0,34,3,0.0,31,0,0
2024-06-12,8,6,6,2,0,30.7,0,31,6,0.0,25,0,0
2024-06-13,9,6,6,3,0,33.1,0,25,3,0.0,22,0,0
2024-06-14,10,6,6,4,0,32.7,0,22,3,0.0,19,0,0
2024-06-15,11,6,6,5,1,29.9,0,19,1,0.0,18,0,0
2024-06-16,12,6,6,6,1,30.2,0,18,4,0.0,14,0,0
2024-06-17,13,6,6,0,0,28.3,0,14,3,0.0,36,25,0
2024-06-18,14,6,6,1,0,29.4,0,36,2,0.0,34,0,0
2024-06-19,15,6,6,2,0,30.8,0,34,3,0.0,31,0,0
2024-06-20,16,6,6,3,0,30.1,0,31,3,0.0,28,0,0
2024-06-21,17,6,6,4,0,30.4,0,28,1,0.0,27,0,0
2024-06-22,18,6,6,5,1,33.0,0,27,4,0.0,23,0,0
2024-06-23,19,6,6,6,1,31.0,0,23,10,0.0,13,0,0
2024-06-24,20,6,6,0,0,31.4,0,13,2,0.0,37,26,0
2024-06-25,21,6,6,1,0,30.6,0,37,8,0.0,29,0,0
2024-06-26,22,6,6,2,0,29.5,0,29,2,0.0,27,0,0
2024-06-27,23,6,6,3,0,30.9,0,27,2,0.0,25,0,0
2024-06-28,24,6,6,4,0,29.5,0,25,4,0.0,21,0,0
2024-06-29,25,6,6,5,1,29.3,0,21,6,0.0,15,0,0
2024-06-30,26,6,6,6,1,29.8,0,15,2,0.0,13,0,0
2024-07-01,27,6,6,0,0,30.1,0,13,7,0.0,32,26,0
2024-07-02,28,6,6,1,0,30.0,0,32,5,0.0,27,0,0
2024-07-03,29,6,6,2,0,30.1,0,27,7,0.0,20,0,0
2024-07-04,30,6,6,3,0,29.9,0,20,7,0.0,13,0,0
2024-07-05,31,6,6,4,0,29.6,0,13,7,0.0,6,0,0
2024-07-06,32,6,6,5,1,29.8,0,6,4,0.0,2,0,0
2024-07-07,33,6,6,6,1,28.9,0,2,2,0.0,0,0,0
2024-07-08,34,6,6,0,0,29.1,0,0,5,0.0,34,39,0
2024-07-09,35,6,6,1,0,28.5,0,34,4,0.0,30,0,0
2024-07-10,36,6,6,2,0,31.9,0,30,2,0.0,28,0,0
2024-07-11,37,6,6,3,0,30.5,0,28,9,0.0,19,0,0
2024-07-12,38,6,6,4,0,30.7,0,19,4,0.0,15,0,0
2024-07-13,39,6,6,5,1,30.2,0,15,10,0.0,5,0,0
2024-07-14,40,6,6,6,1,30.1,0,5,5,0.0,0,0,0
2024-07-15,41,6,6,0,0,28.7,0,0,4,0.0,35,39,0
2024-07-16,42,6,6,1,0,34.2,0,35,3,0.0,32,0,0
2024-07-17,43,6,6,2,0,29.1,0,32,6,0.0,26,0,0
2024-07-18,44,6,6,3,0,28.5,0,26,5,0.0,21,0,0
2024-06-04,0,6,7,1,0,30.9,0,27,6,0.0,21,0,0
2024-06-05,1,6,7,2,0,29.2,0,21,2,0.0,19,0,0
2024-06-06,2,6,7,3,0,26.6,0,19,3,0.0,16,0,0
2024-06-07,3,6,7,4,0,33.8,0,16,3,0.0,13,0,0
2024-06-08,4,6,7,5,1,31.7,0,13,6,0.0,7,0,0
2024-06-09,5,6,7,6,1,31.4,0,7,6,0.0,1,0,0
2024-06-10,6,6,7,0,0,29.9,0,1,4,0.0,27,30,0
2024-06-11,7,6,7,1,0,28.2,0,27,2,0.0,25,0,0
2024-06-12,8,6,7,2,0,30.7,0,25,8,0.0,17,0,0
2024-06-13,9,6,7,3,0,33.1,0,17,4,0.0,13,0,0
2024-06-14,10,6,7,4,0,32.7,0,13,2,0.0,11,0,0
2024-06-15,11,6,7,5,1,29.9,0,11,5,0.0,6,0,0
2024-06-16,12,6,7,6,1,30.2,0,6,5,0.0,1,0,0
2024-06-17,13,6,7,0,0,28.3,0,1,1,0.0,30,30,0
2024-06-18,14,6,7,1,0,29.4,0,30,4,0.0,26,0,0
2024-06-19,15,6,7,2,0,30.8,0,26,6,0.0,20,0,0
2024-06-20,16,6,7,3,0,30.1,0,20,3,0.0,17,0,0
2024-06-21,17,6,7,4,0,30.4,0,17,2,0.0,15,0,0
2024-06-22,18,6,7,5,1,33.0,0,15,5,0.0,10,0,0
2024-06-23,19,6,7,6,1,31.0,0,10,2,0.0,8,0,0
2024-06-24,20,6,7,0,0,31.4,0,8,7,0.0,24,23,0
2024-06-25,21,6,7,1,0,30.6,0,24,8,0.0,16,0,0
2024-06-26,22,6,7,2,0,29.5,0,16,1,0.0,15,0,0
2024-06-27,23,6,7,3,0,30.9,0,15,1,0.0,14,0,0
2024-06-28,24,6,7,4,0,29.5,0,14,0,0.0,14,0,0
2024-06-29,25,6,7,5,1,29.3,0,14,6,0.0,8,0,0
2024-06-30,26,6,7,6,1,29.8,0,8,5,0.0,3,0,0
2024-07-01,27,6,7,0,0,30.1,0,3,3,0.0,28,28,0
2024-07-02,28,6,7,1,0,30.0,0,28,4,0.0,24,0,0
2024-07-03,29,6,7,2,0,30.1,0,24,3,0.0,21,0,0
2024-07-04,30,6,7,3,0,29.9,0,21,4,0.0,17,0,0
2024-07-05,31,6,7,4,0,29.6,0,17,2,0.0,15,0,0
2024-07-06,32,6,7,5,1,29.8,0,15,11,0.0,4,0,0
2024-07-07,33,6,7,6,1,28.9,0,4,4,0.0,0,0,0
2024-07-08,34,6,7,0,0,29.1,0,0,3,0.0,28,31,0
2024-07-09,35,6,7,1,0,28.5,0,28,2,0.0,26,0,0
2024-07-10,36,6,7,2,0,31.9,0,26,3,0.0,23,0,0
2024-07-11,37,6,7,3,0,30.5,0,23,3,0.0,20,0,0
2024-07-12,38,6,7,4,0,30.7,0,20,1,0.0,19,0,0
2024-07-13,39,6,7,5,1,30.2,0,19,7,0.0,12,0,0
2024-07-14,40,6,7,6,1,30.1,0,12,3,0.0,9,0,0
2024-07-15,41,6,7,0,0,28.7,0,9,3,0.0,28,22,0
2024-07-16,42,6,7,1,0,34.2,0,28,4,0.0,24,0,0
2024-07-17,43,6,7,2,0,29.1,0,24,5,0.0,19,0,0
2024-07-18,44,6,7,3,0,28.5,0,19,3,0.0,16,0,0
2024-06-04,0,6,8,1,0,30.9,0,277,34,0.0,243,0,0
2024-06-05,1,6,8,2,0,29.2,0,243,33,0.0,210,0,0
2024-06-06,2,6,8,3,0,26.6,0,210,33,0.0,177,0,0
2024-06-07,3,6,8,4,0,33.8,0,177,52,0.0,125,0,0
2024-06-08,4,6,8,5,1,31.7,0,125,51,0.0,74,0,0
2024-06-09,5,6,8,6,1,31.4,0,74,45,0.0,29,0,0
2024-06-10,6,6,8,0,0,29.9,0,29,44,0.0,282,297,0
2024-06-11,7,6,8,1,0,28.2,0,282,65,0.0,217,0,0
2024-06-12,8,6,8,2,0,30.7,0,217,44,0.0,173,0,0
2024-06-13,9,6,8,3,0,33.1,0,173,36,0.0,137,0,0
2024-06-14,10,6,8,4,0,32.7,0,137,39,0.0,98,0,0
2024-06-15,11,6,8,5,1,29.9,0,98,39,0.0,59,0,0
2024-06-16,12,6,8,6,1,30.2,0,59,49,0.0,10,0,0
2024-06-17,13,6,8,0,0,28.3,0,10,40,0.0,286,316,0
2024-06-18,14,6,8,1,0,29.4,0,286,35,0.0,251,0,0
2024-06-19,15,6,8,2,0,30.8,0,251,29,0.0,222,0,0
2024-06-20,16,6,8,3,0,30.1,0,222,51,0.0,171,0,0
2024-06-21,17,6,8,4,0,30.4,0,171,46,0.0,125,0,0
2024-06-22,18,6,8,5,1,33.0,0,125,54,0.0,71,0,0
2024-06-23,19,6,8,6,1,31.0,0,71,53,0.0,18,0,0
2024-06-24,20,6,8,0,0,31.4,0,18,50,0.0,276,308,0
2024-06-25,21,6,8,1,0,30.6,0,276,29,0.0,247,0,0
2024-06-26,22,6,8,2,0,29.5,0,247,41,0.0,206,0,0
2024-06-27,23,6,8,3,0,30.9,0,206,41,0.0,165,0,0
2024-06-28,24,6,8,4,0,29.5,0,165,32,0.0,133,0,0
2024-06-29,25,6,8,5,1,29.3,0,133,49,0.0,84,0,0
2024-06-30,26,6,8,6,1,29.8,0,84,52,0.0,32,0,0
2024-07-01,27,6,8,0,0,30.1,0,32,30,0.0,296,294,0
2024-07-02,28,6,8,1,0,30.0,0,296,44,0.0,252,0,0
2024-07-03,29,6,8,2,0,30.1,0,252,36,0.0,216,0,0
2024-07-04,30,6,8,3,0,29.9,0,216,54,0.0,162,0,0
2024-07-05,31,6,8,4,0,29.6,0,162,39,0.0,123,0,0
2024-07-06,32,6,8,5,1,29.8,0,123,43,0.0,80,0,0
2024-07-07,33,6,8,6,1,28.9,0,80,80,0.0,0,0,0
2024-07-08,34,6,8,0,0,29.1,0,0,38,0.0,288,326,0
2024-07-09,35,6,8,1,0,28.5,0,288,27,0.0,261,0,0
2024-07-10,36,6,8,2,0,31.9,0,261,36,0.0,225,0,0
2024-07-11,37,6,8,3,0,30.5,0,225,38,0.0,187,0,0
2024-07-12,38,6,8,4,0,30.7,0,187,40,0.0,147,0,0
2024-07-13,39,6,8,5,1,30.2,0,147,45,0.0,102,0,0
2024-07-14,40,6,8,6,1,30.1,0,102,46,0.0,56,0,0
2024-07-15,41,6,8,0,0,28.7,0,56,58,0.0,268,270,0
2024-07-16,42,6,8,1,0,34.2,0,268,62,0.0,206,0,0
2024-07-17,43,6,8,2,0,29.1,0,206,41,0.0,165,0,0
2024-07-18,44,6,8,3,0,28.5,0,165,33,0.0,132,0,0
2024-06-04,0,6,9,1,0,30.9,0,12,11,0.0,13,12,0
2024-06-05,1,6,9,2,0,29.2,0,13,16,0.0,8,11,0
2024-06-06,2,6,9,3,0,26.6,0,8,12,0.0,12,16,0
2024-06-07,3,6,9,4,0,33.8,0,12,12,0.0,12,12,0
2024-06-08,4,6,9,5,1,31.7,0,12,12,0.0,12,12,0
2024-06-09,5,6,9,6,1,31.4,0,12,16,0.0,8,12,0
2024-06-10,6,6,9,0,0,29.9,0,8,13,0.0,11,16,0
2024-06-11,7,6,9,1,0,28.2,0,11,14,0.0,10,13,0
2024-06-12,8,6,9,2,0,30.7,0,10,14,0.0,10,14,0
2024-06-13,9,6,9,3,0,33.1,0,10,11,0.0,13,14,0
2024-06-14,10,6,9,4,0,32.7,0,13,18,0.0,6,11,0
2024-06-15,11,6,9,5,1,29.9,0,6,17,0.0,7,18,0
2024-06-16,12,6,9,6,1,30.2,0,7,19,0.0,5,17,0
2024-06-17,13,6,9,0,0,28.3,0,5,8,0.0,16,19,0
2024-06-18,14,6,9,1,0,29.4,0,16,11,0.0,13,8,0
2024-06-19,15,6,9,2,0,30.8,0,13,16,0.0,8,11,0
2024-06-20,16,6,9,3,0,30.1,0,8,11,0.0,13,16,0
2024-06-21,17,6,9,4,0,30.4,0,13,10,0.0,14,11,0
2024-06-22,18,6,9,5,1,33.0,0,14,15,0.0,9,10,0
2024-06-23,19,6,9,6,1,31.0,0,9,18,0.0,6,15,0
2024-06-24,20,6,9,0,0,31.4,0,6,9,0.0,15,18,0
2024-06-25,21,6,9,1,0,30.6,0,15,19,0.0,5,9,0
2024-06-26,22,6,9,2,0,29.5,0,5,10,0.0,14,19,0
2024-06-27,23,6,9,3,0,30.9,0,14,18,0.0,6,10,0
2024-06-28,24,6,9,4,0,29.5,0,6,14,0.0,10,18,0
2024-06-29,25,6,9,5,1,29.3,0,10,12,0.0,12,14,0
2024-06-30,26,6,9,6,1,29.8,0,12,24,0.0,0,12,0
2024-07-01,27,6,9,0,0,30.1,0,0,17,0.0,7,24,0
2024-07-02,28,6,9,1,0,30.0,0,7,6,0.0,18,17,0
2024-07-03,29,6,9,2,0,30.1,0,18,22,0.0,2,6,0
2024-07-04,30,6,9,3,0,29.9,0,2,8,0.0,16,22,0
2024-07-05,31,6,9,4,0,29.6,0,16,11,0.0,13,8,0
2024-07-06,32,6,9,5,1,29.8,0,13,15,0.0,9,11,0
2024-07-07,33,6,9,6,1,28.9,0,9,17,0.0,7,15,0
2024-07-08,34,6,9,0,0,29.1,0,7,15,0.0,9,17,0
2024-07-09,35,6,9,1,0,28.5,0,9,19,0.0,5,15,0
2024-07-10,36,6,9,2,0,31.9,0,5,9,0.0,15,19,0
2024-07-11,37,6,9,3,0,30.5,0,15,11,0.0,13,9,0
2024-07-12,38,6,9,4,0,30.7,0,13,15,0.0,9,11,0
2024-07-13,39,6,9,5,1,30.2,0,9,17,0.0,7,15,0
2024-07-14,40,6,9,6,1,30.1,0,7,14,0.0,10,17,0
2024-07-15,41,6,9,0,0,28.7,0,10,5,0.0,19,14,0
2024-07-16,42,6,9,1,0,34.2,0,19,14,0.0,10,5,0
2024-07-17,43,6,9,2,0,29.1,0,10,16,0.0,8,14,0
2024-07-18,44,6,9,3,0,28.5,0,8,16,0.0,8,16,0
2024-06-04,0,6,10,1,0,30.9,0,126,17,0.0,109,0,0
2024-06-05,1,6,10,2,0,29.2,0,109,16,0.0,93,0,0
2024-06-06,2,6,10,3,0,26.6,0,93,22,0.0,71,0,0
2024-06-07,3,6,10,4,0,33.8,0,71,10,0.0,61,0,0
2024-06-08,4,6,10,5,1,31.7,0,61,26,0.0,35,0,0
2024-06-09,5,6,10,6,1,31.4,0,35,25,0.0,10,0,0
2024-06-10,6,6,10,0,0,29.9,0,10,12,0.0,132,134,0
2024-06-11,7,6,10,1,0,28.2,0,132,21,0.0,111,0,0
2024-06-12,8,6,10,2,0,30.7,0,111,21,0.0,90,0,0
2024-06-13,9,6,10,3,0,33.1,0,90,15,0.0,75,0,0
2024-06-14,10,6,10,4,0,32.7,0,75,14,0.0,61,0,0
2024-06-15,11,6,10,5,1,29.9,0,61,19,0.0,42,0,0
2024-06-16,12,6,10,6,1,30.2,0,42,17,0.0,25,0,0
2024-06-17,13,6,10,0,0,28.3,0,25,16,0.0,128,119,0
2024-06-18,14,6,10,1,0,29.4,0,128,26,0.0,102,0,0
2024-06-19,15,6,10,2,0,30.8,0,102,22,0.0,80,0,0
2024-06-20,16,6,10,3,0,30.1,0,80,13,0.0,67,0,0
2024-06-21,17,6,10,4,0,30.4,0,67,19,0.0,48,0,0
2024-06-22,18,6,10,5,1,33.0,0,48,22,0.0,26,0,0
2024-06-23,19,6,10,6,1,31.0,0,26,12,0.0,14,0,0
2024-06-24,20,6,10,0,0,31.4,0,14,19,0.0,125,130,0
2024-06-25,21,6,10,1,0,30.6,0,125,19,0.0,106,0,0
2024-06-26,22,6,10,2,0,29.5,0,106,17,0.0,89,0,0
2024-06-27,23,6,10,3,0,30.9,0,89,17,0.0,72,0,0
2024-06-28,24,6,10,4,0,29.5,0,72,15,0.0,57,0,0
2024-06-29,25,6,10,5,1,29.3,0,57,21,0.0,36,0,0
2024-06-30,26,6,10,6,1,29.8,0,36,17,0.0,19,0,0
2024-07-01,27,6,10,0,0,30.1,0,19,13,0.0,131,125,0
2024-07-02,28,6,10,1,0,30.0,0,131,23,0.0,108,0,0
2024-07-03,29,6,10,2,0,30.1,0,108,23,0.0,85,0,0
2024-07-04,30,6,10,3,0,29.9,0,85,18,0.0,67,0,0
2024-07-05,31,6,10,4,0,29.6,0,67,24,0.0,43,0,0
2024-07-06,32,6,10,5,1,29.8,0,43,23,0.0,20,0,0
2024-07-07,33,6,10,6,1,28.9,0,20,20,0.0,0,0,0
2024-07-08,34,6,10,0,0,29.1,0,0,22,0.0,122,144,0
2024-07-09,35,6,10,1,0,28.5,0,122,16,0.0,106,0,0
2024-07-10,36,6,10,2,0,31.9,0,106,25,0.0,81,0,0
2024-07-11,37,6,10,3,0,30.5,0,81,10,0.0,71,0,0
2024-07-12,38,6,10,4,0,30.7,0,71,31,0.0,40,0,0
2024-07-13,39,6,10,5,1,30.2,0,40,23,0.0,17,0,0
2024-07-14,40,6,10,6,1,30.1,0,17,15,0.0,2,0,0
2024-07-15,41,6,10,0,0,28.7,0,2,19,0.0,125,142,0
2024-07-16,42,6,10,1,0,34.2,0,125,18,0.0,107,0,0
2024-07-17,43,6,10,2,0,29.1,0,107,14,0.0,93,0,0
2024-07-18,44,6,10,3,0,28.5,0,93,21,0.0,72,0,0
2024-06-04,0,6,11,1,0,30.9,0,177,27,0.0,150,0,0
2024-06-05,1,6,11,2,0,29.2,0,150,15,0.0,135,0,0
2024-06-06,2,6,11,3,0,26.6,0,135,27,0.0,108,0,0
2024-06-07,3,6,11,4,0,33.8,0,108,24,0.0,84,0,0
2024-06-08,4,6,11,5,1,31.7,0,84,29,0.0,55,0,0
2024-06-09,5,6,11,6,1,31.4,0,55,22,0.0,33,0,0
2024-06-10,6,6,11,0,0,29.9,0,33,15,0.0,180,162,0
2024-06-11,7,6,11,1,0,28.2,0,180,20,0.0,160,0,0
2024-06-12,8,6,11,2,0,30.7,0,160,15,0.0,145,0,0
2024-06-13,9,6,11,3,0,33.1,0,145,18,0.0,127,0,0
2024-06-14,10,6,11,4,0,32.7,0,127,17,0.0,110,0,0
2024-06-15,11,6,11,5,1,29.9,0,110,19,0.0,91,0,0
2024-06-16,12,6,11,6,1,30.2,0,91,19,0.0,72,0,0
2024-06-17,13,6,11,0,0,28.3,0,72,30,0.0,165,123,0
2024-06-18,14,6,11,1,0,29.4,0,165,21,0.0,144,0,0
2024-06-19,15,6,11,2,0,30.8,0,144,19,0.0,125,0,0
2024-06-20,16,6,11,3,0,30.1,0,125,40,0.0,85,0,0
2024-06-21,17,6,11,4,0,30.4,0,85,26,0.0,59,0,0
2024-06-22,18,6,11,5,1,33.0,0,59,27,0.0,32,0,0
2024-06-23,19,6,11,6,1,31.0,0,32,32,0.0,0,0,0
2024-06-24,20,6,11,0,0,31.4,0,0,19,0.0,176,195,0
2024-06-25,21,6,11,1,0,30.6,0,176,29,0.0,147,0,0
2024-06-26,22,6,11,2,0,29.5,0,147,25,0.0,122,0,0
2024-06-27,23,6,11,3,0,30.9,0,122,20,0.0,102,0,0
2024-06-28,24,6,11,4,0,29.5,0,102,20,0.0,82,0,0
2024-06-29,25,6,11,5,1,29.3,0,82,30,0.0,52,0,0
2024-06-30,26,6,11,6,1,29.8,0,52,21,0.0,31,0,0
2024-07-01,27,6,11,0,0,30.1,0,31,25,0.0,170,164,0
2024-07-02,28,6,11,1,0,30.0,0,170,24,0.0,146,0,0
2024-07-03,29,6,11,2,0,30.1,0,146,19,0.0,127,0,0
2024-07-04,30,6,11,3,0,29.9,0,127,32,0.0,95,0,0
2024-07-05,31,6,11,4,0,29.6,0,95,30,0.0,65,0,0
2024-07-06,32,6,11,5,1,29.8,0,65,25,0.0,40,0,0
2024-07-07,33,6,11,6,1,28.9,0,40,24,0.0,16,0,0
2024-07-08,34,6,11,0,0,29.1,0,16,19,0.0,176,179,0
2024-07-09,35,6,11,1,0,28.5,0,176,20,0.0,156,0,0
2024-07-10,36,6,11,2,0,31.9,0,156,18,0.0,138,0,0
2024-07-11,37,6,11,3,0,30.5,0,138,22,0.0,116,0,0
2024-07-12,38,6,11,4,0,30.7,0,116,22,0.0,94,0,0
2024-07-13,39,6,11,5,1,30.2,0,94,23,0.0,71,0,0
2024-07-14,40,6,11,6,1,30.1,0,71,26,0.0,45,0,0
2024-07-15,41,6,11,0,0,28.7,0,45,31,0.0,164,150,0
2024-07-16,42,6,11,1,0,34.2,0,164,19,0.0,145,0,0
2024-07-17,43,6,11,2,0,29.1,0,145,27,0.0,118,0,0
2024-07-18,44,6,11,3,0,28.5,0,118,20,0.0,98,0,0
2024-06-04,0,6,12,1,0,30.9,0,17,8,0.0,56,47,0
2024-06-05,1,6,12,2,0,29.2,0,56,16,0.0,40,0,0
2024-06-06,2,6,12,3,0,26.6,0,40,10,0.0,30,0,0
2024-06-07,3,6,12,4,0,33.8,0,30,15,0.0,15,0,0
2024-06-08,4,6,12,5,1,31.7,0,15,9,0.0,6,0,0
2024-06-09,5,6,12,6,1,31.4,0,6,8,0.0,56,58,0
2024-06-10,6,6,12,0,0,29.9,0,56,9,0.0,47,0,0
2024-06-11,7,6,12,1,0,28.2,0,47,8,0.0,39,0,0
2024-06-12,8,6,12,2,0,30.7,0,39,9,0.0,30,0,0
2024-06-13,9,6,12,3,0,33.1,0,30,6,0.0,24,0,0
2024-06-14,10,6,12,4,0,32.7,0,24,8,0.0,56,40,0
2024-06-15,11,6,12,5,1,29.9,0,56,6,0.0,50,0,0
2024-06-16,12,6,12,6,1,30.2,0,50,13,0.0,37,0,0
2024-06-17,13,6,12,0,0,28.3,0,37,12,0.0,25,0,0
2024-06-18,14,6,12,1,0,29.4,0,25,11,0.0,14,0,0
2024-06-19,15,6,12,2,0,30.8,0,14,15,0.0,49,50,0
2024-06-20,16,6,12,3,0,30.1,0,49,9,0.0,40,0,0
2024-06-21,17,6,12,4,0,30.4,0,40,11,0.0,29,0,0
2024-06-22,18,6,12,5,1,33.0,0,29,12,0.0,17,0,0
2024-06-23,19,6,12,6,1,31.0,0,17,16,0.0,1,0,0
2024-06-24,20,6,12,0,0,31.4,0,1,9,0.0,55,63,0
2024-06-25,21,6,12,1,0,30.6,0,55,7,0.0,48,0,0
2024-06-26,22,6,12,2,0,29.5,0,48,10,0.0,38,0,0
2024-06-27,23,6,12,3,0,30.9,0,38,14,0.0,24,0,0
2024-06-28,24,6,12,4,0,29.5,0,24,12,0.0,12,0,0
2024-06-29,25,6,12,5,1,29.3,0,12,12,0.0,52,52,0
2024-06-30,26,6,12,6,1,29.8,0,52,12,0.0,40,0,0
2024-07-01,27,6,12,0,0,30.1,0,40,13,0.0,27,0,0
2024-07-02,28,6,12,1,0,30.0,0,27,14,0.0,13,0,0
2024-07-03,29,6,12,2,0,30.1,0,13,13,0.0,0,0,0
2024-07-04,30,6,12,3,0,29.9,0,0,11,0.0,53,64,0
2024-07-05,31,6,12,4,0,29.6,0,53,9,0.0,44,0,0
2024-07-06,32,6,12,5,1,29.8,0,44,13,0.0,31,0,0
2024-07-07,33,6,12,6,1,28.9,0,31,12,0.0,19,0,0
2024-07-08,34,6,12,0,0,29.1,0,19,14,0.0,5,0,0
2024-07-09,35,6,12,1,0,28.5,0,5,10,0.0,54,59,0
2024-07-10,36,6,12,2,0,31.9,0,54,14,0.0,40,0,0
2024-07-11,37,6,12,3,0,30.5,0,40,10,0.0,30,0,0
2024-07-12,38,6,12,4,0,30.7,0,30,5,0.0,25,0,0
2024-07-13,39,6,12,5,1,30.2,0,25,9,0.0,16,0,0
2024-07-14,40,6,12,6,1,30.1,0,16,8,0.0,56,48,0
2024-07-15,41,6,12,0,0,28.7,0,56,8,0.0,48,0,0
2024-07-16,42,6,12,1,0,34.2,0,48,13,0.0,35,0,0
2024-07-17,43,6,12,2,0,29.1,0,35,7,0.0,28,0,0
2024-07-18,44,6,12,3,0,28.5,0,28,5,0.0,23,0,0
2024-06-04,0,7,1,1,0,36.1,0,331,58,0.0,273,0,0
2024-06-05,1,7,1,2,0,34.4,0,273,59,0.0,214,0,0
2024-06-06,2,7,1,3,0,32.8,0,214,40,0.0,174,0,0
2024-06-07,3,7,1,4,0,32.8,0,174,55,0.0,119,0,0
2024-06-08,4,7,1,5,1,33.1,0,119,50,0.0,69,0,0
2024-06-09,5,7,1,6,1,33.8,0,69,52,0.0,17,0,0
2024-06-10,6,7,1,0,0,33.9,0,17,59,0.0,333,375,0
2024-06-11,7,7,1,1,0,33.1,0,333,61,0.0,272,0,0
2024-06-12,8,7,1,2,0,34.1,0,272,56,0.0,216,0,0
2024-06-13,9,7,1,3,0,33.1,0,216,47,0.0,169,0,0
2024-06-14,10,7,1,4,0,33.9,0,169,54,0.0,115,0,0
2024-06-15,11,7,1,5,1,33.4,0,115,50,0.0,65,0,0
2024-06-16,12,7,1,6,1,31.7,0,65,60,0.0,5,0,0
2024-06-17,13,7,1,0,0,35.9,0,5,46,0.0,346,387,0
2024-06-18,14,7,1,1,0,33.6,0,346,51,0.0,295,0,0
2024-06-19,15,7,1,2,0,31.6,0,295,42,0.0,253,0,0
2024-06-20,16,7,1,3,0,32.1,0,253,54,0.0,199,0,0
2024-06-21,17,7,1,4,0,35.1,0,199,49,0.0,150,0,0
2024-06-22,18,7,1,5,1,36.1,0,150,61,0.0,89,0,0
2024-06-23,19,7,1,6,1,31.4,0,89,67,0.0,22,0,0
2024-06-24,20,7,1,0,0,35.1,0,22,60,0.0,332,370,0
2024-06-25,21,7,1,1,0,31.2,0,332,50,0.0,282,0,0
2024-06-26,22,7,1,2,0,32.1,0,282,45,0.0,237,0,0
2024-06-27,23,7,1,3,0,34.0,0,237,53,0.0,184,0,0
2024-06-28,24,7,1,4,0,35.0,0,184,54,0.0,130,0,0
2024-06-29,25,7,1,5,1,32.6,0,130,51,0.0,79,0,0
2024-06-30,26,7,1,6,1,32.9,0,79,51,0.0,28,0,0
2024-07-01,27,7,1,0,0,30.3,0,28,49,0.0,343,364,0
2024-07-02,28,7,1,1,0,31.3,0,343,60,0.0,283,0,0
2024-07-03,29,7,1,2,0,29.6,0,283,48,0.0,235,0,0
2024-07-04,30,7,1,3,0,34.9,0,235,53,0.0,182,0,0
2024-07-05,31,7,1,4,0,32.5,0,182,45,0.0,137,0,0
2024-07-06,32,7,1,5,1,34.0,0,137,64,0.0,73,0,0
2024-07-07,33,7,1,6,1,34.0,0,73,53,0.0,20,0,0
2024-07-08,34,7,1,0,0,34.3,0,20,56,0.0,336,372,0
2024-07-09,35,7,1,1,0,30.9,0,336,64,0.0,272,0,0
2024-07-10,36,7,1,2,0,31.7,0,272,54,0.0,218,0,0
2024-07-11,37,7,1,3,0,32.3,0,218,56,0.0,162,0,0
2024-07-12,38,7,1,4,0,30.7,0,162,48,0.0,114,0,0
2024-07-13,39,7,1,5,1,32.8,0,114,46,0.0,68,0,0
2024-07-14,40,7,1,6,1,35.4,0,68,68,0.0,0,0,0
2024-07-15,41,7,1,0,0,28.8,0,0,41,0.0,351,392,0
2024-07-16,42,7,1,1,0,34.2,0,351,50,0.0,301,0,0
2024-07-17,43,7,1,2,0,34.3,0,301,52,0.0,249,0,0
2024-07-18,44,7,1,3,0,30.3,0,249,50,0.0,199,0,0
2024-06-04,0,7,2,1,0,36.1,0,12,12,0.0,16,16,0
2024-06-05,1,7,2,2,0,34.4,0,16,24,0.0,4,12,0
2024-06-06,2,7,2,3,0,32.8,0,4,15,0.0,13,24,0
2024-06-07,3,7,2,4,0,32.8,0,13,14,0.0,14,15,0
2024-06-08,4,7,2,5,1,33.1,0,14,20,0.0,8,14,0
2024-06-09,5,7,2,6,1,33.8,0,8,13,0.0,15,20,0
2024-06-10,6,7,2,0,0,33.9,0,15,22,0.0,6,13,0
2024-06-11,7,7,2,1,0,33.1,0,6,18,0.0,10,22,0
2024-06-12,8,7,2,2,0,34.1,0,10,20,0.0,8,18,0
2024-06-13,9,7,2,3,0,33.1,0,8,14,0.0,14,20,0
2024-06-14,10,7,2,4,0,33.9,0,14,12,0.0,16,14,0
2024-06-15,11,7,2,5,1,33.4,0,16,21,0.0,7,12,0
2024-06-16,12,7,2,6,1,31.7,0,7,21,0.0,7,21,0
2024-06-17,13,7,2,0,0,35.9,0,7,10,0.0,18,21,0
2024-06-18,14,7,2,1,0,33.6,0,18,16,0.0,12,10,0
2024-06-19,15,7,2,2,0,31.6,0,12,12,0.0,16,16,0
2024-06-20,16,7,2,3,0,32.1,0,16,20,0.0,8,12,0
2024-06-21,17,7,2,4,0,35.1,0,8,16,0.0,12,20,0
2024-06-22,18,7,2,5,1,36.1,0,12,14,0.0,14,16,0
2024-06-23,19,7,2,6,1,31.4,0,14,18,0.0,10,14,0
2024-06-24,20,7,2,0,0,35.1,0,10,14,0.0,14,18,0
2024-06-25,21,7,2,1,0,31.2,0,14,12,0.0,16,14,0
2024-06-26,22,7,2,2,0,32.1,0,16,14,0.0,14,12,0
2024-06-27,23,7,2,3,0,34.0,0,14,12,0.0,16,14,0
2024-06-28,24,7,2,4,0,35.0,0,16,14,0.0,14,12,0
2024-06-29,25,7,2,5,1,32.6,0,14,17,0.0,11,14,0
2024-06-30,26,7,2,6,1,32.9,0,11,11,0.0,17,17,0
2024-07-01,27,7,2,0,0,30.3,0,17,13,0.0,15,11,0
2024-07-02,28,7,2,1,0,31.3,0,15,10,0.0,18,13,0
2024-07-03,29,7,2,2,0,29.6,0,18,10,0.0,18,10,0
2024-07-04,30,7,2,3,0,34.9,0,18,17,0.0,11,10,0
2024-07-05,31,7,2,4,0,32.5,0,11,10,0.0,18,17,0
2024-07-06,32,7,2,5,1,34.0,0,18,21,0.0,7,10,0
2024-07-07,33,7,2,6,1,34.0,0,7,22,0.0,6,21,0
2024-07-08,34,7,2,0,0,34.3,0,6,12,0.0,16,22,0
2024-07-09,35,7,2,1,0,30.9,0,16,8,0.0,20,12,0
2024-07-10,36,7,2,2,0,31.7,0,20,19,0.0,9,8,0
2024-07-11,37,7,2,3,0,32.3,0,9,6,0.0,22,19,0
2024-07-12,38,7,2,4,0,30.7,0,22,28,0.0,0,6,0
2024-07-13,39,7,2,5,1,32.8,0,0,13,0.0,15,28,0
2024-07-14,40,7,2,6,1,35.4,0,15,14,0.0,14,13,0
2024-07-15,41,7,2,0,0,28.8,0,14,18,0.0,10,14,0
2024-07-16,42,7,2,1,0,34.2,0,10,10,0.0,18,18,0
2024-07-17,43,7,2,2,0,34.3,0,18,17,0.0,11,10,0
2024-07-18,44,7,2,3,0,30.3,0,11,14,0.0,14,17,0
2024-06-04,0,7,3,1,0,36.1,0,160,23,0.0,137,0,0
2024-06-05,1,7,3,2,0,34.4,0,137,19,0.0,118,0,0
2024-06-06,2,7,3,3,0,32.8,0,118,22,0.0,96,0,0
2024-06-07,3,7,3,4,0,32.8,0,96,28,0.0,68,0,0
2024-06-08,4,7,3,5,1,33.1,0,68,19,0.0,49,0,0
2024-06-09,5,7,3,6,1,33.8,0,49,12,0.0,37,0,0
2024-06-10,6,7,3,0,0,33.9,0,37,27,0.0,160,150,0
2024-06-11,7,7,3,1,0,33.1,0,160,20,0.0,140,0,0
2024-06-12,8,7,3,2,0,34.1,0,140,33,0.0,107,0,0
2024-06-13,9,7,3,3,0,33.1,0,107,23,0.0,84,0,0
2024-06-14,10,7,3,4,0,33.9,0,84,26,0.0,58,0,0
2024-06-15,11,7,3,5,1,33.4,0,58,35,0.0,23,0,0
2024-06-16,12,7,3,6,1,31.7,0,23,23,0.0,0,0,0
2024-06-17,13,7,3,0,0,35.9,0,0,23,0.0,164,187,0
2024-06-18,14,7,3,1,0,33.6,0,164,16,0.0,148,0,0
2024-06-19,15,7,3,2,0,31.6,0,148,29,0.0,119,0,0
2024-06-20,16,7,3,3,0,32.1,0,119,25,0.0,94,0,0
2024-06-21,17,7,3,4,0,35.1,0,94,11,0.0,83,0,0
2024-06-22,18,7,3,5,1,36.1,0,83,24,0.0,59,0,0
2024-06-23,19,7,3,6,1,31.4,0,59,25,0.0,34,0,0
2024-06-24,20,7,3,0,0,35.1,0,34,16,0.0,171,153,0
2024-06-25,21,7,3,1,0,31.2,0,171,25,0.0,146,0,0
2024-06-26,22,7,3,2,0,32.1,0,146,15,0.0,131,0,0
2024-06-27,23,7,3,3,0,34.0,0,131,25,0.0,106,0,0
2024-06-28,24,7,3,4,0,35.0,0,106,31,0.0,75,0,0
2024-06-29,25,7,3,5,1,32.6,0,75,36,0.0,39,0,0
2024-06-30,26,7,3,6,1,32.9,0,39,27,0.0,12,0,0
2024-07-01,27,7,3,0,0,30.3,0,12,25,0.0,162,175,0
2024-07-02,28,7,3,1,0,31.3,0,162,30,0.0,132,0,0
2024-07-03,29,7,3,2,0,29.6,0,132,27,0.0,105,0,0
2024-07-04,30,7,3,3,0,34.9,0,105,19,0.0,86,0,0
2024-07-05,31,7,3,4,0,32.5,0,86,26,0.0,60,0,0
2024-07-06,32,7,3,5,1,34.0,0,60,21,0.0,39,0,0
2024-07-07,33,7,3,6,1,34.0,0,39,26,0.0,13,0,0
2024-07-08,34,7,3,0,0,34.3,0,13,14,0.0,173,174,0
2024-07-09,35,7,3,1,0,30.9,0,173,20,0.0,153,0,0
2024-07-10,36,7,3,2,0,31.7,0,153,16,0.0,137,0,0
2024-07-11,37,7,3,3,0,32.3,0,137,30,0.0,107,0,0
2024-07-12,38,7,3,4,0,30.7,0,107,18,0.0,89,0,0
2024-07-13,39,7,3,5,1,32.8,0,89,18,0.0,71,0,0
2024-07-14,40,7,3,6,1,35.4,0,71,23,0.0,48,0,0
2024-07-15,41,7,3,0,0,28.8,0,48,25,0.0,162,139,0
2024-07-16,42,7,3,1,0,34.2,0,162,17,0.0,145,0,0
2024-07-17,43,7,3,2,0,34.3,0,145,19,0.0,126,0,0
2024-07-18,44,7,3,3,0,30.3,0,126,25,0.0,101,0,0
2024-06-04,0,7,4,1,0,36.1,0,205,31,0.0,174,0,0
2024-06-05,1,7,4,2,0,34.4,0,174,26,0.0,148,0,0
2024-06-06,2,7,4,3,0,32.8,0,148,12,0.0,136,0,0
2024-06-07,3,7,4,4,0,32.8,0,136,33,0.0,103,0,0
2024-06-08,4,7,4,5,1,33.1,0,103,25,0.0,78,0,0
2024-06-09,5,7,4,6,1,33.8,0,78,23,0.0,55,0,0
2024-06-10,6,7,4,0,0,33.9,0,55,31,0.0,191,167,0
2024-06-11,7,7,4,1,0,33.1,0,191,20,0.0,171,0,0
2024-06-12,8,7,4,2,0,34.1,0,171,28,0.0,143,0,0
2024-06-13,9,7,4,3,0,33.1,0,143,27,0.0,116,0,0
2024-06-14,10,7,4,4,0,33.9,0,116,33,0.0,83,0,0
2024-06-15,11,7,4,5,1,33.4,0,83,29,0.0,54,0,0
2024-06-16,12,7,4,6,1,31.7,0,54,32,0.0,22,0,0
2024-06-17,13,7,4,0,0,35.9,0,22,36,0.0,186,200,0
2024-06-18,14,7,4,1,0,33.6,0,186,22,0.0,164,0,0
2024-06-19,15,7,4,2,0,31.6,0,164,21,0.0,143,0,0
2024-06-20,16,7,4,3,0,32.1,0,143,30,0.0,113,0,0
2024-06-21,17,7,4,4,0,35.1,0,113,30,0.0,83,0,0
2024-06-22,18,7,4,5,1,36.1,0,83,22,0.0,61,0,0
2024-06-23,19,7,4,6,1,31.4,0,61,32,0.0,29,0,0
2024-06-24,20,7,4,0,0,35.1,0,29,21,0.0,201,193,0
2024-06-25,21,7,4,1,0,31.2,0,201,27,0.0,174,0,0
2024-06-26,22,7,4,2,0,32.1,0,174,21,0.0,153,0,0
2024-06-27,23,7,4,3,0,34.0,0,153,25,0.0,128,0,0
2024-06-28,24,7,4,4,0,35.0,0,128,20,0.0,108,0,0
2024-06-29,25,7,4,5,1,32.6,0,108,20,0.0,88,0,0
2024-06-30,26,7,4,6,1,32.9,0,88,41,0.0,47,0,0
2024-07-01,27,7,4,0,0,30.3,0,47,35,0.0,187,175,0
2024-07-02,28,7,4,1,0,31.3,0,187,22,0.0,165,0,0
2024-07-03,29,7,4,2,0,29.6,0,165,29,0.0,136,0,0
2024-07-04,30,7,4,3,0,34.9,0,136,24,0.0,112,0,0
2024-07-05,31,7,4,4,0,32.5,0,112,28,0.0,84,0,0
2024-07-06,32,7,4,5,1,34.0,0,84,32,0.0,52,0,0
2024-07-07,33,7,4,6,1,34.0,0,52,25,0.0,27,0,0
2024-07-08,34,7,4,0,0,34.3,0,27,26,0.0,196,195,0
2024-07-09,35,7,4,1,0,30.9,0,196,34,0.0,162,0,0
2024-07-10,36,7,4,2,0,31.7,0,162,27,0.0,135,0,0
2024-07-11,37,7,4,3,0,32.3,0,135,33,0.0,102,0,0
2024-07-12,38,7,4,4,0,30.7,0,102,30,0.0,72,0,0
2024-07-13,39,7,4,5,1,32.8,0,72,31,0.0,41,0,0
2024-07-14,40,7,4,6,1,35.4,0,41,41,0.0,0,0,0
2024-07-15,41,7,4,0,0,28.8,0,0,27,0.0,195,222,0
2024-07-16,42,7,4,1,0,34.2,0,195,34,0.0,161,0,0
2024-07-17,43,7,4,2,0,34.3,0,161,15,0.0,146,0,0
2024-07-18,44,7,4,3,0,30.3,0,146,32,0.0,114,0,0
2024-06-04,0,7,5,1,0,36.1,0,109,16,0.0,93,0,0
2024-06-05,1,7,5,2,0,34.4,0,93,16,0.0,77,0,0
2024-06-06,2,7,5,3,0,32.8,0,77,11,0.0,66,0,0
2024-06-07,3,7,5,4,0,32.8,0,66,10,0.0,56,0,0
2024-06-08,4,7,5,5,1,33.1,0,56,15,0.0,41,0,0
2024-06-09,5,7,5,6,1,33.8,0,41,9,0.0,32,0,0
2024-06-10,6,7,5,0,0,33.9,0,32,20,0.0,107,95,0
2024-06-11,7,7,5,1,0,33.1,0,107,12,0.0,95,0,0
2024-06-12,8,7,5,2,0,34.1,0,95,20,0.0,75,0,0
2024-06-13,9,7,5,3,0,33.1,0,75,19,0.0,56,0,0
2024-06-14,10,7,5,4,0,33.9,0,56,20,0.0,36,0,0
2024-06-15,11,7,5,5,1,33.4,0,36,19,0.0,17,0,0
2024-06-16,12,7,5,6,1,31.7,0,17,17,0.0,0,0,0
2024-06-17,13,7,5,0,0,35.9,0,0,8,0.0,119,127,0
2024-06-18,14,7,5,1,0,33.6,0,119,8,0.0,111,0,0
2024-06-19,15,7,5,2,0,31.6,0,111,14,0.0,97,0,0
2024-06-20,16,7,5,3,0,32.1,0,97,14,0.0,83,0,0
2024-06-21,17,7,5,4,0,35.1,0,83,14,0.0,69,0,0
2024-06-22,18,7,5,5,1,36.1,0,69,23,0.0,46,0,0
2024-06-23,19,7,5,6,1,31.4,0,46,13,0.0,33,0,0
2024-06-24,20,7,5,0,0,35.1,0,33,10,0.0,117,94,0
2024-06-25,21,7,5,1,0,31.2,0,117,11,0.0,106,0,0
2024-06-26,22,7,5,2,0,32.1,0,106,20,0.0,86,0,0
2024-06-27,23,7,5,3,0,34.0,0,86,11,0.0,75,0,0
2024-06-28,24,7,5,4,0,35.0,0,75,18,0.0,57,0,0
2024-06-29,25,7,5,5,1,32.6,0,57,16,0.0,41,0,0
2024-06-30,26,7,5,6,1,32.9,0,41,17,0.0,24,0,0
2024-07-01,27,7,5,0,0,30.3,0,24,13,0.0,114,103,0
2024-07-02,28,7,5,1,0,31.3,0,114,13,0.0,101,0,0
2024-07-03,29,7,5,2,0,29.6,0,101,15,0.0,86,0,0
2024-07-04,30,7,5,3,0,34.9,0,86,18,0.0,68,0,0
2024-07-05,31,7,5,4,0,32.5,0,68,12,0.0,56,0,0
2024-07-06,32,7,5,5,1,34.0,0,56,13,0.0,43,0,0
2024-07-07,33,7,5,6,1,34.0,0,43,16,0.0,27,0,0
2024-07-08,34,7,5,0,0,34.3,0,27,19,0.0,108,100,0
2024-07-09,35,7,5,1,0,30.9,0,108,13,0.0,95,0,0
2024-07-10,36,7,5,2,0,31.7,0,95,19,0.0,76,0,0
2024-07-11,37,7,5,3,0,32.3,0,76,26,0.0,50,0,0
2024-07-12,38,7,5,4,0,30.7,0,50,19,0.0,31,0,0
2024-07-13,39,7,5,5,1,32.8,0,31,21,0.0,10,0,0
2024-07-14,40,7,5,6,1,35.4,0,10,10,0.0,0,0,0
2024-07-15,41,7,5,0,0,28.8,0,0,9,0.0,118,127,0
2024-07-16,42,7,5,1,0,34.2,0,118,12,0.0,106,0,0
2024-07-17,43,7,5,2,0,34.3,0,106,16,0.0,90,0,0
2024-07-18,44,7,5,3,0,30.3,0,90,13,0.0,77,0,0
2024-06-04,0,7,6,1,0,36.1,0,27,3,0.0,24,0,0
2024-06-05,1,7,6,2,0,34.4,0,24,1,0.0,23,0,0
2024-06-06,2,7,6,3,0,32.8,0,23,2,0.0,21,0,0
2024-06-07,3,7,6,4,0,32.8,0,21,4,0.0,17,0,0
2024-06-08,4,7,6,5,1,33.1,0,17,5,0.0,12,0,0
2024-06-09,5,7,6,6,1,33.8,0,12,5,0.0,7,0,0
2024-06-10,6,7,6,0,0,33.9,0,7,4,0.0,27,24,0
2024-06-11,7,7,6,1,0,33.1,0,27,6,0.0,21,0,0
2024-06-12,8,7,6,2,0,34.1,0,21,2,0.0,19,0,0
2024-06-13,9,7,6,3,0,33.1,0,19,2,0.0,17,0,0
2024-06-14,10,7,6,4,0,33.9,0,17,5,0.0,12,0,0
2024-06-15,11,7,6,5,1,33.4,0,12,5,0.0,7,0,0
2024-06-16,12,7,6,6,1,31.7,0,7,3,0.0,4,0,0
2024-06-17,13,7,6,0,0,35.9,0,4,2,0.0,29,27,0
2024-06-18,14,7,6,1,0,33.6,0,29,4,0.0,25,0,0
2024-06-19,15,7,6,2,0,31.6,0,25,4,0.0,21,0,0
2024-06-20,16,7,6,3,0,32.1,0,21,0,0.0,21,0,0
2024-06-21,17,7,6,4,0,35.1,0,21,2,0.0,19,0,0
2024-06-22,18,7,6,5,1,36.1,0,19,4,0.0,15,0,0
2024-06-23,19,7,6,6,1,31.4,0,15,3,0.0,12,0,0
2024-06-24,20,7,6,0,0,35.1,0,12,4,0.0,27,19,0
2024-06-25,21,7,6,1,0,31.2,0,27,4,0.0,23,0,0
2024-06-26,22,7,6,2,0,32.1,0,23,1,0.0,22,0,0
2024-06-27,23,7,6,3,0,34.0,0,22,4,0.0,18,0,0
2024-06-28,24,7,6,4,0,35.0,0,18,1,0.0,17,0,0
2024-06-29,25,7,6,5,1,32.6,0,17,7,0.0,10,0,0
2024-06-30,26,7,6,6,1,32.9,0,10,5,0.0,5,0,0
2024-07-01,27,7,6,0,0,30.3,0,5,3,0.0,28,26,0
2024-07-02,28,7,6,1,0,31.3,0,28,6,0.0,22,0,0
2024-07-03,29,7,6,2,0,29.6,0,22,6,0.0,16,0,0
2024-07-04,30,7,6,3,0,34.9,0,16,4,0.0,12,0,0
2024-07-05,31,7,6,4,0,32.5,0,12,5,0.0,7,0,0
2024-07-06,32,7,6,5,1,34.0,0,7,4,0.0,3,0,0
2024-07-07,33,7,6,6,1,34.0,0,3,2,0.0,1,0,0
2024-07-08,34,7,6,0,0,34.3,0,1,4,0.0,27,30,0
2024-07-09,35,7,6,1,0,30.9,0,27,4,0.0,23,0,0
2024-07-10,36,7,6,2,0,31.7,0,23,3,0.0,20,0,0
2024-07-11,37,7,6,3,0,32.3,0,20,4,0.0,16,0,0
2024-07-12,38,7,6,4,0,30.7,0,16,4,0.0,12,0,0
2024-07-13,39,7,6,5,1,32.8,0,12,8,0.0,4,0,0
2024-07-14,40,7,6,6,1,35.4,0,4,4,0.0,0,0,0
2024-07-15,41,7,6,0,0,28.8,0,0,1,0.0,30,31,0
2024-07-16,42,7,6,1,0,34.2,0,30,7,0.0,23,0,0
2024-07-17,43,7,6,2,0,34.3,0,23,3,0.0,20,0,0
2024-07-18,44,7,6,3,0,30.3,0,20,4,0.0,16,0,0
2024-06-04,0,7,7,1,0,36.1,0,32,5,0.0,27,0,0
2024-06-05,1,7,7,2,0,34.4,0,27,5,0.0,22,0,0
2024-06-06,2,7,7,3,0,32.8,0,22,1,0.0,21,0,0
2024-06-07,3,7,7,4,0,32.8,0,21,5,0.0,16,0,0
2024-06-08,4,7,7,5,1,33.1,0,16,1,0.0,15,0,0
2024-06-09,5,7,7,6,1,33.8,0,15,3,0.0,12,0,0
2024-06-10,6,7,7,0,0,33.9,0,12,5,0.0,33,26,0
2024-06-11,7,7,7,1,0,33.1,0,33,4,0.0,29,0,0
2024-06-12,8,7,7,2,0,34.1,0,29,4,0.0,25,0,0
2024-06-13,9,7,7,3,0,33.1,0,25,4,0.0,21,0,0
2024-06-14,10,7,7,4,0,33.9,0,21,1,0.0,20,0,0
2024-06-15,11,7,7,5,1,33.4,0,20,7,0.0,13,0,0
2024-06-16,12,7,7,6,1,31.7,0,13,4,0.0,9,0,0
2024-06-17,13,7,7,0,0,35.9,0,9,6,0.0,32,29,0
2024-06-18,14,7,7,1,0,33.6,0,32,6,0.0,26,0,0
2024-06-19,15,7,7,2,0,31.6,0,26,6,0.0,20,0,0
2024-06-20,16,7,7,3,0,32.1,0,20,5,0.0,15,0,0
2024-06-21,17,7,7,4,0,35.1,0,15,1,0.0,14,0,0
2024-06-22,18,7,7,5,1,36.1,0,14,2,0.0,12,0,0
2024-06-23,19,7,7,6,1,31.4,0,12,1,0.0,11,0,0
2024-06-24,20,7,7,0,0,35.1,0,11,4,0.0,34,27,0
2024-06-25,21,7,7,1,0,31.2,0,34,4,0.0,30,0,0
2024-06-26,22,7,7,2,0,32.1,0,30,8,0.0,22,0,0
2024-06-27,23,7,7,3,0,34.0,0,22,5,0.0,17,0,0
2024-06-28,24,7,7,4,0,35.0,0,17,4,0.0,13,0,0
2024-06-29,25,7,7,5,1,32.6,0,13,4,0.0,9,0,0
2024-06-30,26,7,7,6,1,32.9,0,9,9,0.0,0,0,0
2024-07-01,27,7,7,0,0,30.3,0,0,5,0.0,33,38,0
2024-07-02,28,7,7,1,0,31.3,0,33,2,0.0,31,0,0
2024-07-03,29,7,7,2,0,29.6,0,31,7,0.0,24,0,0
2024-07-04,30,7,7,3,0,34.9,0,24,2,0.0,22,0,0
2024-07-05,31,7,7,4,0,32.5,0,22,1,0.0,21,0,0
2024-07-06,32,7,7,5,1,34.0,0,21,8,0.0,13,0,0
2024-07-07,33,7,7,6,1,34.0,0,13,1,0.0,12,0,0
2024-07-08,34,7,7,0,0,34.3,0,12,3,0.0,35,26,0
2024-07-09,35,7,7,1,0,30.9,0,35,2,0.0,33,0,0
2024-07-10,36,7,7,2,0,31.7,0,33,1,0.0,32,0,0
2024-07-11,37,7,7,3,0,32.3,0,32,4,0.0,28,0,0
2024-07-12,38,7,7,4,0,30.7,0,28,1,0.0,27,0,0
2024-07-13,39,7,7,5,1,32.8,0,27,4,0.0,23,0,0
2024-07-14,40,7,7,6,1,35.4,0,23,5,0.0,18,0,0
2024-07-15,41,7,7,0,0,28.8,0,18,5,0.0,33,20,0
2024-07-16,42,7,7,1,0,34.2,0,33,4,0.0,29,0,0
2024-07-17,43,7,7,2,0,34.3,0,29,6,0.0,23,0,0
2024-07-18,44,7,7,3,0,30.3,0,23,3,0.0,20,0,0
2024-06-04,0,7,8,1,0,36.1,0,332,48,0.0,284,0,0
2024-06-05,1,7,8,2,0,34.4,0,284,46,0.0,238,0,0
2024-06-06,2,7,8,3,0,32.8,0,238,46,0.0,192,0,0
2024-06-07,3,7,8,4,0,32.8,0,192,51,0.0,141,0,0
2024-06-08,4,7,8,5,1,33.1,0,141,58,0.0,83,0,0
2024-06-09,5,7,8,6,1,33.8,0,83,66,0.0,17,0,0
2024-06-10,6,7,8,0,0,33.9,0,17,52,0.0,335,370,0
2024-06-11,7,7,8,1,0,33.1,0,335,58,0.0,277,0,0
2024-06-12,8,7,8,2,0,34.1,0,277,53,0.0,224,0,0
2024-06-13,9,7,8,3,0,33.1,0,224,47,0.0,177,0,0
2024-06-14,10,7,8,4,0,33.9,0,177,48,0.0,129,0,0
2024-06-15,11,7,8,5,1,33.4,0,129,58,0.0,71,0,0
2024-06-16,12,7,8,6,1,31.7,0,71,57,0.0,14,0,0
2024-06-17,13,7,8,0,0,35.9,0,14,74,0.0,313,373,0
2024-06-18,14,7,8,1,0,33.6,0,313,46,0.0,267,0,0
2024-06-19,15,7,8,2,0,31.6,0,267,63,0.0,204,0,0
2024-06-20,16,7,8,3,0,32.1,0,204,41,0.0,163,0,0
2024-06-21,17,7,8,4,0,35.1,0,163,62,0.0,101,0,0
2024-06-22,18,7,8,5,1,36.1,0,101,63,0.0,38,0,0
2024-06-23,19,7,8,6,1,31.4,0,38,38,0.0,0,0,0
2024-06-24,20,7,8,0,0,35.1,0,0,65,0.0,322,387,0
2024-06-25,21,7,8,1,0,31.2,0,322,40,0.0,282,0,0
2024-06-26,22,7,8,2,0,32.1,0,282,52,0.0,230,0,0
2024-06-27,23,7,8,3,0,34.0,0,230,58,0.0,172,0,0
2024-06-28,24,7,8,4,0,35.0,0,172,63,0.0,109,0,0
2024-06-29,25,7,8,5,1,32.6,0,109,60,0.0,49,0,0
2024-06-30,26,7,8,6,1,32.9,0,49,49,0.0,0,0,0
2024-07-01,27,7,8,0,0,30.3,0,0,50,0.0,337,387,0
2024-07-02,28,7,8,1,0,31.3,0,337,46,0.0,291,0,0
2024-07-03,29,7,8,2,0,29.6,0,291,43,0.0,248,0,0
2024-07-04,30,7,8,3,0,34.9,0,248,50,0.0,198,0,0
2024-07-05,31,7,8,4,0,32.5,0,198,42,0.0,156,0,0
2024-07-06,32,7,8,5,1,34.0,0,156,89,0.0,67,0,0
2024-07-07,33,7,8,6,1,34.0,0,67,56,0.0,11,0,0
2024-07-08,34,7,8,0,0,34.3,0,11,46,0.0,341,376,0
2024-07-09,35,7,8,1,0,30.9,0,341,40,0.0,301,0,0
2024-07-10,36,7,8,2,0,31.7,0,301,49,0.0,252,0,0
2024-07-11,37,7,8,3,0,32.3,0,252,58,0.0,194,0,0
2024-07-12,38,7,8,4,0,30.7,0,194,50,0.0,144,0,0
2024-07-13,39,7,8,5,1,32.8,0,144,63,0.0,81,0,0
2024-07-14,40,7,8,6,1,35.4,0,81,51,0.0,30,0,0
2024-07-15,41,7,8,0,0,28.8,0,30,46,0.0,341,357,0
2024-07-16,42,7,8,1,0,34.2,0,341,42,0.0,299,0,0
2024-07-17,43,7,8,2,0,34.3,0,299,57,0.0,242,0,0
2024-07-18,44,7,8,3,0,30.3,0,242,54,0.0,188,0,0
2024-06-04,0,7,9,1,0,36.1,0,13,15,0.0,18,20,0
2024-06-05,1,7,9,2,0,34.4,0,18,25,0.0,8,15,0
2024-06-06,2,7,9,3,0,32.8,0,8,17,0.0,16,25,0
2024-06-07,3,7,9,4,0,32.8,0,16,20,0.0,13,17,0
2024-06-08,4,7,9,5,1,33.1,0,13,21,0.0,12,20,0
2024-06-09,5,7,9,6,1,33.8,0,12,33,0.0,0,21,0
2024-06-10,6,7,9,0,0,33.9,0,0,21,0.0,12,33,0
2024-06-11,7,7,9,1,0,33.1,0,12,26,0.0,7,21,0
2024-06-12,8,7,9,2,0,34.1,0,7,12,0.0,21,26,0
2024-06-13,9,7,9,3,0,33.1,0,21,18,0.0,15,12,0
2024-06-14,10,7,9,4,0,33.9,0,15,21,0.0,12,18,0
2024-06-15,11,7,9,5,1,33.4,0,12,24,0.0,9,21,0
2024-06-16,12,7,9,6,1,31.7,0,9,33,0.0,0,24,0
2024-06-17,13,7,9,0,0,35.9,0,0,19,0.0,14,33,0
2024-06-18,14,7,9,1,0,33.6,0,14,19,0.0,14,19,0
2024-06-19,15,7,9,2,0,31.6,0,14,22,0.0,11,19,0
2024-06-20,16,7,9,3,0,32.1,0,11,18,0.0,15,22,0
2024-06-21,17,7,9,4,0,35.1,0,15,20,0.0,13,18,0
2024-06-22,18,7,9,5,1,36.1,0,13,26,0.0,7,20,0
2024-06-23,19,7,9,6,1,31.4,0,7,16,0.0,17,26,0
2024-06-24,20,7,9,0,0,35.1,0,17,11,0.0,22,16,0
2024-06-25,21,7,9,1,0,31.2,0,22,18,0.0,15,11,0
2024-06-26,22,7,9,2,0,32.1,0,15,22,0.0,11,18,0
2024-06-27,23,7,9,3,0,34.0,0,11,13,0.0,20,22,0
2024-06-28,24,7,9,4,0,35.0,0,20,19,0.0,14,13,0
2024-06-29,25,7,9,5,1,32.6,0,14,17,0.0,16,19,0
2024-06-30,26,7,9,6,1,32.9,0,16,18,0.0,15,17,0
2024-07-01,27,7,9,0,0,30.3,0,15,18,0.0,15,18,0
2024-07-02,28,7,9,1,0,31.3,0,15,22,0.0,11,18,0
2024-07-03,29,7,9,2,0,29.6,0,11,12,0.0,21,22,0
2024-07-04,30,7,9,3,0,34.9,0,21,17,0.0,16,12,0
2024-07-05,31,7,9,4,0,32.5,0,16,18,0.0,15,17,0
2024-07-06,32,7,9,5,1,34.0,0,15,24,0.0,9,18,0
2024-07-07,33,7,9,6,1,34.0,0,9,22,0.0,11,24,0
2024-07-08,34,7,9,0,0,34.3,0,11,12,0.0,21,22,0
2024-07-09,35,7,9,1,0,30.9,0,21,17,0.0,16,12,0
2024-07-10,36,7,9,2,0,31.7,0,16,26,0.0,7,17,0
2024-07-11,37,7,9,3,0,32.3,0,7,16,0.0,17,26,0
2024-07-12,38,7,9,4,0,30.7,0,17,26,0.0,7,16,0
2024-07-13,39,7,9,5,1,32.8,0,7,24,0.0,9,26,0
2024-07-14,40,7,9,6,1,35.4,0,9,29,0.0,4,24,0
2024-07-15,41,7,9,0,0,28.8,0,4,14,0.0,19,29,0
2024-07-16,42,7,9,1,0,34.2,0,19,20,0.0,13,14,0
2024-07-17,43,7,9,2,0,34.3,0,13,14,0.0,19,20,0
2024-07-18,44,7,9,3,0,30.3,0,19,23,0.0,10,14,0
2024-06-04,0,7,10,1,0,36.1,0,139,16,0.0,123,0,0
2024-06-05,1,7,10,2,0,34.4,0,123,22,0.0,101,0,0
2024-06-06,2,7,10,3,0,32.8,0,101,20,0.0,81,0,0
2024-06-07,3,7,10,4,0,32.8,0,81,15,0.0,66,0,0
2024-06-08,4,7,10,5,1,33.1,0,66,19,0.0,47,0,0
2024-06-09,5,7,10,6,1,33.8,0,47,30,0.0,17,0,0
2024-06-10,6,7,10,0,0,33.9,0,17,18,0.0,147,148,0
2024-06-11,7,7,10,1,0,33.1,0,147,24,0.0,123,0,0
2024-06-12,8,7,10,2,0,34.1,0,123,18,0.0,105,0,0
2024-06-13,9,7,10,3,0,33.1,0,105,18,0.0,87,0,0
2024-06-14,10,7,10,4,0,33.9,0,87,18,0.0,69,0,0
2024-06-15,11,7,10,5,1,33.4,0,69,27,0.0,42,0,0
2024-06-16,12,7,10,6,1,31.7,0,42,25,0.0,17,0,0
2024-06-17,13,7,10,0,0,35.9,0,17,28,0.0,137,148,0
2024-06-18,14,7,10,1,0,33.6,0,137,20,0.0,117,0,0
2024-06-19,15,7,10,2,0,31.6,0,117,22,0.0,95,0,0
2024-06-20,16,7,10,3,0,32.1,0,95,12,0.0,83,0,0
2024-06-21,17,7,10,4,0,35.1,0,83,25,0.0,58,0,0
2024-06-22,18,7,10,5,1,36.1,0,58,29,0.0,29,0,0
2024-06-23,19,7,10,6,1,31.4,0,29,29,0.0,0,0,0
2024-06-24,20,7,10,0,0,35.1,0,0,28,0.0,137,165,0
2024-06-25,21,7,10,1,0,31.2,0,137,19,0.0,118,0,0
2024-06-26,22,7,10,2,0,32.1,0,118,16,0.0,102,0,0
2024-06-27,23,7,10,3,0,34.0,0,102,20,0.0,82,0,0
2024-06-28,24,7,10,4,0,35.0,0,82,22,0.0,60,0,0
2024-06-29,25,7,10,5,1,32.6,0,60,36,0.0,24,0,0
2024-06-30,26,7,10,6,1,32.9,0,24,21,0.0,3,0,0
2024-07-01,27,7,10,0,0,30.3,0,3,19,0.0,146,162,0
2024-07-02,28,7,10,1,0,31.3,0,146,18,0.0,128,0,0
2024-07-03,29,7,10,2,0,29.6,0,128,23,0.0,105,0,0
2024-07-04,30,7,10,3,0,34.9,0,105,19,0.0,86,0,0
2024-07-05,31,7,10,4,0,32.5,0,86,15,0.0,71,0,0
2024-07-06,32,7,10,5,1,34.0,0,71,19,0.0,52,0,0
2024-07-07,33,7,10,6,1,34.0,0,52,23,0.0,29,0,0
2024-07-08,34,7,10,0,0,34.3,0,29,25,0.0,140,136,0
2024-07-09,35,7,10,1,0,30.9,0,140,25,0.0,115,0,0
2024-07-10,36,7,10,2,0,31.7,0,115,21,0.0,94,0,0
2024-07-11,37,7,10,3,0,32.3,0,94,20,0.0,74,0,0
2024-07-12,38,7,10,4,0,30.7,0,74,16,0.0,58,0,0
2024-07-13,39,7,10,5,1,32.8,0,58,27,0.0,31,0,0
2024-07-14,40,7,10,6,1,35.4,0,31,22,0.0,9,0,0
2024-07-15,41,7,10,0,0,28.8,0,9,21,0.0,144,156,0
2024-07-16,42,7,10,1,0,34.2,0,144,19,0.0,125,0,0
2024-07-17,43,7,10,2,0,34.3,0,125,25,0.0,100,0,0
2024-07-18,44,7,10,3,0,30.3,0,100,24,0.0,76,0,0
2024-06-04,0,7,11,1,0,36.1,0,128,20,0.0,108,0,0
2024-06-05,1,7,11,2,0,34.4,0,108,13,0.0,95,0,0
2024-06-06,2,7,11,3,0,32.8,0,95,18,0.0,77,0,0
2024-06-07,3,7,11,4,0,32.8,0,77,13,0.0,64,0,0
2024-06-08,4,7,11,5,1,33.1,0,64,17,0.0,47,0,0
2024-06-09,5,7,11,6,1,33.8,0,47,19,0.0,28,0,0
2024-06-10,6,7,11,0,0,33.9,0,28,24,0.0,118,114,0
2024-06-11,7,7,11,1,0,33.1,0,118,16,0.0,102,0,0
2024-06-12,8,7,11,2,0,34.1,0,102,16,0.0,86,0,0
2024-06-13,9,7,11,3,0,33.1,0,86,22,0.0,64,0,0
2024-06-14,10,7,11,4,0,33.9,0,64,22,0.0,42,0,0
2024-06-15,11,7,11,5,1,33.4,0,42,22,0.0,20,0,0
2024-06-16,12,7,11,6,1,31.7,0,20,20,0.0,0,0,0
2024-06-17,13,7,11,0,0,35.9,0,0,19,0.0,123,142,0
2024-06-18,14,7,11,1,0,33.6,0,123,22,0.0,101,0,0
2024-06-19,15,7,11,2,0,31.6,0,101,19,0.0,82,0,0
2024-06-20,16,7,11,3,0,32.1,0,82,20,0.0,62,0,0
2024-06-21,17,7,11,4,0,35.1,0,62,24,0.0,38,0,0
2024-06-22,18,7,11,5,1,36.1,0,38,22,0.0,16,0,0
2024-06-23,19,7,11,6,1,31.4,0,16,16,0.0,0,0,0
2024-06-24,20,7,11,0,0,35.1,0,0,17,0.0,125,142,0
2024-06-25,21,7,11,1,0,31.2,0,125,9,0.0,116,0,0
2024-06-26,22,7,11,2,0,32.1,0,116,25,0.0,91,0,0
2024-06-27,23,7,11,3,0,34.0,0,91,5,0.0,86,0,0
2024-06-28,24,7,11,4,0,35.0,0,86,22,0.0,64,0,0
2024-06-29,25,7,11,5,1,32.6,0,64,17,0.0,47,0,0
2024-06-30,26,7,11,6,1,32.9,0,47,25,0.0,22,0,0
2024-07-01,27,7,11,0,0,30.3,0,22,17,0.0,125,120,0
2024-07-02,28,7,11,1,0,31.3,0,125,19,0.0,106,0,0
2024-07-03,29,7,11,2,0,29.6,0,106,12,0.0,94,0,0
2024-07-04,30,7,11,3,0,34.9,0,94,18,0.0,76,0,0
2024-07-05,31,7,11,4,0,32.5,0,76,12,0.0,64,0,0
2024-07-06,32,7,11,5,1,34.0,0,64,14,0.0,50,0,0
2024-07-07,33,7,11,6,1,34.0,0,50,25,0.0,25,0,0
2024-07-08,34,7,11,0,0,34.3,0,25,23,0.0,119,117,0
2024-07-09,35,7,11,1,0,30.9,0,119,17,0.0,102,0,0
2024-07-10,36,7,11,2,0,31.7,0,102,16,0.0,86,0,0
2024-07-11,37,7,11,3,0,32.3,0,86,17,0.0,69,0,0
2024-07-12,38,7,11,4,0,30.7,0,69,13,0.0,56,0,0
2024-07-13,39,7,11,5,1,32.8,0,56,20,0.0,36,0,0
2024-07-14,40,7,11,6,1,35.4,0,36,18,0.0,18,0,0
2024-07-15,41,7,11,0,0,28.8,0,18,16,0.0,126,124,0
2024-07-16,42,7,11,1,0,34.2,0,126,13,0.0,113,0,0
2024-07-17,43,7,11,2,0,34.3,0,113,24,0.0,89,0,0
2024-07-18,44,7,11,3,0,30.3,0,89,18,0.0,71,0,0
2024-06-04,0,7,12,1,0,36.1,0,21,13,0.0,70,62,0
2024-06-05,1,7,12,2,0,34.4,0,70,10,0.0,60,0,0
2024-06-06,2,7,12,3,0,32.8,0,60,11,0.0,49,0,0
2024-06-07,3,7,12,4,0,32.8,0,49,16,0.0,33,0,0
2024-06-08,4,7,12,5,1,33.1,0,33,16,0.0,17,0,0
2024-06-09,5,7,12,6,1,33.8,0,17,11,0.0,72,66,0
2024-06-10,6,7,12,0,0,33.9,0,72,13,0.0,59,0,0
2024-06-11,7,7,12,1,0,33.1,0,59,10,0.0,49,0,0
2024-06-12,8,7,12,2,0,34.1,0,49,19,0.0,30,0,0
2024-06-13,9,7,12,3,0,33.1,0,30,9,0.0,21,0,0
2024-06-14,10,7,12,4,0,33.9,0,21,19,0.0,64,62,0
2024-06-15,11,7,12,5,1,33.4,0,64,15,0.0,49,0,0
2024-06-16,12,7,12,6,1,31.7,0,49,15,0.0,34,0,0
2024-06-17,13,7,12,0,0,35.9,0,34,16,0.0,18,0,0
2024-06-18,14,7,12,1,0,33.6,0,18,18,0.0,0,0,0
2024-06-19,15,7,12,2,0,31.6,0,0,12,0.0,71,83,0
2024-06-20,16,7,12,3,0,32.1,0,71,11,0.0,60,0,0
2024-06-21,17,7,12,4,0,35.1,0,60,14,0.0,46,0,0
2024-06-22,18,7,12,5,1,36.1,0,46,8,0.0,38,0,0
2024-06-23,19,7,12,6,1,31.4,0,38,11,0.0,27,0,0
2024-06-24,20,7,12,0,0,35.1,0,27,11,0.0,72,56,0
2024-06-25,21,7,12,1,0,31.2,0,72,15,0.0,57,0,0
2024-06-26,22,7,12,2,0,32.1,0,57,21,0.0,36,0,0
2024-06-27,23,7,12,3,0,34.0,0,36,7,0.0,29,0,0
2024-06-28,24,7,12,4,0,35.0,0,29,12,0.0,17,0,0
2024-06-29,25,7,12,5,1,32.6,0,17,10,0.0,73,66,0
2024-06-30,26,7,12,6,1,32.9,0,73,13,0.0,60,0,0
2024-07-01,27,7,12,0,0,30.3,0,60,10,0.0,50,0,0
2024-07-02,28,7,12,1,0,31.3,0,50,16,0.0,34,0,0
2024-07-03,29,7,12,2,0,29.6,0,34,15,0.0,19,0,0
2024-07-04,30,7,12,3,0,34.9,0,19,14,0.0,69,64,0
2024-07-05,31,7,12,4,0,32.5,0,69,14,0.0,55,0,0
2024-07-06,32,7,12,5,1,34.0,0,55,15,0.0,40,0,0
2024-07-07,33,7,12,6,1,34.0,0,40,19,0.0,21,0,0
2024-07-08,34,7,12,0,0,34.3,0,21,17,0.0,4,0,0
2024-07-09,35,7,12,1,0,30.9,0,4,14,0.0,69,79,0
2024-07-10,36,7,12,2,0,31.7,0,69,11,0.0,58,0,0
2024-07-11,37,7,12,3,0,32.3,0,58,11,0.0,47,0,0
2024-07-12,38,7,12,4,0,30.7,0,47,15,0.0,32,0,0
2024-07-13,39,7,12,5,1,32.8,0,32,12,0.0,20,0,0
2024-07-14,40,7,12,6,1,35.4,0,20,14,0.0,69,63,0
2024-07-15,41,7,12,0,0,28.8,0,69,17,0.0,52,0,0
2024-07-16,42,7,12,1,0,34.2,0,52,12,0.0,40,0,0
2024-07-17,43,7,12,2,0,34.3,0,40,14,0.0,26,0,0
2024-07-18,44,7,12,3,0,30.3,0,26,11,0.0,15,0,0
2024-06-04,0,8,1,1,0,30.9,0,167,19,0.0,148,0,0
2024-06-05,1,8,1,2,0,29.2,0,148,18,0.0,130,0,0
2024-06-06,2,8,1,3,0,26.6,0,130,27,0.0,103,0,0
2024-06-07,3,8,1,4,0,33.8,0,103,31,0.0,72,0,0
2024-06-08,4,8,1,5,1,31.7,0,72,39,0.0,33,0,0
2024-06-09,5,8,1,6,1,31.4,0,33,33,0.0,0,0,0
2024-06-10,6,8,1,0,0,29.9,0,0,27,0.0,168,195,0
2024-06-11,7,8,1,1,0,28.2,0,168,29,0.0,139,0,0
2024-06-12,8,8,1,2,0,30.7,0,139,24,0.0,115,0,0
2024-06-13,9,8,1,3,0,33.1,0,115,24,0.0,91,0,0
2024-06-14,10,8,1,4,0,32.7,0,91,26,0.0,65,0,0
2024-06-15,11,8,1,5,1,29.9,0,65,29,0.0,36,0,0
2024-06-16,12,8,1,6,1,30.2,0,36,32,0.0,4,0,0
2024-06-17,13,8,1,0,0,28.3,0,4,24,0.0,171,191,0
2024-06-18,14,8,1,1,0,29.4,0,171,31,0.0,140,0,0
2024-06-19,15,8,1,2,0,30.8,0,140,20,0.0,120,0,0
2024-06-20,16,8,1,3,0,30.1,0,120,20,0.0,100,0,0
2024-06-21,17,8,1,4,0,30.4,0,100,31,0.0,69,0,0
2024-06-22,18,8,1,5,1,33.0,0,69,20,0.0,49,0,0
2024-06-23,19,8,1,6,1,31.0,0,49,33,0.0,16,0,0
2024-06-24,20,8,1,0,0,31.4,0,16,28,0.0,167,179,0
2024-06-25,21,8,1,1,0,30.6,0,167,29,0.0,138,0,0
2024-06-26,22,8,1,2,0,29.5,0,138,21,0.0,117,0,0
2024-06-27,23,8,1,3,0,30.9,0,117,20,0.0,97,0,0
2024-06-28,24,8,1,4,0,29.5,0,97,31,0.0,66,0,0
2024-06-29,25,8,1,5,1,29.3,0,66,26,0.0,40,0,0
2024-06-30,26,8,1,6,1,29.8,0,40,31,0.0,9,0,0
2024-07-01,27,8,1,0,0,30.1,0,9,26,0.0,169,186,0
2024-07-02,28,8,1,1,0,30.0,0,169,18,0.0,151,0,0
2024-07-03,29,8,1,2,0,30.1,0,151,24,0.0,127,0,0
2024-07-04,30,8,1,3,0,29.9,0,127,31,0.0,96,0,0
2024-07-05,31,8,1,4,0,29.6,0,96,23,0.0,73,0,0
2024-07-06,32,8,1,5,1,29.8,0,73,35,0.0,38,0,0
2024-07-07,33,8,1,6,1,28.9,0,38,27,0.0,11,0,0
2024-07-08,34,8,1,0,0,29.1,0,11,24,0.0,171,184,0
2024-07-09,35,8,1,1,0,28.5,0,171,20,0.0,151,0,0
2024-07-10,36,8,1,2,0,31.9,0,151,29,0.0,122,0,0
2024-07-11,37,8,1,3,0,30.5,0,122,22,0.0,100,0,0
2024-07-12,38,8,1,4,0,30.7,0,100,23,0.0,77,0,0
2024-07-13,39,8,1,5,1,30.2,0,77,34,0.0,43,0,0
2024-07-14,40,8,1,6,1,30.1,0,43,42,0.0,1,0,0
2024-07-15,41,8,1,0,0,28.7,0,1,29,0.0,166,194,0
2024-07-16,42,8,1,1,0,34.2,0,166,25,0.0,141,0,0
2024-07-17,43,8,1,2,0,29.1,0,141,25,0.0,116,0,0
2024-07-18,44,8,1,3,0,28.5,0,116,19,0.0,97,0,0
2024-06-04,0,8,2,1,0,30.9,0,10,21,0.0,16,27,0
2024-06-05,1,8,2,2,0,29.2,0,16,18,0.0,19,21,0
2024-06-06,2,8,2,3,0,26.6,0,19,19,0.0,18,18,0
2024-06-07,3,8,2,4,0,33.8,0,18,16,0.0,21,19,0
2024-06-08,4,8,2,5,1,31.7,0,21,19,0.0,18,16,0
2024-06-09,5,8,2,6,1,31.4,0,18,29,0.0,8,19,0
2024-06-10,6,8,2,0,0,29.9,0,8,18,0.0,19,29,0
2024-06-11,7,8,2,1,0,28.2,0,19,23,0.0,14,18,0
2024-06-12,8,8,2,2,0,30.7,0,14,19,0.0,18,23,0
2024-06-13,9,8,2,3,0,33.1,0,18,10,0.0,27,19,0
2024-06-14,10,8,2,4,0,32.7,0,27,15,0.0,22,10,0
2024-06-15,11,8,2,5,1,29.9,0,22,20,0.0,17,15,0
2024-06-16,12,8,2,6,1,30.2,0,17,27,0.0,10,20,0
2024-06-17,13,8,2,0,0,28.3,0,10,23,0.0,14,27,0
2024-06-18,14,8,2,1,0,29.4,0,14,18,0.0,19,23,0
2024-06-19,15,8,2,2,0,30.8,0,19,22,0.0,15,18,0
2024-06-20,16,8,2,3,0,30.1,0,15,23,0.0,14,22,0
2024-06-21,17,8,2,4,0,30.4,0,14,21,0.0,16,23,0
2024-06-22,18,8,2,5,1,33.0,0,16,21,0.0,16,21,0
2024-06-23,19,8,2,6,1,31.0,0,16,26,0.0,11,21,0
2024-06-24,20,8,2,0,0,31.4,0,11,23,0.0,14,26,0
2024-06-25,21,8,2,1,0,30.6,0,14,23,0.0,14,23,0
2024-06-26,22,8,2,2,0,29.5,0,14,19,0.0,18,23,0
2024-06-27,23,8,2,3,0,30.9,0,18,28,0.0,9,19,0
2024-06-28,24,8,2,4,0,29.5,0,9,15,0.0,22,28,0
2024-06-29,25,8,2,5,1,29.3,0,22,28,0.0,9,15,0
2024-06-30,26,8,2,6,1,29.8,0,9,29,0.0,8,28,0
2024-07-01,27,8,2,0,0,30.1,0,8,23,0.0,14,29,0
2024-07-02,28,8,2,1,0,30.0,0,14,17,0.0,20,23,0
2024-07-03,29,8,2,2,0,30.1,0,20,21,0.0,16,17,0
2024-07-04,30,8,2,3,0,29.9,0,16,15,0.0,22,21,0
2024-07-05,31,8,2,4,0,29.6,0,22,20,0.0,17,15,0
2024-07-06,32,8,2,5,1,29.8,0,17,26,0.0,11,20,0
2024-07-07,33,8,2,6,1,28.9,0,11,21,0.0,16,26,0
2024-07-08,34,8,2,0,0,29.1,0,16,23,0.0,14,21,0
2024-07-09,35,8,2,1,0,28.5,0,14,23,0.0,14,23,0
2024-07-10,36,8,2,2,0,31.9,0,14,21,0.0,16,23,0
2024-07-11,37,8,2,3,0,30.5,0,16,25,0.0,12,21,0
2024-07-12,38,8,2,4,0,30.7,0,12,22,0.0,15,25,0
2024-07-13,39,8,2,5,1,30.2,0,15,37,0.0,0,22,0
2024-07-14,40,8,2,6,1,30.1,0,0,22,0.0,15,37,0
2024-07-15,41,8,2,0,0,28.7,0,15,32,0.0,5,22,0
2024-07-16,42,8,2,1,0,34.2,0,5,21,0.0,16,32,0
2024-07-17,43,8,2,2,0,29.1,0,16,21,0.0,16,21,0
2024-07-18,44,8,2,3,0,28.5,0,16,20,0.0,17,21,0
2024-06-04,0,8,3,1,0,30.9,0,168,31,0.0,137,0,0
2024-06-05,1,8,3,2,0,29.2,0,137,23,0.0,114,0,0
2024-06-06,2,8,3,3,0,26.6,0,114,20,0.0,94,0,0
2024-06-07,3,8,3,4,0,33.8,0,94,30,0.0,64,0,0
2024-06-08,4,8,3,5,1,31.7,0,64,26,0.0,38,0,0
2024-06-09,5,8,3,6,1,31.4,0,38,14,0.0,24,0,0
2024-06-10,6,8,3,0,0,29.9,0,24,32,0.0,153,161,0
2024-06-11,7,8,3,1,0,28.2,0,153,13,0.0,140,0,0
2024-06-12,8,8,3,2,0,30.7,0,140,21,0.0,119,0,0
2024-06-13,9,8,3,3,0,33.1,0,119,20,0.0,99,0,0
2024-06-14,10,8,3,4,0,32.7,0,99,23,0.0,76,0,0
2024-06-15,11,8,3,5,1,29.9,0,76,27,0.0,49,0,0
2024-06-16,12,8,3,6,1,30.2,0,49,24,0.0,25,0,0
2024-06-17,13,8,3,0,0,28.3,0,25,23,0.0,162,160,0
2024-06-18,14,8,3,1,0,29.4,0,162,16,0.0,146,0,0
2024-06-19,15,8,3,2,0,30.8,0,146,23,0.0,123,0,0
2024-06-20,16,8,3,3,0,30.1,0,123,26,0.0,97,0,0
2024-06-21,17,8,3,4,0,30.4,0,97,41,0.0,56,0,0
2024-06-22,18,8,3,5,1,33.0,0,56,28,0.0,28,0,0
2024-06-23,19,8,3,6,1,31.0,0,28,28,0.0,0,0,0
2024-06-24,20,8,3,0,0,31.4,0,0,17,0.0,168,185,0
2024-06-25,21,8,3,1,0,30.6,0,168,26,0.0,142,0,0
2024-06-26,22,8,3,2,0,29.5,0,142,19,0.0,123,0,0
2024-06-27,23,8,3,3,0,30.9,0,123,15,0.0,108,0,0
2024-06-28,24,8,3,4,0,29.5,0,108,25,0.0,83,0,0
2024-06-29,25,8,3,5,1,29.3,0,83,35,0.0,48,0,0
2024-06-30,26,8,3,6,1,29.8,0,48,22,0.0,26,0,0
2024-07-01,27,8,3,0,0,30.1,0,26,24,0.0,161,159,0
2024-07-02,28,8,3,1,0,30.0,0,161,19,0.0,142,0,0
2024-07-03,29,8,3,2,0,30.1,0,142,21,0.0,121,0,0
2024-07-04,30,8,3,3,0,29.9,0,121,22,0.0,99,0,0
2024-07-05,31,8,3,4,0,29.6,0,99,21,0.0,78,0,0
2024-07-06,32,8,3,5,1,29.8,0,78,24,0.0,54,0,0
2024-07-07,33,8,3,6,1,28.9,0,54,22,0.0,32,0,0
2024-07-08,34,8,3,0,0,29.1,0,32,27,0.0,158,153,0
2024-07-09,35,8,3,1,0,28.5,0,158,20,0.0,138,0,0
2024-07-10,36,8,3,2,0,31.9,0,138,27,0.0,111,0,0
2024-07-11,37,8,3,3,0,30.5,0,111,15,0.0,96,0,0
2024-07-12,38,8,3,4,0,30.7,0,96,17,0.0,79,0,0
2024-07-13,39,8,3,5,1,30.2,0,79,20,0.0,59,0,0
2024-07-14,40,8,3,6,1,30.1,0,59,42,0.0,17,0,0
2024-07-15,41,8,3,0,0,28.7,0,17,19,0.0,166,168,0
2024-07-16,42,8,3,1,0,34.2,0,166,15,0.0,151,0,0
2024-07-17,43,8,3,2,0,29.1,0,151,25,0.0,126,0,0
2024-07-18,44,8,3,3,0,28.5,0,126,17,0.0,109,0,0
2024-06-04,0,8,4,1,0,30.9,0,113,22,0.0,91,0,0
2024-06-05,1,8,4,2,0,29.2,0,91,18,0.0,73,0,0
2024-06-06,2,8,4,3,0,26.6,0,73,14,0.0,59,0,0
2024-06-07,3,8,4,4,0,33.8,0,59,13,0.0,46,0,0
2024-06-08,4,8,4,5,1,31.7,0,46,18,0.0,28,0,0
2024-06-09,5,8,4,6,1,31.4,0,28,18,0.0,10,0,0
2024-06-10,6,8,4,0,0,29.9,0,10,18,0.0,110,118,0
2024-06-11,7,8,4,1,0,28.2,0,110,17,0.0,93,0,0
2024-06-12,8,8,4,2,0,30.7,0,93,19,0.0,74,0,0
2024-06-13,9,8,4,3,0,33.1,0,74,17,0.0,57,0,0
2024-06-14,10,8,4,4,0,32.7,0,57,13,0.0,44,0,0
2024-06-15,11,8,4,5,1,29.9,0,44,22,0.0,22,0,0
2024-06-16,12,8,4,6,1,30.2,0,22,19,0.0,3,0,0
2024-06-17,13,8,4,0,0,28.3,0,3,15,0.0,113,125,0
2024-06-18,14,8,4,1,0,29.4,0,113,15,0.0,98,0,0
2024-06-19,15,8,4,2,0,30.8,0,98,25,0.0,73,0,0
2024-06-20,16,8,4,3,0,30.1,0,73,20,0.0,53,0,0
2024-06-21,17,8,4,4,0,30.4,0,53,15,0.0,38,0,0
2024-06-22,18,8,4,5,1,33.0,0,38,11,0.0,27,0,0
2024-06-23,19,8,4,6,1,31.0,0,27,27,0.0,0,0,0
2024-06-24,20,8,4,0,0,31.4,0,0,20,0.0,108,128,0
2024-06-25,21,8,4,1,0,30.6,0,108,20,0.0,88,0,0
2024-06-26,22,8,4,2,0,29.5,0,88,14,0.0,74,0,0
2024-06-27,23,8,4,3,0,30.9,0,74,11,0.0,63,0,0
2024-06-28,24,8,4,4,0,29.5,0,63,17,0.0,46,0,0
2024-06-29,25,8,4,5,1,29.3,0,46,18,0.0,28,0,0
2024-06-30,26,8,4,6,1,29.8,0,28,21,0.0,7,0,0
2024-07-01,27,8,4,0,0,30.1,0,7,12,0.0,116,121,0
2024-07-02,28,8,4,1,0,30.0,0,116,24,0.0,92,0,0
2024-07-03,29,8,4,2,0,30.1,0,92,7,0.0,85,0,0
2024-07-04,30,8,4,3,0,29.9,0,85,12,0.0,73,0,0
2024-07-05,31,8,4,4,0,29.6,0,73,14,0.0,59,0,0
2024-07-06,32,8,4,5,1,29.8,0,59,15,0.0,44,0,0
2024-07-07,33,8,4,6,1,28.9,0,44,13,0.0,31,0,0
2024-07-08,34,8,4,0,0,29.1,0,31,17,0.0,111,97,0
2024-07-09,35,8,4,1,0,28.5,0,111,16,0.0,95,0,0
2024-07-10,36,8,4,2,0,31.9,0,95,14,0.0,81,0,0
2024-07-11,37,8,4,3,0,30.5,0,81,22,0.0,59,0,0
2024-07-12,38,8,4,4,0,30.7,0,59,17,0.0,42,0,0
2024-07-13,39,8,4,5,1,30.2,0,42,13,0.0,29,0,0
2024-07-14,40,8,4,6,1,30.1,0,29,16,0.0,13,0,0
2024-07-15,41,8,4,0,0,28.7,0,13,14,0.0,114,115,0
2024-07-16,42,8,4,1,0,34.2,0,114,21,0.0,93,0,0
2024-07-17,43,8,4,2,0,29.1,0,93,13,0.0,80,0,0
2024-07-18,44,8,4,3,0,28.5,0,80,18,0.0,62,0,0
2024-06-04,0,8,5,1,0,30.9,0,82,15,0.0,67,0,0
2024-06-05,1,8,5,2,0,29.2,0,67,11,0.0,56,0,0
2024-06-06,2,8,5,3,0,26.6,0,56,9,0.0,47,0,0
2024-06-07,3,8,5,4,0,33.8,0,47,17,0.0,30,0,0
2024-06-08,4,8,5,5,1,31.7,0,30,15,0.0,15,0,0
2024-06-09,5,8,5,6,1,31.4,0,15,12,0.0,3,0,0
2024-06-10,6,8,5,0,0,29.9,0,3,5,0.0,89,91,0
2024-06-11,7,8,5,1,0,28.2,0,89,6,0.0,83,0,0
2024-06-12,8,8,5,2,0,30.7,0,83,9,0.0,74,0,0
2024-06-13,9,8,5,3,0,33.1,0,74,18,0.0,56,0,0
2024-06-14,10,8,5,4,0,32.7,0,56,12,0.0,44,0,0
2024-06-15,11,8,5,5,1,29.9,0,44,13,0.0,31,0,0
2024-06-16,12,8,5,6,1,30.2,0,31,15,0.0,16,0,0
2024-06-17,13,8,5,0,0,28.3,0,16,13,0.0,81,78,0
2024-06-18,14,8,5,1,0,29.4,0,81,14,0.0,67,0,0
2024-06-19,15,8,5,2,0,30.8,0,67,10,0.0,57,0,0
2024-06-20,16,8,5,3,0,30.1,0,57,12,0.0,45,0,0
2024-06-21,17,8,5,4,0,30.4,0,45,18,0.0,27,0,0
2024-06-22,18,8,5,5,1,33.0,0,27,14,0.0,13,0,0
2024-06-23,19,8,5,6,1,31.0,0,13,13,0.0,0,0,0
2024-06-24,20,8,5,0,0,31.4,0,0,9,0.0,85,94,0
2024-06-25,21,8,5,1,0,30.6,0,85,9,0.0,76,0,0
2024-06-26,22,8,5,2,0,29.5,0,76,20,0.0,56,0,0
2024-06-27,23,8,5,3,0,30.9,0,56,9,0.0,47,0,0
2024-06-28,24,8,5,4,0,29.5,0,47,11,0.0,36,0,0
2024-06-29,25,8,5,5,1,29.3,0,36,11,0.0,25,0,0
2024-06-30,26,8,5,6,1,29.8,0,25,21,0.0,4,0,0
2024-07-01,27,8,5,0,0,30.1,0,4,10,0.0,84,90,0
2024-07-02,28,8,5,1,0,30.0,0,84,8,0.0,76,0,0
2024-07-03,29,8,5,2,0,30.1,0,76,8,0.0,68,0,0
2024-07-04,30,8,5,3,0,29.9,0,68,10,0.0,58,0,0
2024-07-05,31,8,5,4,0,29.6,0,58,6,0.0,52,0,0
2024-07-06,32,8,5,5,1,29.8,0,52,13,0.0,39,0,0
2024-07-07,33,8,5,6,1,28.9,0,39,11,0.0,28,0,0
2024-07-08,34,8,5,0,0,29.1,0,28,13,0.0,81,66,0
2024-07-09,35,8,5,1,0,28.5,0,81,12,0.0,69,0,0
2024-07-10,36,8,5,2,0,31.9,0,69,9,0.0,60,0,0
2024-07-11,37,8,5,3,0,30.5,0,60,16,0.0,44,0,0
2024-07-12,38,8,5,4,0,30.7,0,44,12,0.0,32,0,0
2024-07-13,39,8,5,5,1,30.2,0,32,14,0.0,18,0,0
2024-07-14,40,8,5,6,1,30.1,0,18,8,0.0,10,0,0
2024-07-15,41,8,5,0,0,28.7,0,10,8,0.0,86,84,0
2024-07-16,42,8,5,1,0,34.2,0,86,9,0.0,77,0,0
2024-07-17,43,8,5,2,0,29.1,0,77,7,0.0,70,0,0
2024-07-18,44,8,5,3,0,28.5,0,70,8,0.0,62,0,0
2024-06-04,0,8,6,1,0,30.9,0,45,10,0.0,35,0,0
2024-06-05,1,8,6,2,0,29.2,0,35,3,0.0,32,0,0
2024-06-06,2,8,6,3,0,26.6,0,32,3,0.0,29,0,0
2024-06-07,3,8,6,4,0,33.8,0,29,7,0.0,22,0,0
2024-06-08,4,8,6,5,1,31.7,0,22,11,0.0,11,0,0
2024-06-09,5,8,6,6,1,31.4,0,11,4,0.0,7,0,0
2024-06-10,6,8,6,0,0,29.9,0,7,12,0.0,34,39,0
2024-06-11,7,8,6,1,0,28.2,0,34,4,0.0,30,0,0
2024-06-12,8,8,6,2,0,30.7,0,30,8,0.0,22,0,0
2024-06-13,9,8,6,3,0,33.1,0,22,5,0.0,17,0,0
2024-06-14,10,8,6,4,0,32.7,0,17,5,0.0,12,0,0
2024-06-15,11,8,6,5,1,29.9,0,12,6,0.0,6,0,0
2024-06-16,12,8,6,6,1,30.2,0,6,3,0.0,3,0,0
2024-06-17,13,8,6,0,0,28.3,0,3,9,0.0,37,43,0
2024-06-18,14,8,6,1,0,29.4,0,37,3,0.0,34,0,0
2024-06-19,15,8,6,2,0,30.8,0,34,2,0.0,32,0,0
2024-06-20,16,8,6,3,0,30.1,0,32,8,0.0,24,0,0
2024-06-21,17,8,6,4,0,30.4,0,24,5,0.0,19,0,0
2024-06-22,18,8,6,5,1,33.0,0,19,9,0.0,10,0,0
2024-06-23,19,8,6,6,1,31.0,0,10,10,0.0,0,0,0
2024-06-24,20,8,6,0,0,31.4,0,0,10,0.0,36,46,0
2024-06-25,21,8,6,1,0,30.6,0,36,6,0.0,30,0,0
2024-06-26,22,8,6,2,0,29.5,0,30,2,0.0,28,0,0
2024-06-27,23,8,6,3,0,30.9,0,28,5,0.0,23,0,0
2024-06-28,24,8,6,4,0,29.5,0,23,3,0.0,20,0,0
2024-06-29,25,8,6,5,1,29.3,0,20,7,0.0,13,0,0
2024-06-30,26,8,6,6,1,29.8,0,13,6,0.0,7,0,0
2024-07-01,27,8,6,0,0,30.1,0,7,5,0.0,41,39,0
2024-07-02,28,8,6,1,0,30.0,0,41,6,0.0,35,0,0
2024-07-03,29,8,6,2,0,30.1,0,35,2,0.0,33,0,0
2024-07-04,30,8,6,3,0,29.9,0,33,7,0.0,26,0,0
2024-07-05,31,8,6,4,0,29.6,0,26,7,0.0,19,0,0
2024-07-06,32,8,6,5,1,29.8,0,19,6,0.0,13,0,0
2024-07-07,33,8,6,6,1,28.9,0,13,11,0.0,2,0,0
2024-07-08,34,8,6,0,0,29.1,0,2,2,0.0,44,44,0
2024-07-09,35,8,6,1,0,28.5,0,44,4,0.0,40,0,0
2024-07-10,36,8,6,2,0,31.9,0,40,1,0.0,39,0,0
2024-07-11,37,8,6,3,0,30.5,0,39,4,0.0,35,0,0
2024-07-12,38,8,6,4,0,30.7,0,35,12,0.0,23,0,0
2024-07-13,39,8,6,5,1,30.2,0,23,9,0.0,14,0,0
2024-07-14,40,8,6,6,1,30.1,0,14,10,0.0,4,0,0
2024-07-15,41,8,6,0,0,28.7,0,4,8,0.0,38,42,0
2024-07-16,42,8,6,1,0,34.2,0,38,4,0.0,34,0,0
2024-07-17,43,8,6,2,0,29.1,0,34,6,0.0,28,0,0
2024-07-18,44,8,6,3,0,28.5,0,28,8,0.0,20,0,0
2024-06-04,0,8,7,1,0,30.9,0,24,3,0.0,21,0,0
2024-06-05,1,8,7,2,0,29.2,0,21,2,0.0,19,0,0
2024-06-06,2,8,7,3,0,26.6,0,19,2,0.0,17,0,0
2024-06-07,3,8,7,4,0,33.8,0,17,1,0.0,16,0,0
2024-06-08,4,8,7,5,1,31.7,0,16,2,0.0,14,0,0
2024-06-09,5,8,7,6,1,31.4,0,14,2,0.0,12,0,0
2024-06-10,6,8,7,0,0,29.9,0,12,2,0.0,24,14,0
2024-06-11,7,8,7,1,0,28.2,0,24,4,0.0,20,0,0
2024-06-12,8,8,7,2,0,30.7,0,20,4,0.0,16,0,0
2024-06-13,9,8,7,3,0,33.1,0,16,4,0.0,12,0,0
2024-06-14,10,8,7,4,0,32.7,0,12,8,0.0,4,0,0
2024-06-15,11,8,7,5,1,29.9,0,4,3,0.0,1,0,0
2024-06-16,12,8,7,6,1,30.2,0,1,1,0.0,0,0,0
2024-06-17,13,8,7,0,0,28.3,0,0,3,0.0,23,26,0
2024-06-18,14,8,7,1,0,29.4,0,23,3,0.0,20,0,0
2024-06-19,15,8,7,2,0,30.8,0,20,3,0.0,17,0,0
2024-06-20,16,8,7,3,0,30.1,0,17,1,0.0,16,0,0
2024-06-21,17,8,7,4,0,30.4,0,16,5,0.0,11,0,0
2024-06-22,18,8,7,5,1,33.0,0,11,5,0.0,6,0,0
2024-06-23,19,8,7,6,1,31.0,0,6,5,0.0,1,0,0
2024-06-24,20,8,7,0,0,31.4,0,1,5,0.0,21,25,0
2024-06-25,21,8,7,1,0,30.6,0,21,0,0.0,21,0,0
2024-06-26,22,8,7,2,0,29.5,0,21,2,0.0,19,0,0
2024-06-27,23,8,7,3,0,30.9,0,19,4,0.0,15,0,0
2024-06-28,24,8,7,4,0,29.5,0,15,6,0.0,9,0,0
2024-06-29,25,8,7,5,1,29.3,0,9,6,0.0,3,0,0
2024-06-30,26,8,7,6,1,29.8,0,3,0,0.0,3,0,0
2024-07-01,27,8,7,0,0,30.1,0,3,1,0.0,25,23,0
2024-07-02,28,8,7,1,0,30.0,0,25,3,0.0,22,0,0
2024-07-03,29,8,7,2,0,30.1,0,22,4,0.0,18,0,0
2024-07-04,30,8,7,3,0,29.9,0,18,3,0.0,15,0,0
2024-07-05,31,8,7,4,0,29.6,0,15,0,0.0,15,0,0
2024-07-06,32,8,7,5,1,29.8,0,15,4,0.0,11,0,0
2024-07-07,33,8,7,6,1,28.9,0,11,2,0.0,9,0,0
2024-07-08,34,8,7,0,0,29.1,0,9,4,0.0,22,17,0
2024-07-09,35,8,7,1,0,28.5,0,22,2,0.0,20,0,0
2024-07-10,36,8,7,2,0,31.9,0,20,1,0.0,19,0,0
2024-07-11,37,8,7,3,0,30.5,0,19,4,0.0,15,0,0
2024-07-12,38,8,7,4,0,30.7,0,15,1,0.0,14,0,0
2024-07-13,39,8,7,5,1,30.2,0,14,8,0.0,6,0,0
2024-07-14,40,8,7,6,1,30.1,0,6,4,0.0,2,0,0
2024-07-15,41,8,7,0,0,28.7,0,2,4,0.0,22,24,0
2024-07-16,42,8,7,1,0,34.2,0,22,2,0.0,20,0,0
2024-07-17,43,8,7,2,0,29.1,0,20,2,0.0,18,0,0
2024-07-18,44,8,7,3,0,28.5,0,18,6,0.0,12,0,0
2024-06-04,0,8,8,1,0,30.9,0,273,57,0.0,216,0,0
2024-06-05,1,8,8,2,0,29.2,0,216,34,0.0,182,0,0
2024-06-06,2,8,8,3,0,26.6,0,182,43,0.0,139,0,0
2024-06-07,3,8,8,4,0,33.8,0,139,45,0.0,94,0,0
2024-06-08,4,8,8,5,1,31.7,0,94,45,0.0,49,0,0
2024-06-09,5,8,8,6,1,31.4,0,49,47,0.0,2,0,0
2024-06-10,6,8,8,0,0,29.9,0,2,47,0.0,273,318,0
2024-06-11,7,8,8,1,0,28.2,0,273,43,0.0,230,0,0
2024-06-12,8,8,8,2,0,30.7,0,230,42,0.0,188,0,0
2024-06-13,9,8,8,3,0,33.1,0,188,46,0.0,142,0,0
2024-06-14,10,8,8,4,0,32.7,0,142,53,0.0,89,0,0
2024-06-15,11,8,8,5,1,29.9,0,89,47,0.0,42,0,0
2024-06-16,12,8,8,6,1,30.2,0,42,42,0.0,0,0,0
2024-06-17,13,8,8,0,0,28.3,0,0,51,0.0,269,320,0
2024-06-18,14,8,8,1,0,29.4,0,269,29,0.0,240,0,0
2024-06-19,15,8,8,2,0,30.8,0,240,44,0.0,196,0,0
2024-06-20,16,8,8,3,0,30.1,0,196,50,0.0,146,0,0
2024-06-21,17,8,8,4,0,30.4,0,146,40,0.0,106,0,0
2024-06-22,18,8,8,5,1,33.0,0,106,48,0.0,58,0,0
2024-06-23,19,8,8,6,1,31.0,0,58,53,0.0,5,0,0
2024-06-24,20,8,8,0,0,31.4,0,5,41,0.0,279,315,0
2024-06-25,21,8,8,1,0,30.6,0,279,40,0.0,239,0,0
2024-06-26,22,8,8,2,0,29.5,0,239,46,0.0,193,0,0
2024-06-27,23,8,8,3,0,30.9,0,193,42,0.0,151,0,0
2024-06-28,24,8,8,4,0,29.5,0,151,57,0.0,94,0,0
2024-06-29,25,8,8,5,1,29.3,0,94,37,0.0,57,0,0
2024-06-30,26,8,8,6,1,29.8,0,57,32,0.0,25,0,0
2024-07-01,27,8,8,0,0,30.1,0,25,38,0.0,282,295,0
2024-07-02,28,8,8,1,0,30.0,0,282,54,0.0,228,0,0
2024-07-03,29,8,8,2,0,30.1,0,228,47,0.0,181,0,0
2024-07-04,30,8,8,3,0,29.9,0,181,39,0.0,142,0,0
2024-07-05,31,8,8,4,0,29.6,0,142,40,0.0,102,0,0
2024-07-06,32,8,8,5,1,29.8,0,102,34,0.0,68,0,0
2024-07-07,33,8,8,6,1,28.9,0,68,45,0.0,23,0,0
2024-07-08,34,8,8,0,0,29.1,0,23,41,0.0,279,297,0
2024-07-09,35,8,8,1,0,28.5,0,279,33,0.0,246,0,0
2024-07-10,36,8,8,2,0,31.9,0,246,44,0.0,202,0,0
2024-07-11,37,8,8,3,0,30.5,0,202,45,0.0,157,0,0
2024-07-12,38,8,8,4,0,30.7,0,157,39,0.0,118,0,0
2024-07-13,39,8,8,5,1,30.2,0,118,53,0.0,65,0,0
2024-07-14,40,8,8,6,1,30.1,0,65,60,0.0,5,0,0
2024-07-15,41,8,8,0,0,28.7,0,5,34,0.0,286,315,0
2024-07-16,42,8,8,1,0,34.2,0,286,62,0.0,224,0,0
2024-07-17,43,8,8,2,0,29.1,0,224,49,0.0,175,0,0
2024-07-18,44,8,8,3,0,28.5,0,175,38,0.0,137,0,0
2024-06-04,0,8,9,1,0,30.9,0,27,27,0.0,22,22,0
2024-06-05,1,8,9,2,0,29.2,0,22,29,0.0,20,27,0
2024-06-06,2,8,9,3,0,26.6,0,20,28,0.0,21,29,0
2024-06-07,3,8,9,4,0,33.8,0,21,32,0.0,17,28,0
2024-06-08,4,8,9,5,1,31.7,0,17,31,0.0,18,32,0
2024-06-09,5,8,9,6,1,31.4,0,18,30,0.0,19,31,0
2024-06-10,6,8,9,0,0,29.9,0,19,28,0.0,21,30,0
2024-06-11,7,8,9,1,0,28.2,0,21,26,0.0,23,28,0
2024-06-12,8,8,9,2,0,30.7,0,23,35,0.0,14,26,0
2024-06-13,9,8,9,3,0,33.1,0,14,25,0.0,24,35,0
2024-06-14,10,8,9,4,0,32.7,0,24,20,0.0,29,25,0
2024-06-15,11,8,9,5,1,29.9,0,29,26,0.0,23,20,0
2024-06-16,12,8,9,6,1,30.2,0,23,36,0.0,13,26,0
2024-06-17,13,8,9,0,0,28.3,0,13,19,0.0,30,36,0
2024-06-18,14,8,9,1,0,29.4,0,30,32,0.0,17,19,0
2024-06-19,15,8,9,2,0,30.8,0,17,37,0.0,12,32,0
2024-06-20,16,8,9,3,0,30.1,0,12,25,0.0,24,37,0
2024-06-21,17,8,9,4,0,30.4,0,24,24,0.0,25,25,0
2024-06-22,18,8,9,5,1,33.0,0,25,35,0.0,14,24,0
2024-06-23,19,8,9,6,1,31.0,0,14,21,0.0,25,32,0
2024-06-24,20,8,9,0,0,31.4,0,25,33,0.0,16,24,0
2024-06-25,21,8,9,1,0,30.6,0,16,30,0.0,19,33,0
2024-06-26,22,8,9,2,0,29.5,0,19,29,0.0,20,30,0
2024-06-27,23,8,9,3,0,30.9,0,20,36,0.0,13,29,0
2024-06-28,24,8,9,4,0,29.5,0,13,19,0.0,30,36,0
2024-06-29,25,8,9,5,1,29.3,0,30,31,0.0,18,19,0
2024-06-30,26,8,9,6,1,29.8,0,18,45,0.0,4,31,0
2024-07-01,27,8,9,0,0,30.1,0,4,30,0.0,9,35,0
2024-07-02,28,8,9,1,0,30.0,0,9,35,0.0,14,40,0
2024-07-03,29,8,9,2,0,30.1,0,14,23,0.0,26,35,0
2024-07-04,30,8,9,3,0,29.9,0,26,31,0.0,18,23,0
2024-07-05,31,8,9,4,0,29.6,0,18,23,0.0,26,31,0
2024-07-06,32,8,9,5,1,29.8,0,26,28,0.0,21,23,0
2024-07-07,33,8,9,6,1,28.9,0,21,37,0.0,12,28,0
2024-07-08,34,8,9,0,0,29.1,0,12,25,0.0,24,37,0
2024-07-09,35,8,9,1,0,28.5,0,24,21,0.0,28,25,0
2024-07-10,36,8,9,2,0,31.9,0,28,22,0.0,27,21,0
2024-07-11,37,8,9,3,0,30.5,0,27,28,0.0,21,22,0
2024-07-12,38,8,9,4,0,30.7,0,21,26,0.0,23,28,0
2024-07-13,39,8,9,5,1,30.2,0,23,49,0.0,0,26,0
2024-07-14,40,8,9,6,1,30.1,0,0,25,0.0,24,49,0
2024-07-15,41,8,9,0,0,28.7,0,24,28,0.0,21,25,0
2024-07-16,42,8,9,1,0,34.2,0,21,34,0.0,15,28,0
2024-07-17,43,8,9,2,0,29.1,0,15,36,0.0,13,34,0
2024-07-18,44,8,9,3,0,28.5,0,13,30,0.0,19,36,0
2024-06-04,0,8,10,1,0,30.9,0,132,23,0.0,109,0,0
2024-06-05,1,8,10,2,0,29.2,0,109,12,0.0,97,0,0
2024-06-06,2,8,10,3,0,26.6,0,97,28,0.0,69,0,0
2024-06-07,3,8,10,4,0,33.8,0,69,21,0.0,48,0,0
2024-06-08,4,8,10,5,1,31.7,0,48,19,0.0,29,0,0
2024-06-09,5,8,10,6,1,31.4,0,29,11,0.0,18,0,0
2024-06-10,6,8,10,0,0,29.9,0,18,17,0.0,133,132,0
2024-06-11,7,8,10,1,0,28.2,0,133,16,0.0,117,0,0
2024-06-12,8,8,10,2,0,30.7,0,117,16,0.0,101,0,0
2024-06-13,9,8,10,3,0,33.1,0,101,22,0.0,79,0,0
2024-06-14,10,8,10,4,0,32.7,0,79,21,0.0,58,0,0
2024-06-15,11,8,10,5,1,29.9,0,58,19,0.0,39,0,0
2024-06-16,12,8,10,6,1,30.2,0,39,20,0.0,19,0,0
2024-06-17,13,8,10,0,0,28.3,0,19,15,0.0,135,131,0
2024-06-18,14,8,10,1,0,29.4,0,135,21,0.0,114,0,0
2024-06-19,15,8,10,2,0,30.8,0,114,14,0.0,100,0,0
2024-06-20,16,8,10,3,0,30.1,0,100,17,0.0,83,0,0
2024-06-21,17,8,10,4,0,30.4,0,83,19,0.0,64,0,0
2024-06-22,18,8,10,5,1,33.0,0,64,15,0.0,49,0,0
2024-06-23,19,8,10,6,1,31.0,0,49,24,0.0,25,0,0
2024-06-24,20,8,10,0,0,31.4,0,25,16,0.0,134,125,0
2024-06-25,21,8,10,1,0,30.6,0,134,21,0.0,113,0,0
2024-06-26,22,8,10,2,0,29.5,0,113,17,0.0,96,0,0
2024-06-27,23,8,10,3,0,30.9,0,96,21,0.0,75,0,0
2024-06-28,24,8,10,4,0,29.5,0,75,22,0.0,53,0,0
2024-06-29,25,8,10,5,1,29.3,0,53,22,0.0,31,0,0
2024-06-30,26,8,10,6,1,29.8,0,31,22,0.0,9,0,0
2024-07-01,27,8,10,0,0,30.1,0,9,21,0.0,129,141,0
2024-07-02,28,8,10,1,0,30.0,0,129,19,0.0,110,0,0
2024-07-03,29,8,10,2,0,30.1,0,110,22,0.0,88,0,0
2024-07-04,30,8,10,3,0,29.9,0,88,21,0.0,67,0,0
2024-07-05,31,8,10,4,0,29.6,0,67,14,0.0,53,0,0
2024-07-06,32,8,10,5,1,29.8,0,53,28,0.0,25,0,0
2024-07-07,33,8,10,6,1,28.9,0,25,25,0.0,0,0,0
2024-07-08,34,8,10,0,0,29.1,0,0,20,0.0,130,150,0
2024-07-09,35,8,10,1,0,28.5,0,130,16,0.0,114,0,0
2024-07-10,36,8,10,2,0,31.9,0,114,20,0.0,94,0,0
2024-07-11,37,8,10,3,0,30.5,0,94,17,0.0,77,0,0
2024-07-12,38,8,10,4,0,30.7,0,77,19,0.0,58,0,0
2024-07-13,39,8,10,5,1,30.2,0,58,20,0.0,38,0,0
2024-07-14,40,8,10,6,1,30.1,0,38,18,0.0,20,0,0
2024-07-15,41,8,10,0,0,28.7,0,20,17,0.0,133,130,0
2024-07-16,42,8,10,1,0,34.2,0,133,15,0.0,118,0,0
2024-07-17,43,8,10,2,0,29.1,0,118,20,0.0,98,0,0
2024-07-18,44,8,10,3,0,28.5,0,98,22,0.0,76,0,0
2024-06-04,0,8,11,1,0,30.9,0,94,16,0.0,78,0,0
2024-06-05,1,8,11,2,0,29.2,0,78,17,0.0,61,0,0
2024-06-06,2,8,11,3,0,26.6,0,61,13,0.0,48,0,0
2024-06-07,3,8,11,4,0,33.8,0,48,17,0.0,31,0,0
2024-06-08,4,8,11,5,1,31.7,0,31,8,0.0,23,0,0
2024-06-09,5,8,11,6,1,31.4,0,23,20,0.0,3,0,0
2024-06-10,6,8,11,0,0,29.9,0,3,17,0.0,95,109,0
2024-06-11,7,8,11,1,0,28.2,0,95,13,0.0,82,0,0
2024-06-12,8,8,11,2,0,30.7,0,82,11,0.0,71,0,0
2024-06-13,9,8,11,3,0,33.1,0,71,11,0.0,60,0,0
2024-06-14,10,8,11,4,0,32.7,0,60,13,0.0,47,0,0
2024-06-15,11,8,11,5,1,29.9,0,47,16,0.0,31,0,0
2024-06-16,12,8,11,6,1,30.2,0,31,16,0.0,15,0,0
2024-06-17,13,8,11,0,0,28.3,0,15,17,0.0,95,97,0
2024-06-18,14,8,11,1,0,29.4,0,95,16,0.0,79,0,0
2024-06-19,15,8,11,2,0,30.8,0,79,7,0.0,72,0,0
2024-06-20,16,8,11,3,0,30.1,0,72,10,0.0,62,0,0
2024-06-21,17,8,11,4,0,30.4,0,62,13,0.0,49,0,0
2024-06-22,18,8,11,5,1,33.0,0,49,13,0.0,36,0,0
2024-06-23,19,8,11,6,1,31.0,0,36,15,0.0,21,0,0
2024-06-24,20,8,11,0,0,31.4,0,21,12,0.0,100,91,0
2024-06-25,21,8,11,1,0,30.6,0,100,10,0.0,90,0,0
2024-06-26,22,8,11,2,0,29.5,0,90,13,0.0,77,0,0
2024-06-27,23,8,11,3,0,30.9,0,77,15,0.0,62,0,0
2024-06-28,24,8,11,4,0,29.5,0,62,13,0.0,49,0,0
2024-06-29,25,8,11,5,1,29.3,0,49,12,0.0,37,0,0
2024-06-30,26,8,11,6,1,29.8,0,37,13,0.0,24,0,0
2024-07-01,27,8,11,0,0,30.1,0,24,18,0.0,94,88,0
2024-07-02,28,8,11,1,0,30.0,0,94,13,0.0,81,0,0
2024-07-03,29,8,11,2,0,30.1,0,81,12,0.0,69,0,0
2024-07-04,30,8,11,3,0,29.9,0,69,11,0.0,58,0,0
2024-07-05,31,8,11,4,0,29.6,0,58,11,0.0,47,0,0
2024-07-06,32,8,11,5,1,29.8,0,47,28,0.0,19,0,0
2024-07-07,33,8,11,6,1,28.9,0,19,19,0.0,0,0,0
2024-07-08,34,8,11,0,0,29.1,0,0,11,0.0,101,112,0
2024-07-09,35,8,11,1,0,28.5,0,101,11,0.0,90,0,0
2024-07-10,36,8,11,2,0,31.9,0,90,13,0.0,77,0,0
2024-07-11,37,8,11,3,0,30.5,0,77,14,0.0,63,0,0
2024-07-12,38,8,11,4,0,30.7,0,63,15,0.0,48,0,0
2024-07-13,39,8,11,5,1,30.2,0,48,14,0.0,34,0,0
2024-07-14,40,8,11,6,1,30.1,0,34,10,0.0,24,0,0
2024-07-15,41,8,11,0,0,28.7,0,24,15,0.0,97,88,0
2024-07-16,42,8,11,1,0,34.2,0,97,12,0.0,85,0,0
2024-07-17,43,8,11,2,0,29.1,0,85,10,0.0,75,0,0
2024-07-18,44,8,11,3,0,28.5,0,75,24,0.0,51,0,0
2024-06-04,0,8,12,1,0,30.9,0,20,8,0.0,62,50,0
2024-06-05,1,8,12,2,0,29.2,0,62,11,0.0,51,0,0
2024-06-06,2,8,12,3,0,26.6,0,51,14,0.0,37,0,0
2024-06-07,3,8,12,4,0,33.8,0,37,13,0.0,24,0,0
2024-06-08,4,8,12,5,1,31.7,0,24,17,0.0,7,0,0
2024-06-09,5,8,12,6,1,31.4,0,7,19,0.0,51,63,0
2024-06-10,6,8,12,0,0,29.9,0,51,12,0.0,39,0,0
2024-06-11,7,8,12,1,0,28.2,0,39,13,0.0,26,0,0
2024-06-12,8,8,12,2,0,30.7,0,26,10,0.0,16,0,0
2024-06-13,9,8,12,3,0,33.1,0,16,7,0.0,9,0,0
2024-06-14,10,8,12,4,0,32.7,0,9,11,0.0,59,61,0
2024-06-15,11,8,12,5,1,29.9,0,59,12,0.0,47,0,0
2024-06-16,12,8,12,6,1,30.2,0,47,14,0.0,33,0,0
2024-06-17,13,8,12,0,0,28.3,0,33,9,0.0,24,0,0
2024-06-18,14,8,12,1,0,29.4,0,24,13,0.0,11,0,0
2024-06-19,15,8,12,2,0,30.8,0,11,11,0.0,59,59,0
2024-06-20,16,8,12,3,0,30.1,0,59,13,0.0,46,0,0
2024-06-21,17,8,12,4,0,30.4,0,46,15,0.0,31,0,0
2024-06-22,18,8,12,5,1,33.0,0,31,13,0.0,18,0,0
2024-06-23,19,8,12,6,1,31.0,0,18,11,0.0,7,0,0
2024-06-24,20,8,12,0,0,31.4,0,7,12,0.0,58,63,0
2024-06-25,21,8,12,1,0,30.6,0,58,13,0.0,45,0,0
2024-06-26,22,8,12,2,0,29.5,0,45,11,0.0,34,0,0
2024-06-27,23,8,12,3,0,30.9,0,34,6,0.0,28,0,0
2024-06-28,24,8,12,4,0,29.5,0,28,16,0.0,12,0,0
2024-06-29,25,8,12,5,1,29.3,0,12,16,0.0,54,58,0
2024-06-30,26,8,12,6,1,29.8,0,54,15,0.0,39,0,0
2024-07-01,27,8,12,0,0,30.1,0,39,9,0.0,30,0,0
2024-07-02,28,8,12,1,0,30.0,0,30,14,0.0,16,0,0
2024-07-03,29,8,12,2,0,30.1,0,16,10,0.0,6,0,0
2024-07-04,30,8,12,3,0,29.9,0,6,18,0.0,52,64,0
2024-07-05,31,8,12,4,0,29.6,0,52,10,0.0,42,0,0
2024-07-06,32,8,12,5,1,29.8,0,42,15,0.0,27,0,0
2024-07-07,33,8,12,6,1,28.9,0,27,18,0.0,9,0,0
2024-07-08,34,8,12,0,0,29.1,0,9,9,0.0,0,0,0
2024-07-09,35,8,12,1,0,28.5,0,0,13,0.0,57,70,0
2024-07-10,36,8,12,2,0,31.9,0,57,16,0.0,41,0,0
2024-07-11,37,8,12,3,0,30.5,0,41,9,0.0,32,0,0
2024-07-12,38,8,12,4,0,30.7,0,32,5,0.0,27,0,0
2024-07-13,39,8,12,5,1,30.2,0,27,19,0.0,8,0,0
2024-07-14,40,8,12,6,1,30.1,0,8,12,0.0,58,62,0
2024-07-15,41,8,12,0,0,28.7,0,58,9,0.0,49,0,0
2024-07-16,42,8,12,1,0,34.2,0,49,11,0.0,38,0,0
2024-07-17,43,8,12,2,0,29.1,0,38,12,0.0,26,0,0
2024-07-18,44,8,12,3,0,28.5,0,26,11,0.0,15,0,0
2024-06-04,0,1,1,1,0,29.9,0,244,33,0.0,211,0,0
2024-06-05,1,1,1,2,0,30.0,0,211,41,0.0,170,0,0
2024-06-06,2,1,1,3,0,27.6,0,170,26,0.0,144,0,0
2024-06-07,3,1,1,4,0,30.6,0,144,37,0.0,107,0,0
2024-06-08,4,1,1,5,1,28.7,0,107,39,0.0,68,0,0
2024-06-09,5,1,1,6,1,22.7,0,68,34,0.0,34,0,0
2024-06-10,6,1,1,0,0,27.9,0,34,31,0.0,242,239,0
2024-06-11,7,1,1,1,0,27.6,0,242,36,0.0,206,0,0
2024-06-12,8,1,1,2,0,26.3,0,206,23,0.0,183,0,0
2024-06-13,9,1,1,3,0,27.7,0,183,38,0.0,145,0,0
2024-06-14,10,1,1,4,0,27.5,0,145,39,0.0,106,0,0
2024-06-15,11,1,1,5,1,28.7,0,106,41,0.0,65,0,0
2024-06-16,12,1,1,6,1,29.8,0,65,43,0.0,22,0,0
2024-06-17,13,1,1,0,0,27.8,0,22,43,0.0,230,251,0
2024-06-18,14,1,1,1,0,27.9,0,230,30,0.0,200,0,0
2024-06-19,15,1,1,2,0,24.7,0,200,32,0.0,168,0,0
2024-06-20,16,1,1,3,0,28.2,0,168,32,0.0,136,0,0
2024-06-21,17,1,1,4,0,27.4,0,136,32,0.0,104,0,0
2024-06-22,18,1,1,5,1,29.5,0,104,55,0.0,49,0,0
2024-06-23,19,1,1,6,1,31.1,0,49,49,0.0,0,0,0
2024-06-24,20,1,1,0,0,28.2,0,0,36,0.0,237,273,0
2024-06-25,21,1,1,1,0,28.6,0,237,26,0.0,211,0,0
2024-06-26,22,1,1,2,0,26.0,0,211,21,0.0,190,0,0
2024-06-27,23,1,1,3,0,27.2,0,190,30,0.0,160,0,0
2024-06-28,24,1,1,4,0,31.2,0,160,36,0.0,124,0,0
2024-06-29,25,1,1,5,1,27.8,0,124,47,0.0,77,0,0
2024-06-30,26,1,1,6,1,27.4,0,77,34,0.0,43,0,0
2024-07-01,27,1,1,0,0,29.5,0,43,38,0.0,235,230,0
2024-07-02,28,1,1,1,0,28.0,0,235,31,0.0,204,0,0
2024-07-03,29,1,1,2,0,27.3,0,204,40,0.0,164,0,0
2024-07-04,30,1,1,3,0,28.6,0,164,31,0.0,133,0,0
2024-07-05,31,1,1,4,0,27.6,0,133,32,0.0,101,0,0
2024-07-06,32,1,1,5,1,29.8,0,101,44,0.0,57,0,0
2024-07-07,33,1,1,6,1,27.0,0,57,42,0.0,15,0,0
2024-07-08,34,1,1,0,0,28.7,0,15,37,0.0,236,258,0
2024-07-09,35,1,1,1,0,31.4,0,236,40,0.0,196,0,0
2024-07-10,36,1,1,2,0,27.1,0,196,41,0.0,155,0,0
2024-07-11,37,1,1,3,0,25.1,0,155,30,0.0,125,0,0
2024-07-12,38,1,1,4,0,29.4,0,125,44,0.0,81,0,0
2024-07-13,39,1,1,5,1,29.4,0,81,43,0.0,38,0,0
2024-07-14,40,1,1,6,1,27.3,0,38,30,0.0,8,0,0
2024-07-15,41,1,1,0,0,28.4,0,8,33,0.0,240,265,0
2024-07-16,42,1,1,1,0,28.2,0,240,50,0.0,190,0,0
2024-07-17,43,1,1,2,0,26.0,0,190,32,0.0,158,0,0
2024-07-18,44,1,1,3,0,28.6,0,158,44,0.0,114,0,0
2024-06-04,0,1,2,1,0,29.9,0,13,20,0.0,9,16,0
2024-06-05,1,1,2,2,0,30.0,0,9,19,0.0,10,20,0
2024-06-06,2,1,2,3,0,27.6,0,10,24,0.0,5,19,0
2024-06-07,3,1,2,4,0,30.6,0,5,24,0.0,5,24,0
2024-06-08,4,1,2,5,1,28.7,0,5,17,0.0,12,24,0
2024-06-09,5,1,2,6,1,22.7,0,12,17,0.0,12,17,0
2024-06-10,6,1,2,0,0,27.9,0,12,22,0.0,7,17,0
2024-06-11,7,1,2,1,0,27.6,0,7,19,0.0,10,22,0
2024-06-12,8,1,2,2,0,26.3,0,10,23,0.0,6,19,0
2024-06-13,9,1,2,3,0,27.7,0,6,20,0.0,9,23,0
2024-06-14,10,1,2,4,0,27.5,0,9,15,0.0,14,20,0
2024-06-15,11,1,2,5,1,28.7,0,14,17,0.0,12,15,0
2024-06-16,12,1,2,6,1,29.8,0,12,27,0.0,2,17,0
2024-06-17,13,1,2,0,0,27.8,0,2,23,0.0,6,27,0
2024-06-18,14,1,2,1,0,27.9,0,6,22,0.0,7,23,0
2024-06-19,15,1,2,2,0,24.7,0,7,25,0.0,4,22,0
2024-06-20,16,1,2,3,0,28.2,0,4,19,0.0,10,25,0
2024-06-21,17,1,2,4,0,27.4,0,10,16,0.0,13,19,0
2024-06-22,18,1,2,5,1,29.5,0,13,24,0.0,5,16,0
2024-06-23,19,1,2,6,1,31.1,0,5,25,0.0,4,24,0
2024-06-24,20,1,2,0,0,28.2,0,4,23,0.0,6,25,0
2024-06-25,21,1,2,1,0,28.6,0,6,11,0.0,18,23,0
2024-06-26,22,1,2,2,0,26.0,0,18,21,0.0,8,11,0
2024-06-27,23,1,2,3,0,27.2,0,8,20,0.0,9,21,0
2024-06-28,24,1,2,4,0,31.2,0,9,17,0.0,12,20,0
2024-06-29,25,1,2,5,1,27.8,0,12,26,0.0,3,17,0
2024-06-30,26,1,2,6,1,27.4,0,3,29,0.0,0,26,0
2024-07-01,27,1,2,0,0,29.5,0,0,20,0.0,9,29,0
2024-07-02,28,1,2,1,0,28.0,0,9,22,0.0,7,20,0
2024-07-03,29,1,2,2,0,27.3,0,7,13,0.0,16,22,0
2024-07-04,30,1,2,3,0,28.6,0,16,28,0.0,1,13,0
2024-07-05,31,1,2,4,0,27.6,0,1,12,0.0,17,28,0
2024-07-06,32,1,2,5,1,29.8,0,17,18,0.0,11,12,0
2024-07-07,33,1,2,6,1,27.0,0,11,24,0.0,5,18,0
2024-07-08,34,1,2,0,0,28.7,0,5,7,0.0,22,24,0
2024-07-09,35,1,2,1,0,31.4,0,22,16,0.0,13,7,0
2024-07-10,36,1,2,2,0,27.1,0,13,21,0.0,8,16,0
2024-07-11,37,1,2,3,0,25.1,0,8,18,0.0,11,21,0
2024-07-12,38,1,2,4,0,29.4,0,11,21,0.0,8,18,0
2024-07-13,39,1,2,5,1,29.4,0,8,19,0.0,10,21,0
2024-07-14,40,1,2,6,1,27.3,0,10,16,0.0,13,19,0
2024-07-15,41,1,2,0,0,28.4,0,13,22,0.0,7,16,0
2024-07-16,42,1,2,1,0,28.2,0,7,16,0.0,13,22,0
2024-07-17,43,1,2,2,0,26.0,0,13,22,0.0,7,16,0
2024-07-18,44,1,2,3,0,28.6,0,7,12,0.0,17,22,0
2024-06-04,0,1,3,1,0,29.9,0,63,6,0.0,57,0,0
2024-06-05,1,1,3,2,0,30.0,0,57,6,0.0,51,0,0
2024-06-06,2,1,3,3,0,27.6,0,51,6,0.0,45,0,0
2024-06-07,3,1,3,4,0,30.6,0,45,9,0.0,36,0,0
2024-06-08,4,1,3,5,1,28.7,0,36,12,0.0,24,0,0
2024-06-09,5,1,3,6,1,22.7,0,24,13,0.0,11,0,0
2024-06-10,6,1,3,0,0,27.9,0,11,7,0.0,69,65,0
2024-06-11,7,1,3,1,0,27.6,0,69,12,0.0,57,0,0
2024-06-12,8,1,3,2,0,26.3,0,57,9,0.0,48,0,0
2024-06-13,9,1,3,3,0,27.7,0,48,9,0.0,39,0,0
2024-06-14,10,1,3,4,0,27.5,0,39,8,0.0,31,0,0
2024-06-15,11,1,3,5,1,28.7,0,31,9,0.0,22,0,0
2024-06-16,12,1,3,6,1,29.8,0,22,9,0.0,13,0,0
2024-06-17,13,1,3,0,0,27.8,0,13,12,0.0,64,63,0
2024-06-18,14,1,3,1,0,27.9,0,64,13,0.0,51,0,0
2024-06-19,15,1,3,2,0,24.7,0,51,4,0.0,47,0,0
2024-06-20,16,1,3,3,0,28.2,0,47,16,0.0,31,0,0
2024-06-21,17,1,3,4,0,27.4,0,31,6,0.0,25,0,0
2024-06-22,18,1,3,5,1,29.5,0,25,11,0.0,14,0,0
2024-06-23,19,1,3,6,1,31.1,0,14,14,0.0,0,0,0
2024-06-24,20,1,3,0,0,28.2,0,0,8,0.0,68,76,0
2024-06-25,21,1,3,1,0,28.6,0,68,9,0.0,59,0,0
2024-06-26,22,1,3,2,0,26.0,0,59,15,0.0,44,0,0
2024-06-27,23,1,3,3,0,27.2,0,44,6,0.0,38,0,0
2024-06-28,24,1,3,4,0,31.2,0,38,17,0.0,21,0,0
2024-06-29,25,1,3,5,1,27.8,0,21,8,0.0,13,0,0
2024-06-30,26,1,3,6,1,27.4,0,13,10,0.0,3,0,0
2024-07-01,27,1,3,0,0,29.5,0,3,9,0.0,67,73,0
2024-07-02,28,1,3,1,0,28.0,0,67,9,0.0,58,0,0
2024-07-03,29,1,3,2,0,27.3,0,58,6,0.0,52,0,0
2024-07-04,30,1,3,3,0,28.6,0,52,5,0.0,47,0,0
2024-07-05,31,1,3,4,0,27.6,0,47,10,0.0,37,0,0
2024-07-06,32,1,3,5,1,29.8,0,37,13,0.0,24,0,0
2024-07-07,33,1,3,6,1,27.0,0,24,9,0.0,15,0,0
2024-07-08,34,1,3,0,0,28.7,0,15,12,0.0,64,61,0
2024-07-09,35,1,3,1,0,31.4,0,64,9,0.0,55,0,0
2024-07-10,36,1,3,2,0,27.1,0,55,7,0.0,48,0,0
2024-07-11,37,1,3,3,0,25.1,0,48,8,0.0,40,0,0
2024-07-12,38,1,3,4,0,29.4,0,40,6,0.0,34,0,0
2024-07-13,39,1,3,5,1,29.4,0,34,14,0.0,20,0,0
2024-07-14,40,1,3,6,1,27.3,0,20,10,0.0,10,0,0
2024-07-15,41,1,3,0,0,28.4,0,10,6,0.0,70,66,0
2024-07-16,42,1,3,1,0,28.2,0,70,12,0.0,58,0,0
2024-07-17,43,1,3,2,0,26.0,0,58,9,0.0,49,0,0
2024-07-18,44,1,3,3,0,28.6,0,49,16,0.0,33,0,0
2024-06-04,0,1,4,1,0,29.9,0,98,18,0.0,80,0,0
2024-06-05,1,1,4,2,0,30.0,0,80,15,0.0,65,0,0
2024-06-06,2,1,4,3,0,27.6,0,65,17,0.0,48,0,0
2024-06-07,3,1,4,4,0,30.6,0,48,11,0.0,37,0,0
2024-06-08,4,1,4,5,1,28.7,0,37,16,0.0,21,0,0
2024-06-09,5,1,4,6,1,22.7,0,21,11,0.0,10,0,0
2024-06-10,6,1,4,0,0,27.9,0,10,9,0.0,105,104,0
2024-06-11,7,1,4,1,0,27.6,0,105,11,0.0,94,0,0
2024-06-12,8,1,4,2,0,26.3,0,94,13,0.0,81,0,0
2024-06-13,9,1,4,3,0,27.7,0,81,15,0.0,66,0,0
2024-06-14,10,1,4,4,0,27.5,0,66,15,0.0,51,0,0
2024-06-15,11,1,4,5,1,28.7,0,51,16,0.0,35,0,0
2024-06-16,12,1,4,6,1,29.8,0,35,12,0.0,23,0,0
2024-06-17,13,1,4,0,0,27.8,0,23,10,0.0,104,91,0
2024-06-18,14,1,4,1,0,27.9,0,104,8,0.0,96,0,0
2024-06-19,15,1,4,2,0,24.7,0,96,20,0.0,76,0,0
2024-06-20,16,1,4,3,0,28.2,0,76,9,0.0,67,0,0
2024-06-21,17,1,4,4,0,27.4,0,67,10,0.0,57,0,0
2024-06-22,18,1,4,5,1,29.5,0,57,11,0.0,46,0,0
2024-06-23,19,1,4,6,1,31.1,0,46,16,0.0,30,0,0
2024-06-24,20,1,4,0,0,28.2,0,30,8,0.0,106,84,0
2024-06-25,21,1,4,1,0,28.6,0,106,16,0.0,90,0,0
2024-06-26,22,1,4,2,0,26.0,0,90,5,0.0,85,0,0
2024-06-27,23,1,4,3,0,27.2,0,85,13,0.0,72,0,0
2024-06-28,24,1,4,4,0,31.2,0,72,9,0.0,63,0,0
2024-06-29,25,1,4,5,1,27.8,0,63,27,0.0,36,0,0
2024-06-30,26,1,4,6,1,27.4,0,36,20,0.0,16,0,0
2024-07-01,27,1,4,0,0,29.5,0,16,19,0.0,95,98,0
2024-07-02,28,1,4,1,0,28.0,0,95,23,0.0,72,0,0
2024-07-03,29,1,4,2,0,27.3,0,72,13,0.0,59,0,0
2024-07-04,30,1,4,3,0,28.6,0,59,15,0.0,44,0,0
2024-07-05,31,1,4,4,0,27.6,0,44,18,0.0,26,0,0
2024-07-06,32,1,4,5,1,29.8,0,26,11,0.0,15,0,0
2024-07-07,33,1,4,6,1,27.0,0,15,15,0.0,0,0,0
2024-07-08,34,1,4,0,0,28.7,0,0,15,0.0,99,114,0
2024-07-09,35,1,4,1,0,31.4,0,99,9,0.0,90,0,0
2024-07-10,36,1,4,2,0,27.1,0,90,14,0.0,76,0,0
2024-07-11,37,1,4,3,0,25.1,0,76,10,0.0,66,0,0
2024-07-12,38,1,4,4,0,29.4,0,66,14,0.0,52,0,0
2024-07-13,39,1,4,5,1,29.4,0,52,18,0.0,34,0,0
2024-07-14,40,1,4,6,1,27.3,0,34,21,0.0,13,0,0
2024-07-15,41,1,4,0,0,28.4,0,13,14,0.0,100,101,0
2024-07-16,42,1,4,1,0,28.2,0,100,16,0.0,84,0,0
2024-07-17,43,1,4,2,0,26.0,0,84,17,0.0,67,0,0
2024-07-18,44,1,4,3,0,28.6,0,67,13,0.0,54,0,0
2024-06-04,0,1,5,1,0,29.9,0,71,9,0.0,62,0,0
2024-06-05,1,1,5,2,0,30.0,0,62,4,0.0,58,0,0
2024-06-06,2,1,5,3,0,27.6,0,58,10,0.0,48,0,0
2024-06-07,3,1,5,4,0,30.6,0,48,18,0.0,30,0,0
2024-06-08,4,1,5,5,1,28.7,0,30,9,0.0,21,0,0
2024-06-09,5,1,5,6,1,22.7,0,21,9,0.0,12,0,0
2024-06-10,6,1,5,0,0,27.9,0,12,7,0.0,78,73,0
2024-06-11,7,1,5,1,0,27.6,0,78,18,0.0,60,0,0
2024-06-12,8,1,5,2,0,26.3,0,60,12,0.0,48,0,0
2024-06-13,9,1,5,3,0,27.7,0,48,10,0.0,38,0,0
2024-06-14,10,1,5,4,0,27.5,0,38,12,0.0,26,0,0
2024-06-15,11,1,5,5,1,28.7,0,26,10,0.0,16,0,0
2024-06-16,12,1,5,6,1,29.8,0,16,14,0.0,2,0,0
2024-06-17,13,1,5,0,0,27.8,0,2,14,0.0,71,83,0
2024-06-18,14,1,5,1,0,27.9,0,71,11,0.0,60,0,0
2024-06-19,15,1,5,2,0,24.7,0,60,10,0.0,50,0,0
2024-06-20,16,1,5,3,0,28.2,0,50,13,0.0,37,0,0
2024-06-21,17,1,5,4,0,27.4,0,37,8,0.0,29,0,0
2024-06-22,18,1,5,5,1,29.5,0,29,12,0.0,17,0,0
2024-06-23,19,1,5,6,1,31.1,0,17,15,0.0,2,0,0
2024-06-24,20,1,5,0,0,28.2,0,2,10,0.0,75,83,0
2024-06-25,21,1,5,1,0,28.6,0,75,5,0.0,70,0,0
2024-06-26,22,1,5,2,0,26.0,0,70,14,0.0,56,0,0
2024-06-27,23,1,5,3,0,27.2,0,56,8,0.0,48,0,0
2024-06-28,24,1,5,4,0,31.2,0,48,12,0.0,36,0,0
2024-06-29,25,1,5,5,1,27.8,0,36,16,0.0,20,0,0
2024-06-30,26,1,5,6,1,27.4,0,20,17,0.0,3,0,0
2024-07-01,27,1,5,0,0,29.5,0,3,9,0.0,76,82,0
2024-07-02,28,1,5,1,0,28.0,0,76,10,0.0,66,0,0
2024-07-03,29,1,5,2,0,27.3,0,66,13,0.0,53,0,0
2024-07-04,30,1,5,3,0,28.6,0,53,15,0.0,38,0,0
2024-07-05,31,1,5,4,0,27.6,0,38,8,0.0,30,0,0
2024-07-06,32,1,5,5,1,29.8,0,30,14,0.0,16,0,0
2024-07-07,33,1,5,6,1,27.0,0,16,16,0.0,0,0,0
2024-07-08,34,1,5,0,0,28.7,0,0,12,0.0,73,85,0
2024-07-09,35,1,5,1,0,31.4,0,73,5,0.0,68,0,0
2024-07-10,36,1,5,2,0,27.1,0,68,11,0.0,57,0,0
2024-07-11,37,1,5,3,0,25.1,0,57,12,0.0,45,0,0
2024-07-12,38,1,5,4,0,29.4,0,45,10,0.0,35,0,0
2024-07-13,39,1,5,5,1,29.4,0,35,18,0.0,17,0,0
2024-07-14,40,1,5,6,1,27.3,0,17,15,0.0,2,0,0
2024-07-15,41,1,5,0,0,28.4,0,2,9,0.0,76,83,0
2024-07-16,42,1,5,1,0,28.2,0,76,10,0.0,66,0,0
2024-07-17,43,1,5,2,0,26.0,0,66,8,0.0,58,0,0
2024-07-18,44,1,5,3,0,28.6,0,58,12,0.0,46,0,0
2024-06-04,0,1,6,1,0,29.9,0,51,7,0.0,44,0,0
2024-06-05,1,1,6,2,0,30.0,0,44,9,0.0,35,0,0
2024-06-06,2,1,6,3,0,27.6,0,35,4,0.0,31,0,0
2024-06-07,3,1,6,4,0,30.6,0,31,1,0.0,30,0,0
2024-06-08,4,1,6,5,1,28.7,0,30,8,0.0,22,0,0
2024-06-09,5,1,6,6,1,22.7,0,22,4,0.0,18,0,0
2024-06-10,6,1,6,0,0,27.9,0,18,7,0.0,51,40,0
2024-06-11,7,1,6,1,0,27.6,0,51,3,0.0,48,0,0
2024-06-12,8,1,6,2,0,26.3,0,48,6,0.0,42,0,0
2024-06-13,9,1,6,3,0,27.7,0,42,7,0.0,35,0,0
2024-06-14,10,1,6,4,0,27.5,0,35,8,0.0,27,0,0
2024-06-15,11,1,6,5,1,28.7,0,27,11,0.0,16,0,0
2024-06-16,12,1,6,6,1,29.8,0,16,16,0.0,0,0,0
2024-06-17,13,1,6,0,0,27.8,0,0,11,0.0,47,58,0
2024-06-18,14,1,6,1,0,27.9,0,47,0,0.0,47,0,0
2024-06-19,15,1,6,2,0,24.7,0,47,7,0.0,40,0,0
2024-06-20,16,1,6,3,0,28.2,0,40,7,0.0,33,0,0
2024-06-21,17,1,6,4,0,27.4,0,33,9,0.0,24,0,0
2024-06-22,18,1,6,5,1,29.5,0,24,4,0.0,20,0,0
2024-06-23,19,1,6,6,1,31.1,0,20,16,0.0,4,0,0
2024-06-24,20,1,6,0,0,28.2,0,4,11,0.0,47,54,0
2024-06-25,21,1,6,1,0,28.6,0,47,9,0.0,38,0,0
2024-06-26,22,1,6,2,0,26.0,0,38,5,0.0,33,0,0
2024-06-27,23,1,6,3,0,27.2,0,33,6,0.0,27,0,0
2024-06-28,24,1,6,4,0,31.2,0,27,6,0.0,21,0,0
2024-06-29,25,1,6,5,1,27.8,0,21,7,0.0,14,0,0
2024-06-30,26,1,6,6,1,27.4,0,14,6,0.0,8,0,0
2024-07-01,27,1,6,0,0,29.5,0,8,10,0.0,48,50,0
2024-07-02,28,1,6,1,0,28.0,0,48,7,0.0,41,0,0
2024-07-03,29,1,6,2,0,27.3,0,41,10,0.0,31,0,0
2024-07-04,30,1,6,3,0,28.6,0,31,5,0.0,26,0,0
2024-07-05,31,1,6,4,0,27.6,0,26,6,0.0,20,0,0
2024-07-06,32,1,6,5,1,29.8,0,20,9,0.0,11,0,0
2024-07-07,33,1,6,6,1,27.0,0,11,7,0.0,4,0,0
2024-07-08,34,1,6,0,0,28.7,0,4,9,0.0,49,54,0
2024-07-09,35,1,6,1,0,31.4,0,49,8,0.0,41,0,0
2024-07-10,36,1,6,2,0,27.1,0,41,7,0.0,34,0,0
2024-07-11,37,1,6,3,0,25.1,0,34,9,0.0,25,0,0
2024-07-12,38,1,6,4,0,29.4,0,25,2,0.0,23,0,0
2024-07-13,39,1,6,5,1,29.4,0,23,8,0.0,15,0,0
2024-07-14,40,1,6,6,1,27.3,0,15,5,0.0,10,0,0
2024-07-15,41,1,6,0,0,28.4,0,10,10,0.0,48,48,0
2024-07-16,42,1,6,1,0,28.2,0,48,8,0.0,40,0,0
2024-07-17,43,1,6,2,0,26.0,0,40,6,0.0,34,0,0
2024-07-18,44,1,6,3,0,28.6,0,34,7,0.0,27,0,0
2024-06-04,0,1,7,1,0,29.9,0,11,1,0.0,10,0,0
2024-06-05,1,1,7,2,0,30.0,0,10,1,0.0,9,0,0
2024-06-06,2,1,7,3,0,27.6,0,9,1,0.0,8,0,0
2024-06-07,3,1,7,4,0,30.6,0,8,3,0.0,5,0,0
2024-06-08,4,1,7,5,1,28.7,0,5,3,0.0,2,0,0
2024-06-09,5,1,7,6,1,22.7,0,2,0,0.0,2,0,0
2024-06-10,6,1,7,0,0,27.9,0,2,0,0.0,12,10,0
2024-06-11,7,1,7,1,0,27.6,0,12,0,0.0,12,0,0
2024-06-12,8,1,7,2,0,26.3,0,12,2,0.0,10,0,0
2024-06-13,9,1,7,3,0,27.7,0,10,1,0.0,9,0,0
2024-06-14,10,1,7,4,0,27.5,0,9,0,0.0,9,0,0
2024-06-15,11,1,7,5,1,28.7,0,9,2,0.0,7,0,0
2024-06-16,12,1,7,6,1,29.8,0,7,4,0.0,3,0,0
2024-06-17,13,1,7,0,0,27.8,0,3,1,0.0,11,9,0
2024-06-18,14,1,7,1,0,27.9,0,11,2,0.0,9,0,0
2024-06-19,15,1,7,2,0,24.7,0,9,1,0.0,8,0,0
2024-06-20,16,1,7,3,0,28.2,0,8,2,0.0,6,0,0
2024-06-21,17,1,7,4,0,27.4,0,6,0,0.0,6,0,0
2024-06-22,18,1,7,5,1,29.5,0,6,1,0.0,5,0,0
2024-06-23,19,1,7,6,1,31.1,0,5,1,0.0,4,0,0
2024-06-24,20,1,7,0,0,28.2,0,4,1,0.0,11,8,0
2024-06-25,21,1,7,1,0,28.6,0,11,1,0.0,10,0,0
2024-06-26,22,1,7,2,0,26.0,0,10,1,0.0,9,0,0
2024-06-27,23,1,7,3,0,27.2,0,9,1,0.0,8,0,0
2024-06-28,24,1,7,4,0,31.2,0,8,2,0.0,6,0,0
2024-06-29,25,1,7,5,1,27.8,0,6,1,0.0,5,0,0
2024-06-30,26,1,7,6,1,27.4,0,5,5,0.0,0,0,0
2024-07-01,27,1,7,0,0,29.5,0,0,2,0.0,10,12,0
2024-07-02,28,1,7,1,0,28.0,0,10,0,0.0,10,0,0
2024-07-03,29,1,7,2,0,27.3,0,10,1,0.0,9,0,0
2024-07-04,30,1,7,3,0,28.6,0,9,1,0.0,8,0,0
2024-07-05,31,1,7,4,0,27.6,0,8,2,0.0,6,0,0
2024-07-06,32,1,7,5,1,29.8,0,6,1,0.0,5,0,0
2024-07-07,33,1,7,6,1,27.0,0,5,3,0.0,2,0,0
2024-07-08,34,1,7,0,0,28.7,0,2,3,0.0,9,10,0
2024-07-09,35,1,7,1,0,31.4,0,9,2,0.0,7,0,0
2024-07-10,36,1,7,2,0,27.1,0,7,1,0.0,6,0,0
2024-07-11,37,1,7,3,0,25.1,0,6,2,0.0,4,0,0
2024-07-12,38,1,7,4,0,29.4,0,4,0,0.0,4,0,0
2024-07-13,39,1,7,5,1,29.4,0,4,0,0.0,4,0,0
2024-07-14,40,1,7,6,1,27.3,0,4,0,0.0,4,0,0
2024-07-15,41,1,7,0,0,28.4,0,4,0,0.0,12,8,0
2024-07-16,42,1,7,1,0,28.2,0,12,3,0.0,9,0,0
2024-07-17,43,1,7,2,0,26.0,0,9,3,0.0,6,0,0
2024-07-18,44,1,7,3,0,28.6,0,6,2,0.0,4,0,0
2024-06-04,0,1,8,1,0,29.9,0,256,30,0.0,226,0,0
2024-06-05,1,1,8,2,0,30.0,0,226,37,0.0,189,0,0
2024-06-06,2,1,8,3,0,27.6,0,189,31,0.0,158,0,0
2024-06-07,3,1,8,4,0,30.6,0,158,50,0.0,108,0,0
2024-06-08,4,1,8,5,1,28.7,0,108,48,0.0,60,0,0
2024-06-09,5,1,8,6,1,22.7,0,60,35,0.0,25,0,0
2024-06-10,6,1,8,0,0,27.9,0,25,45,0.0,256,276,0
2024-06-11,7,1,8,1,0,27.6,0,256,41,0.0,215,0,0
2024-06-12,8,1,8,2,0,26.3,0,215,49,0.0,166,0,0
2024-06-13,9,1,8,3,0,27.7,0,166,41,0.0,125,0,0
2024-06-14,10,1,8,4,0,27.5,0,125,39,0.0,86,0,0
2024-06-15,11,1,8,5,1,28.7,0,86,52,0.0,34,0,0
2024-06-16,12,1,8,6,1,29.8,0,34,34,0.0,0,0,0
2024-06-17,13,1,8,0,0,27.8,0,0,34,0.0,267,301,0
2024-06-18,14,1,8,1,0,27.9,0,267,36,0.0,231,0,0
2024-06-19,15,1,8,2,0,24.7,0,231,29,0.0,202,0,0
2024-06-20,16,1,8,3,0,28.2,0,202,49,0.0,153,0,0
2024-06-21,17,1,8,4,0,27.4,0,153,41,0.0,112,0,0
2024-06-22,18,1,8,5,1,29.5,0,112,32,0.0,80,0,0
2024-06-23,19,1,8,6,1,31.1,0,80,39,0.0,41,0,0
2024-06-24,20,1,8,0,0,28.2,0,41,41,0.0,260,260,0
2024-06-25,21,1,8,1,0,28.6,0,260,48,0.0,212,0,0
2024-06-26,22,1,8,2,0,26.0,0,212,31,0.0,181,0,0
2024-06-27,23,1,8,3,0,27.2,0,181,38,0.0,143,0,0
2024-06-28,24,1,8,4,0,31.2,0,143,48,0.0,95,0,0
2024-06-29,25,1,8,5,1,27.8,0,95,40,0.0,55,0,0
2024-06-30,26,1,8,6,1,27.4,0,55,33,0.0,22,0,0
2024-07-01,27,1,8,0,0,29.5,0,22,33,0.0,268,279,0
2024-07-02,28,1,8,1,0,28.0,0,268,25,0.0,243,0,0
2024-07-03,29,1,8,2,0,27.3,0,243,38,0.0,205,0,0
2024-07-04,30,1,8,3,0,28.6,0,205,39,0.0,166,0,0
2024-07-05,31,1,8,4,0,27.6,0,166,39,0.0,127,0,0
2024-07-06,32,1,8,5,1,29.8,0,127,36,0.0,91,0,0
2024-07-07,33,1,8,6,1,27.0,0,91,47,0.0,44,0,0
2024-07-08,34,1,8,0,0,28.7,0,44,49,0.0,252,257,0
2024-07-09,35,1,8,1,0,31.4,0,252,46,0.0,206,0,0
2024-07-10,36,1,8,2,0,27.1,0,206,27,0.0,179,0,0
2024-07-11,37,1,8,3,0,25.1,0,179,35,0.0,144,0,0
2024-07-12,38,1,8,4,0,29.4,0,144,36,0.0,108,0,0
2024-07-13,39,1,8,5,1,29.4,0,108,38,0.0,70,0,0
2024-07-14,40,1,8,6,1,27.3,0,70,44,0.0,26,0,0
2024-07-15,41,1,8,0,0,28.4,0,26,36,0.0,265,275,0
2024-07-16,42,1,8,1,0,28.2,0,265,43,0.0,222,0,0
2024-07-17,43,1,8,2,0,26.0,0,222,29,0.0,193,0,0
2024-07-18,44,1,8,3,0,28.6,0,193,42,0.0,151,0,0
2024-06-04,0,1,9,1,0,29.9,0,15,23,0.0,19,27,0
2024-06-05,1,1,9,2,0,30.0,0,19,24,0.0,18,23,0
2024-06-06,2,1,9,3,0,27.6,0,18,13,0.0,29,24,0
2024-06-07,3,1,9,4,0,30.6,0,29,27,0.0,15,13,0
2024-06-08,4,1,9,5,1,28.7,0,15,14,0.0,28,27,0
2024-06-09,5,1,9,6,1,22.7,0,28,18,0.0,24,14,0
2024-06-10,6,1,9,0,0,27.9,0,24,24,0.0,18,18,0
2024-06-11,7,1,9,1,0,27.6,0,18,22,0.0,20,24,0
2024-06-12,8,1,9,2,0,26.3,0,20,22,0.0,20,22,0
2024-06-13,9,1,9,3,0,27.7,0,20,19,0.0,23,22,0
2024-06-14,10,1,9,4,0,27.5,0,23,21,0.0,21,19,0
2024-06-15,11,1,9,5,1,28.7,0,21,14,0.0,28,21,0
2024-06-16,12,1,9,6,1,29.8,0,28,23,0.0,19,14,0
2024-06-17,13,1,9,0,0,27.8,0,19,18,0.0,24,23,0
2024-06-18,14,1,9,1,0,27.9,0,24,19,0.0,23,18,0
2024-06-19,15,1,9,2,0,24.7,0,23,14,0.0,28,19,0
2024-06-20,16,1,9,3,0,28.2,0,28,24,0.0,18,14,0
2024-06-21,17,1,9,4,0,27.4,0,18,19,0.0,23,24,0
2024-06-22,18,1,9,5,1,29.5,0,23,42,0.0,0,19,0
2024-06-23,19,1,9,6,1,31.1,0,0,31,0.0,11,42,0
2024-06-24,20,1,9,0,0,28.2,0,11,16,0.0,26,31,0
2024-06-25,21,1,9,1,0,28.6,0,26,21,0.0,21,16,0
2024-06-26,22,1,9,2,0,26.0,0,21,24,0.0,18,21,0
2024-06-27,23,1,9,3,0,27.2,0,18,18,0.0,24,24,0
2024-06-28,24,1,9,4,0,31.2,0,24,21,0.0,21,18,0
2024-06-29,25,1,9,5,1,27.8,0,21,27,0.0,15,21,0
2024-06-30,26,1,9,6,1,27.4,0,15,24,0.0,18,27,0
2024-07-01,27,1,9,0,0,29.5,0,18,28,0.0,14,24,0
2024-07-02,28,1,9,1,0,28.0,0,14,17,0.0,25,28,0
2024-07-03,29,1,9,2,0,27.3,0,25,28,0.0,14,17,0
2024-07-04,30,1,9,3,0,28.6,0,14,22,0.0,20,28,0
2024-07-05,31,1,9,4,0,27.6,0,20,18,0.0,24,22,0
2024-07-06,32,1,9,5,1,29.8,0,24,24,0.0,18,18,0
2024-07-07,33,1,9,6,1,27.0,0,18,24,0.0,18,24,0
2024-07-08,34,1,9,0,0,28.7,0,18,27,0.0,15,24,0
2024-07-09,35,1,9,1,0,31.4,0,15,16,0.0,26,27,0
2024-07-10,36,1,9,2,0,27.1,0,26,21,0.0,21,16,0
2024-07-11,37,1,9,3,0,25.1,0,21,19,0.0,23,21,0
2024-07-12,38,1,9,4,0,29.4,0,23,30,0.0,12,19,0
2024-07-13,39,1,9,5,1,29.4,0,12,20,0.0,22,30,0
2024-07-14,40,1,9,6,1,27.3,0,22,23,0.0,19,20,0
2024-07-15,41,1,9,0,0,28.4,0,19,24,0.0,18,23,0
2024-07-16,42,1,9,1,0,28.2,0,18,35,0.0,7,24,0
2024-07-17,43,1,9,2,0,26.0,0,7,19,0.0,23,35,0
2024-07-18,44,1,9,3,0,28.6,0,23,31,0.0,11,19,0
2024-06-04,0,1,10,1,0,29.9,0,97,12,0.0,85,0,0
2024-06-05,1,1,10,2,0,30.0,0,85,17,0.0,68,0,0
2024-06-06,2,1,10,3,0,27.6,0,68,13,0.0,55,0,0
2024-06-07,3,1,10,4,0,30.6,0,55,14,0.0,41,0,0
2024-06-08,4,1,10,5,1,28.7,0,41,13,0.0,28,0,0
2024-06-09,5,1,10,6,1,22.7,0,28,10,0.0,18,0,0
2024-06-10,6,1,10,0,0,27.9,0,18,9,0.0,99,90,0
2024-06-11,7,1,10,1,0,27.6,0,99,12,0.0,87,0,0
2024-06-12,8,1,10,2,0,26.3,0,87,8,0.0,79,0,0
2024-06-13,9,1,10,3,0,27.7,0,79,10,0.0,69,0,0
2024-06-14,10,1,10,4,0,27.5,0,69,10,0.0,59,0,0
2024-06-15,11,1,10,5,1,28.7,0,59,21,0.0,38,0,0
2024-06-16,12,1,10,6,1,29.8,0,38,13,0.0,25,0,0
2024-06-17,13,1,10,0,0,27.8,0,25,14,0.0,94,83,0
2024-06-18,14,1,10,1,0,27.9,0,94,10,0.0,84,0,0
2024-06-19,15,1,10,2,0,24.7,0,84,12,0.0,72,0,0
2024-06-20,16,1,10,3,0,28.2,0,72,12,0.0,60,0,0
2024-06-21,17,1,10,4,0,27.4,0,60,15,0.0,45,0,0
2024-06-22,18,1,10,5,1,29.5,0,45,8,0.0,37,0,0
2024-06-23,19,1,10,6,1,31.1,0,37,9,0.0,28,0,0
2024-06-24,20,1,10,0,0,28.2,0,28,9,0.0,99,80,0
2024-06-25,21,1,10,1,0,28.6,0,99,11,0.0,88,0,0
2024-06-26,22,1,10,2,0,26.0,0,88,10,0.0,78,0,0
2024-06-27,23,1,10,3,0,27.2,0,78,8,0.0,70,0,0
2024-06-28,24,1,10,4,0,31.2,0,70,19,0.0,51,0,0
2024-06-29,25,1,10,5,1,27.8,0,51,11,0.0,40,0,0
2024-06-30,26,1,10,6,1,27.4,0,40,13,0.0,27,0,0
2024-07-01,27,1,10,0,0,29.5,0,27,15,0.0,93,81,0
2024-07-02,28,1,10,1,0,28.0,0,93,5,0.0,88,0,0
2024-07-03,29,1,10,2,0,27.3,0,88,13,0.0,75,0,0
2024-07-04,30,1,10,3,0,28.6,0,75,16,0.0,59,0,0
2024-07-05,31,1,10,4,0,27.6,0,59,16,0.0,43,0,0
2024-07-06,32,1,10,5,1,29.8,0,43,13,0.0,30,0,0
2024-07-07,33,1,10,6,1,27.0,0,30,6,0.0,24,0,0
2024-07-08,34,1,10,0,0,28.7,0,24,22,0.0,86,84,0
2024-07-09,35,1,10,1,0,31.4,0,86,11,0.0,75,0,0
2024-07-10,36,1,10,2,0,27.1,0,75,18,0.0,57,0,0
2024-07-11,37,1,10,3,0,25.1,0,57,19,0.0,38,0,0
2024-07-12,38,1,10,4,0,29.4,0,38,15,0.0,23,0,0
2024-07-13,39,1,10,5,1,29.4,0,23,23,0.0,0,0,0
2024-07-14,40,1,10,6,1,27.3,0,0,0,0.0,0,0,0
2024-07-15,41,1,10,0,0,28.4,0,0,16,0.0,92,108,0
2024-07-16,42,1,10,1,0,28.2,0,92,10,0.0,82,0,0
2024-07-17,43,1,10,2,0,26.0,0,82,18,0.0,64,0,0
2024-07-18,44,1,10,3,0,28.6,0,64,18,0.0,46,0,0
2024-06-04,0,1,11,1,0,29.9,0,127,18,0.0,109,0,0
2024-06-05,1,1,11,2,0,30.0,0,109,23,0.0,86,0,0
2024-06-06,2,1,11,3,0,27.6,0,86,12,0.0,74,0,0
2024-06-07,3,1,11,4,0,30.6,0,74,19,0.0,55,0,0
2024-06-08,4,1,11,5,1,28.7,0,55,11,0.0,44,0,0
2024-06-09,5,1,11,6,1,22.7,0,44,19,0.0,25,0,0
2024-06-10,6,1,11,0,0,27.9,0,25,15,0.0,127,117,0
2024-06-11,7,1,11,1,0,27.6,0,127,15,0.0,112,0,0
2024-06-12,8,1,11,2,0,26.3,0,112,12,0.0,100,0,0
2024-06-13,9,1,11,3,0,27.7,0,100,20,0.0,80,0,0
2024-06-14,10,1,11,4,0,27.5,0,80,22,0.0,58,0,0
2024-06-15,11,1,11,5,1,28.7,0,58,15,0.0,43,0,0
2024-06-16,12,1,11,6,1,29.8,0,43,14,0.0,29,0,0
2024-06-17,13,1,11,0,0,27.8,0,29,23,0.0,119,113,0
2024-06-18,14,1,11,1,0,27.9,0,119,13,0.0,106,0,0
2024-06-19,15,1,11,2,0,24.7,0,106,12,0.0,94,0,0
2024-06-20,16,1,11,3,0,28.2,0,94,22,0.0,72,0,0
2024-06-21,17,1,11,4,0,27.4,0,72,27,0.0,45,0,0
2024-06-22,18,1,11,5,1,29.5,0,45,22,0.0,23,0,0
2024-06-23,19,1,11,6,1,31.1,0,23,13,0.0,10,0,0
2024-06-24,20,1,11,0,0,28.2,0,10,26,0.0,116,132,0
2024-06-25,21,1,11,1,0,28.6,0,116,20,0.0,96,0,0
2024-06-26,22,1,11,2,0,26.0,0,96,17,0.0,79,0,0
2024-06-27,23,1,11,3,0,27.2,0,79,21,0.0,58,0,0
2024-06-28,24,1,11,4,0,31.2,0,58,11,0.0,47,0,0
2024-06-29,25,1,11,5,1,27.8,0,47,18,0.0,29,0,0
2024-06-30,26,1,11,6,1,27.4,0,29,24,0.0,5,0,0
2024-07-01,27,1,11,0,0,29.5,0,5,11,0.0,131,137,0
2024-07-02,28,1,11,1,0,28.0,0,131,17,0.0,114,0,0
2024-07-03,29,1,11,2,0,27.3,0,114,30,0.0,84,0,0
2024-07-04,30,1,11,3,0,28.6,0,84,12,0.0,72,0,0
2024-07-05,31,1,11,4,0,27.6,0,72,16,0.0,56,0,0
2024-07-06,32,1,11,5,1,29.8,0,56,28,0.0,28,0,0
2024-07-07,33,1,11,6,1,27.0,0,28,28,0.0,0,0,0
2024-07-08,34,1,11,0,0,28.7,0,0,18,0.0,124,142,0
2024-07-09,35,1,11,1,0,31.4,0,124,22,0.0,102,0,0
2024-07-10,36,1,11,2,0,27.1,0,102,16,0.0,86,0,0
2024-07-11,37,1,11,3,0,25.1,0,86,22,0.0,64,0,0
2024-07-12,38,1,11,4,0,29.4,0,64,19,0.0,45,0,0
2024-07-13,39,1,11,5,1,29.4,0,45,16,0.0,29,0,0
2024-07-14,40,1,11,6,1,27.3,0,29,24,0.0,5,0,0
2024-07-15,41,1,11,0,0,28.4,0,5,17,0.0,125,137,0
2024-07-16,42,1,11,1,0,28.2,0,125,14,0.0,111,0,0
2024-07-17,43,1,11,2,0,26.0,0,111,16,0.0,95,0,0
2024-07-18,44,1,11,3,0,28.6,0,95,14,0.0,81,0,0
2024-06-04,0,1,12,1,0,29.9,0,8,12,0.0,63,67,0
2024-06-05,1,1,12,2,0,30.0,0,63,10,0.0,53,0,0
2024-06-06,2,1,12,3,0,27.6,0,53,9,0.0,44,0,0
2024-06-07,3,1,12,4,0,30.6,0,44,12,0.0,32,0,0
2024-06-08,4,1,12,5,1,28.7,0,32,23,0.0,9,0,0
2024-06-09,5,1,12,6,1,22.7,0,9,16,0.0,59,66,0
2024-06-10,6,1,12,0,0,27.9,0,59,7,0.0,52,0,0
2024-06-11,7,1,12,1,0,27.6,0,52,9,0.0,43,0,0
2024-06-12,8,1,12,2,0,26.3,0,43,6,0.0,37,0,0
2024-06-13,9,1,12,3,0,27.7,0,37,12,0.0,25,0,0
2024-06-14,10,1,12,4,0,27.5,0,25,10,0.0,65,50,0
2024-06-15,11,1,12,5,1,28.7,0,65,20,0.0,45,0,0
2024-06-16,12,1,12,6,1,29.8,0,45,11,0.0,34,0,0
2024-06-17,13,1,12,0,0,27.8,0,34,13,0.0,21,0,0
2024-06-18,14,1,12,1,0,27.9,0,21,14,0.0,7,0,0
2024-06-19,15,1,12,2,0,24.7,0,7,11,0.0,64,68,0
2024-06-20,16,1,12,3,0,28.2,0,64,8,0.0,56,0,0
2024-06-21,17,1,12,4,0,27.4,0,56,15,0.0,41,0,0
2024-06-22,18,1,12,5,1,29.5,0,41,11,0.0,30,0,0
2024-06-23,19,1,12,6,1,31.1,0,30,18,0.0,12,0,0
2024-06-24,20,1,12,0,0,28.2,0,12,11,0.0,64,63,0
2024-06-25,21,1,12,1,0,28.6,0,64,10,0.0,54,0,0
2024-06-26,22,1,12,2,0,26.0,0,54,5,0.0,49,0,0
2024-06-27,23,1,12,3,0,27.2,0,49,10,0.0,39,0,0
2024-06-28,24,1,12,4,0,31.2,0,39,8,0.0,31,0,0
2024-06-29,25,1,12,5,1,27.8,0,31,14,0.0,61,44,0
2024-06-30,26,1,12,6,1,27.4,0,61,17,0.0,44,0,0
2024-07-01,27,1,12,0,0,29.5,0,44,16,0.0,28,0,0
2024-07-02,28,1,12,1,0,28.0,0,28,17,0.0,11,0,0
2024-07-03,29,1,12,2,0,27.3,0,11,5,0.0,6,0,0
2024-07-04,30,1,12,3,0,28.6,0,6,19,0.0,56,69,0
2024-07-05,31,1,12,4,0,27.6,0,56,8,0.0,48,0,0
2024-07-06,32,1,12,5,1,29.8,0,48,14,0.0,34,0,0
2024-07-07,33,1,12,6,1,27.0,0,34,18,0.0,16,0,0
2024-07-08,34,1,12,0,0,28.7,0,16,16,0.0,0,0,0
2024-07-09,35,1,12,1,0,31.4,0,0,14,0.0,61,75,0
2024-07-10,36,1,12,2,0,27.1,0,61,9,0.0,52,0,0
2024-07-11,37,1,12,3,0,25.1,0,52,13,0.0,39,0,0
2024-07-12,38,1,12,4,0,29.4,0,39,11,0.0,28,0,0
2024-07-13,39,1,12,5,1,29.4,0,28,16,0.0,12,0,0
2024-07-14,40,1,12,6,1,27.3,0,12,17,0.0,58,63,0
2024-07-15,41,1,12,0,0,28.4,0,58,9,0.0,49,0,0
2024-07-16,42,1,12,1,0,28.2,0,49,9,0.0,40,0,0
2024-07-17,43,1,12,2,0,26.0,0,40,11,0.0,29,0,0
2024-07-18,44,1,12,3,0,28.6,0,29,14,0.0,15,0,0
2024-06-04,0,2,1,1,0,29.9,0,314,58,0.0,256,0,0
2024-06-05,1,2,1,2,0,30.0,0,256,45,0.0,211,0,0
2024-06-06,2,2,1,3,0,27.6,0,211,45,0.0,166,0,0
2024-06-07,3,2,1,4,0,30.6,0,166,58,0.0,108,0,0
2024-06-08,4,2,1,5,1,28.7,0,108,64,0.0,44,0,0
2024-06-09,5,2,1,6,1,22.7,0,44,44,0.0,0,0,0
2024-06-10,6,2,1,0,0,27.9,0,0,49,0.0,310,359,0
2024-06-11,7,2,1,1,0,27.6,0,310,34,0.0,276,0,0
2024-06-12,8,2,1,2,0,26.3,0,276,46,0.0,230,0,0
2024-06-13,9,2,1,3,0,27.7,0,230,52,0.0,178,0,0
2024-06-14,10,2,1,4,0,27.5,0,178,44,0.0,134,0,0
2024-06-15,11,2,1,5,1,28.7,0,134,52,0.0,82,0,0
2024-06-16,12,2,1,6,1,29.8,0,82,54,0.0,28,0,0
2024-06-17,13,2,1,0,0,27.8,0,28,59,0.0,300,331,0
2024-06-18,14,2,1,1,0,27.9,0,300,38,0.0,262,0,0
2024-06-19,15,2,1,2,0,24.7,0,262,32,0.0,230,0,0
2024-06-20,16,2,1,3,0,28.2,0,230,43,0.0,187,0,0
2024-06-21,17,2,1,4,0,27.4,0,187,50,0.0,137,0,0
2024-06-22,18,2,1,5,1,29.5,0,137,53,0.0,84,0,0
2024-06-23,19,2,1,6,1,31.1,0,84,65,0.0,19,0,0
2024-06-24,20,2,1,0,0,28.2,0,19,41,0.0,318,340,0
2024-06-25,21,2,1,1,0,28.6,0,318,41,0.0,277,0,0
2024-06-26,22,2,1,2,0,26.0,0,277,37,0.0,240,0,0
2024-06-27,23,2,1,3,0,27.2,0,240,45,0.0,195,0,0
2024-06-28,24,2,1,4,0,31.2,0,195,41,0.0,154,0,0
2024-06-29,25,2,1,5,1,27.8,0,154,51,0.0,103,0,0
2024-06-30,26,2,1,6,1,27.4,0,103,48,0.0,55,0,0
2024-07-01,27,2,1,0,0,29.5,0,55,45,0.0,314,304,0
2024-07-02,28,2,1,1,0,28.0,0,314,44,0.0,270,0,0
2024-07-03,29,2,1,2,0,27.3,0,270,48,0.0,222,0,0
2024-07-04,30,2,1,3,0,28.6,0,222,51,0.0,171,0,0
2024-07-05,31,2,1,4,0,27.6,0,171,43,0.0,128,0,0
2024-07-06,32,2,1,5,1,29.8,0,128,68,0.0,60,0,0
2024-07-07,33,2,1,6,1,27.0,0,60,55,0.0,5,0,0
2024-07-08,34,2,1,0,0,28.7,0,5,43,0.0,316,354,0
2024-07-09,35,2,1,1,0,31.4,0,316,52,0.0,264,0,0
2024-07-10,36,2,1,2,0,27.1,0,264,37,0.0,227,0,0
2024-07-11,37,2,1,3,0,25.1,0,227,44,0.0,183,0,0
2024-07-12,38,2,1,4,0,29.4,0,183,47,0.0,136,0,0
2024-07-13,39,2,1,5,1,29.4,0,136,44,0.0,92,0,0
2024-07-14,40,2,1,6,1,27.3,0,92,49,0.0,43,0,0
2024-07-15,41,2,1,0,0,28.4,0,43,49,0.0,310,316,0
2024-07-16,42,2,1,1,0,28.2,0,310,51,0.0,259,0,0
2024-07-17,43,2,1,2,0,26.0,0,259,38,0.0,221,0,0
2024-07-18,44,2,1,3,0,28.6,0,221,35,0.0,186,0,0
2024-06-04,0,2,2,1,0,29.9,0,10,16,0.0,14,20,0
2024-06-05,1,2,2,2,0,30.0,0,14,16,0.0,14,16,0
2024-06-06,2,2,2,3,0,27.6,0,14,12,0.0,18,16,0
2024-06-07,3,2,2,4,0,30.6,0,18,15,0.0,15,12,0
2024-06-08,4,2,2,5,1,28.7,0,15,12,0.0,18,15,0
2024-06-09,5,2,2,6,1,22.7,0,18,17,0.0,13,12,0
2024-06-10,6,2,2,0,0,27.9,0,13,18,0.0,12,17,0
2024-06-11,7,2,2,1,0,27.6,0,12,18,0.0,12,18,0
2024-06-12,8,2,2,2,0,26.3,0,12,19,0.0,11,18,0
2024-06-13,9,2,2,3,0,27.7,0,11,18,0.0,12,19,0
2024-06-14,10,2,2,4,0,27.5,0,12,10,0.0,20,18,0
2024-06-15,11,2,2,5,1,28.7,0,20,20,0.0,10,10,0
2024-06-16,12,2,2,6,1,29.8,0,10,22,0.0,8,20,0
2024-06-17,13,2,2,0,0,27.8,0,8,20,0.0,10,22,0
2024-06-18,14,2,2,1,0,27.9,0,10,10,0.0,20,20,0
2024-06-19,15,2,2,2,0,24.7,0,20,19,0.0,11,10,0
2024-06-20,16,2,2,3,0,28.2,0,11,18,0.0,12,19,0
2024-06-21,17,2,2,4,0,27.4,0,12,17,0.0,13,18,0
2024-06-22,18,2,2,5,1,29.5,0,13,20,0.0,10,17,0
2024-06-23,19,2,2,6,1,31.1,0,10,22,0.0,8,20,0
2024-06-24,20,2,2,0,0,28.2,0,8,18,0.0,12,22,0
2024-06-25,21,2,2,1,0,28.6,0,12,16,0.0,14,18,0
2024-06-26,22,2,2,2,0,26.0,0,14,17,0.0,13,16,0
2024-06-27,23,2,2,3,0,27.2,0,13,15,0.0,15,17,0
2024-06-28,24,2,2,4,0,31.2,0,15,16,0.0,14,15,0
2024-06-29,25,2,2,5,1,27.8,0,14,15,0.0,15,16,0
2024-06-30,26,2,2,6,1,27.4,0,15,21,0.0,9,15,0
2024-07-01,27,2,2,0,0,29.5,0,9,22,0.0,8,21,0
2024-07-02,28,2,2,1,0,28.0,0,8,20,0.0,10,22,0
2024-07-03,29,2,2,2,0,27.3,0,10,14,0.0,16,20,0
2024-07-04,30,2,2,3,0,28.6,0,16,15,0.0,15,14,0
2024-07-05,31,2,2,4,0,27.6,0,15,11,0.0,19,15,0
2024-07-06,32,2,2,5,1,29.8,0,19,23,0.0,7,11,0
2024-07-07,33,2,2,6,1,27.0,0,7,30,0.0,0,23,0
2024-07-08,34,2,2,0,0,28.7,0,0,17,0.0,13,30,0
2024-07-09,35,2,2,1,0,31.4,0,13,23,0.0,7,17,0
2024-07-10,36,2,2,2,0,27.1,0,7,18,0.0,12,23,0
2024-07-11,37,2,2,3,0,25.1,0,12,19,0.0,11,18,0
2024-07-12,38,2,2,4,0,29.4,0,11,15,0.0,15,19,0
2024-07-13,39,2,2,5,1,29.4,0,15,25,0.0,5,15,0
2024-07-14,40,2,2,6,1,27.3,0,5,25,0.0,5,25,0
2024-07-15,41,2,2,0,0,28.4,0,5,18,0.0,12,25,0
2024-07-16,42,2,2,1,0,28.2,0,12,18,0.0,12,18,0
2024-07-17,43,2,2,2,0,26.0,0,12,12,0.0,18,18,0
2024-07-18,44,2,2,3,0,28.6,0,18,23,0.0,7,12,0
2024-06-04,0,2,3,1,0,29.9,0,176,23,0.0,153,0,0
2024-06-05,1,2,3,2,0,30.0,0,153,21,0.0,132,0,0
2024-06-06,2,2,3,3,0,27.6,0,132,24,0.0,108,0,0
2024-06-07,3,2,3,4,0,30.6,0,108,16,0.0,92,0,0
2024-06-08,4,2,3,5,1,28.7,0,92,23,0.0,69,0,0
2024-06-09,5,2,3,6,1,22.7,0,69,35,0.0,34,0,0
2024-06-10,6,2,3,0,0,27.9,0,34,16,0.0,179,161,0
2024-06-11,7,2,3,1,0,27.6,0,179,21,0.0,158,0,0
2024-06-12,8,2,3,2,0,26.3,0,158,15,0.0,143,0,0
2024-06-13,9,2,3,3,0,27.7,0,143,21,0.0,122,0,0
2024-06-14,10,2,3,4,0,27.5,0,122,19,0.0,103,0,0
2024-06-15,11,2,3,5,1,28.7,0,103,25,0.0,78,0,0
2024-06-16,12,2,3,6,1,29.8,0,78,28,0.0,50,0,0
2024-06-17,13,2,3,0,0,27.8,0,50,23,0.0,172,145,0
2024-06-18,14,2,3,1,0,27.9,0,172,26,0.0,146,0,0
2024-06-19,15,2,3,2,0,24.7,0,146,17,0.0,129,0,0
2024-06-20,16,2,3,3,0,28.2,0,129,13,0.0,116,0,0
2024-06-21,17,2,3,4,0,27.4,0,116,28,0.0,88,0,0
2024-06-22,18,2,3,5,1,29.5,0,88,32,0.0,56,0,0
2024-06-23,19,2,3,6,1,31.1,0,56,17,0.0,39,0,0
2024-06-24,20,2,3,0,0,28.2,0,39,26,0.0,169,156,0
2024-06-25,21,2,3,1,0,28.6,0,169,26,0.0,143,0,0
2024-06-26,22,2,3,2,0,26.0,0,143,32,0.0,111,0,0
2024-06-27,23,2,3,3,0,27.2,0,111,28,0.0,83,0,0
2024-06-28,24,2,3,4,0,31.2,0,83,27,0.0,56,0,0
2024-06-29,25,2,3,5,1,27.8,0,56,31,0.0,25,0,0
2024-06-30,26,2,3,6,1,27.4,0,25,25,0.0,0,0,0
2024-07-01,27,2,3,0,0,29.5,0,0,12,0.0,183,195,0
2024-07-02,28,2,3,1,0,28.0,0,183,17,0.0,166,0,0
2024-07-03,29,2,3,2,0,27.3,0,166,26,0.0,140,0,0
2024-07-04,30,2,3,3,0,28.6,0,140,23,0.0,117,0,0
2024-07-05,31,2,3,4,0,27.6,0,117,14,0.0,103,0,0
2024-07-06,32,2,3,5,1,29.8,0,103,28,0.0,75,0,0
2024-07-07,33,2,3,6,1,27.0,0,75,22,0.0,53,0,0
2024-07-08,34,2,3,0,0,28.7,0,53,33,0.0,162,142,0
2024-07-09,35,2,3,1,0,31.4,0,162,30,0.0,132,0,0
2024-07-10,36,2,3,2,0,27.1,0,132,22,0.0,110,0,0
2024-07-11,37,2,3,3,0,25.1,0,110,14,0.0,96,0,0
2024-07-12,38,2,3,4,0,29.4,0,96,21,0.0,75,0,0
2024-07-13,39,2,3,5,1,29.4,0,75,18,0.0,57,0,0
2024-07-14,40,2,3,6,1,27.3,0,57,24,0.0,33,0,0
2024-07-15,41,2,3,0,0,28.4,0,33,20,0.0,175,162,0
2024-07-16,42,2,3,1,0,28.2,0,175,26,0.0,149,0,0
2024-07-17,43,2,3,2,0,26.0,0,149,19,0.0,130,0,0
2024-07-18,44,2,3,3,0,28.6,0,130,19,0.0,111,0,0
2024-06-04,0,2,4,1,0,29.9,0,131,26,0.0,105,0,0
2024-06-05,1,2,4,2,0,30.0,0,105,14,0.0,91,0,0
2024-06-06,2,2,4,3,0,27.6,0,91,16,0.0,75,0,0
2024-06-07,3,2,4,4,0,30.6,0,75,22,0.0,53,0,0
2024-06-08,4,2,4,5,1,28.7,0,53,20,0.0,33,0,0
2024-06-09,5,2,4,6,1,22.7,0,33,20,0.0,13,0,0
2024-06-10,6,2,4,0,0,27.9,0,13,14,0.0,133,134,0
2024-06-11,7,2,4,1,0,27.6,0,133,19,0.0,114,0,0
2024-06-12,8,2,4,2,0,26.3,0,114,15,0.0,99,0,0
2024-06-13,9,2,4,3,0,27.7,0,99,15,0.0,84,0,0
2024-06-14,10,2,4,4,0,27.5,0,84,21,0.0,63,0,0
2024-06-15,11,2,4,5,1,28.7,0,63,18,0.0,45,0,0
2024-06-16,12,2,4,6,1,29.8,0,45,18,0.0,27,0,0
2024-06-17,13,2,4,0,0,27.8,0,27,23,0.0,124,120,0
2024-06-18,14,2,4,1,0,27.9,0,124,19,0.0,105,0,0
2024-06-19,15,2,4,2,0,24.7,0,105,22,0.0,83,0,0
2024-06-20,16,2,4,3,0,28.2,0,83,15,0.0,68,0,0
2024-06-21,17,2,4,4,0,27.4,0,68,23,0.0,45,0,0
2024-06-22,18,2,4,5,1,29.5,0,45,15,0.0,30,0,0
2024-06-23,19,2,4,6,1,31.1,0,30,30,0.0,0,0,0
2024-06-24,20,2,4,0,0,28.2,0,0,15,0.0,132,147,0
2024-06-25,21,2,4,1,0,28.6,0,132,16,0.0,116,0,0
2024-06-26,22,2,4,2,0,26.0,0,116,27,0.0,89,0,0
2024-06-27,23,2,4,3,0,27.2,0,89,17,0.0,72,0,0
2024-06-28,24,2,4,4,0,31.2,0,72,16,0.0,56,0,0
2024-06-29,25,2,4,5,1,27.8,0,56,21,0.0,35,0,0
2024-06-30,26,2,4,6,1,27.4,0,35,18,0.0,17,0,0
2024-07-01,27,2,4,0,0,29.5,0,17,10,0.0,137,130,0
2024-07-02,28,2,4,1,0,28.0,0,137,17,0.0,120,0,0
2024-07-03,29,2,4,2,0,27.3,0,120,20,0.0,100,0,0
2024-07-04,30,2,4,3,0,28.6,0,100,22,0.0,78,0,0
2024-07-05,31,2,4,4,0,27.6,0,78,22,0.0,56,0,0
2024-07-06,32,2,4,5,1,29.8,0,56,20,0.0,36,0,0
2024-07-07,33,2,4,6,1,27.0,0,36,24,0.0,12,0,0
2024-07-08,34,2,4,0,0,28.7,0,12,14,0.0,133,135,0
2024-07-09,35,2,4,1,0,31.4,0,133,14,0.0,119,0,0
2024-07-10,36,2,4,2,0,27.1,0,119,19,0.0,100,0,0
2024-07-11,37,2,4,3,0,25.1,0,100,22,0.0,78,0,0
2024-07-12,38,2,4,4,0,29.4,0,78,22,0.0,56,0,0
2024-07-13,39,2,4,5,1,29.4,0,56,25,0.0,31,0,0
2024-07-14,40,2,4,6,1,27.3,0,31,21,0.0,10,0,0
2024-07-15,41,2,4,0,0,28.4,0,10,21,0.0,126,137,0
2024-07-16,42,2,4,1,0,28.2,0,126,24,0.0,102,0,0
2024-07-17,43,2,4,2,0,26.0,0,102,27,0.0,75,0,0
2024-07-18,44,2,4,3,0,28.6,0,75,34,0.0,41,0,0
2024-06-04,0,2,5,1,0,29.9,0,85,7,0.0,78,0,0
2024-06-05,1,2,5,2,0,30.0,0,78,16,0.0,62,0,0
2024-06-06,2,2,5,3,0,27.6,0,62,6,0.0,56,0,0
2024-06-07,3,2,5,4,0,30.6,0,56,16,0.0,40,0,0
2024-06-08,4,2,5,5,1,28.7,0,40,14,0.0,26,0,0
2024-06-09,5,2,5,6,1,22.7,0,26,19,0.0,7,0,0
2024-06-10,6,2,5,0,0,27.9,0,7,12,0.0,84,89,0
2024-06-11,7,2,5,1,0,27.6,0,84,10,0.0,74,0,0
2024-06-12,8,2,5,2,0,26.3,0,74,10,0.0,64,0,0
2024-06-13,9,2,5,3,0,27.7,0,64,11,0.0,53,0,0
2024-06-14,10,2,5,4,0,27.5,0,53,5,0.0,48,0,0
2024-06-15,11,2,5,5,1,28.7,0,48,10,0.0,38,0,0
2024-06-16,12,2,5,6,1,29.8,0,38,17,0.0,21,0,0
2024-06-17,13,2,5,0,0,27.8,0,21,10,0.0,86,75,0
2024-06-18,14,2,5,1,0,27.9,0,86,11,0.0,75,0,0
2024-06-19,15,2,5,2,0,24.7,0,75,8,0.0,67,0,0
2024-06-20,16,2,5,3,0,28.2,0,67,15,0.0,52,0,0
2024-06-21,17,2,5,4,0,27.4,0,52,12,0.0,40,0,0
2024-06-22,18,2,5,5,1,29.5,0,40,10,0.0,30,0,0
2024-06-23,19,2,5,6,1,31.1,0,30,13,0.0,17,0,0
2024-06-24,20,2,5,0,0,28.2,0,17,12,0.0,84,79,0
2024-06-25,21,2,5,1,0,28.6,0,84,7,0.0,77,0,0
2024-06-26,22,2,5,2,0,26.0,0,77,15,0.0,62,0,0
2024-06-27,23,2,5,3,0,27.2,0,62,12,0.0,50,0,0
2024-06-28,24,2,5,4,0,31.2,0,50,8,0.0,42,0,0
2024-06-29,25,2,5,5,1,27.8,0,42,21,0.0,21,0,0
2024-06-30,26,2,5,6,1,27.4,0,21,21,0.0,0,0,0
2024-07-01,27,2,5,0,0,29.5,0,0,12,0.0,84,96,0
2024-07-02,28,2,5,1,0,28.0,0,84,13,0.0,71,0,0
2024-07-03,29,2,5,2,0,27.3,0,71,10,0.0,61,0,0
2024-07-04,30,2,5,3,0,28.6,0,61,7,0.0,54,0,0
2024-07-05,31,2,5,4,0,27.6,0,54,12,0.0,42,0,0
2024-07-06,32,2,5,5,1,29.8,0,42,10,0.0,32,0,0
2024-07-07,33,2,5,6,1,27.0,0,32,18,0.0,14,0,0
2024-07-08,34,2,5,0,0,28.7,0,14,8,0.0,88,82,0
2024-07-09,35,2,5,1,0,31.4,0,88,13,0.0,75,0,0
2024-07-10,36,2,5,2,0,27.1,0,75,9,0.0,66,0,0
2024-07-11,37,2,5,3,0,25.1,0,66,15,0.0,51,0,0
2024-07-12,38,2,5,4,0,29.4,0,51,13,0.0,38,0,0
2024-07-13,39,2,5,5,1,29.4,0,38,8,0.0,30,0,0
2024-07-14,40,2,5,6,1,27.3,0,30,12,0.0,18,0,0
2024-07-15,41,2,5,0,0,28.4,0,18,10,0.0,86,78,0
2024-07-16,42,2,5,1,0,28.2,0,86,12,0.0,74,0,0
2024-07-17,43,2,5,2,0,26.0,0,74,7,0.0,67,0,0
2024-07-18,44,2,5,3,0,28.6,0,67,6,0.0,61,0,0
2024-06-04,0,2,6,1,0,29.9,0,47,2,0.0,45,0,0
2024-06-05,1,2,6,2,0,30.0,0,45,8,0.0,37,0,0
2024-06-06,2,2,6,3,0,27.6,0,37,6,0.0,31,0,0
2024-06-07,3,2,6,4,0,30.6,0,31,6,0.0,25,0,0
2024-06-08,4,2,6,5,1,28.7,0,25,7,0.0,18,0,0
2024-06-09,5,2,6,6,1,22.7,0,18,8,0.0,10,0,0
2024-06-10,6,2,6,0,0,27.9,0,10,8,0.0,43,41,0
2024-06-11,7,2,6,1,0,27.6,0,43,7,0.0,36,0,0
2024-06-12,8,2,6,2,0,26.3,0,36,5,0.0,31,0,0
2024-06-13,9,2,6,3,0,27.7,0,31,14,0.0,17,0,0
2024-06-14,10,2,6,4,0,27.5,0,17,3,0.0,14,0,0
2024-06-15,11,2,6,5,1,28.7,0,14,8,0.0,6,0,0
2024-06-16,12,2,6,6,1,29.8,0,6,6,0.0,0,0,0
2024-06-17,13,2,6,0,0,27.8,0,0,7,0.0,44,51,0
2024-06-18,14,2,6,1,0,27.9,0,44,6,0.0,38,0,0
2024-06-19,15,2,6,2,0,24.7,0,38,7,0.0,31,0,0
2024-06-20,16,2,6,3,0,28.2,0,31,6,0.0,25,0,0
2024-06-21,17,2,6,4,0,27.4,0,25,3,0.0,22,0,0
2024-06-22,18,2,6,5,1,29.5,0,22,10,0.0,12,0,0
2024-06-23,19,2,6,6,1,31.1,0,12,7,0.0,5,0,0
2024-06-24,20,2,6,0,0,28.2,0,5,5,0.0,46,46,0
2024-06-25,21,2,6,1,0,28.6,0,46,6,0.0,40,0,0
2024-06-26,22,2,6,2,0,26.0,0,40,7,0.0,33,0,0
2024-06-27,23,2,6,3,0,27.2,0,33,9,0.0,24,0,0
2024-06-28,24,2,6,4,0,31.2,0,24,4,0.0,20,0,0
2024-06-29,25,2,6,5,1,27.8,0,20,7,0.0,13,0,0
2024-06-30,26,2,6,6,1,27.4,0,13,11,0.0,2,0,0
2024-07-01,27,2,6,0,0,29.5,0,2,3,0.0,48,49,0
2024-07-02,28,2,6,1,0,28.0,0,48,5,0.0,43,0,0
2024-07-03,29,2,6,2,0,27.3,0,43,3,0.0,40,0,0
2024-07-04,30,2,6,3,0,28.6,0,40,8,0.0,32,0,0
2024-07-05,31,2,6,4,0,27.6,0,32,7,0.0,25,0,0
2024-07-06,32,2,6,5,1,29.8,0,25,9,0.0,16,0,0
2024-07-07,33,2,6,6,1,27.0,0,16,6,0.0,10,0,0
2024-07-08,34,2,6,0,0,28.7,0,10,8,0.0,43,41,0
2024-07-09,35,2,6,1,0,31.4,0,43,5,0.0,38,0,0
2024-07-10,36,2,6,2,0,27.1,0,38,3,0.0,35,0,0
2024-07-11,37,2,6,3,0,25.1,0,35,6,0.0,29,0,0
2024-07-12,38,2,6,4,0,29.4,0,29,7,0.0,22,0,0
2024-07-13,39,2,6,5,1,29.4,0,22,9,0.0,13,0,0
2024-07-14,40,2,6,6,1,27.3,0,13,7,0.0,6,0,0
2024-07-15,41,2,6,0,0,28.4,0,6,6,0.0,45,45,0
2024-07-16,42,2,6,1,0,28.2,0,45,6,0.0,39,0,0
2024-07-17,43,2,6,2,0,26.0,0,39,7,0.0,32,0,0
2024-07-18,44,2,6,3,0,28.6,0,32,4,0.0,28,0,0
2024-06-04,0,2,7,1,0,29.9,0,11,2,0.0,9,0,0
2024-06-05,1,2,7,2,0,30.0,0,9,2,0.0,7,0,0
2024-06-06,2,2,7,3,0,27.6,0,7,1,0.0,6,0,0
2024-06-07,3,2,7,4,0,30.6,0,6,1,0.0,5,0,0
2024-06-08,4,2,7,5,1,28.7,0,5,4,0.0,1,0,0
2024-06-09,5,2,7,6,1,22.7,0,1,1,0.0,0,0,0
2024-06-10,6,2,7,0,0,27.9,0,0,5,0.0,10,15,0
2024-06-11,7,2,7,1,0,27.6,0,10,0,0.0,10,0,0
2024-06-12,8,2,7,2,0,26.3,0,10,2,0.0,8,0,0
2024-06-13,9,2,7,3,0,27.7,0,8,1,0.0,7,0,0
2024-06-14,10,2,7,4,0,27.5,0,7,2,0.0,5,0,0
2024-06-15,11,2,7,5,1,28.7,0,5,3,0.0,2,0,0
2024-06-16,12,2,7,6,1,29.8,0,2,2,0.0,0,0,0
2024-06-17,13,2,7,0,0,27.8,0,0,1,0.0,14,15,0
2024-06-18,14,2,7,1,0,27.9,0,14,2,0.0,12,0,0
2024-06-19,15,2,7,2,0,24.7,0,12,2,0.0,10,0,0
2024-06-20,16,2,7,3,0,28.2,0,10,1,0.0,9,0,0
2024-06-21,17,2,7,4,0,27.4,0,9,3,0.0,6,0,0
2024-06-22,18,2,7,5,1,29.5,0,6,3,0.0,3,0,0
2024-06-23,19,2,7,6,1,31.1,0,3,1,0.0,2,0,0
2024-06-24,20,2,7,0,0,28.2,0,2,1,0.0,14,13,0
2024-06-25,21,2,7,1,0,28.6,0,14,4,0.0,10,0,0
2024-06-26,22,2,7,2,0,26.0,0,10,1,0.0,9,0,0
2024-06-27,23,2,7,3,0,27.2,0,9,0,0.0,9,0,0
2024-06-28,24,2,7,4,0,31.2,0,9,2,0.0,7,0,0
2024-06-29,25,2,7,5,1,27.8,0,7,2,0.0,5,0,0
2024-06-30,26,2,7,6,1,27.4,0,5,0,0.0,5,0,0
2024-07-01,27,2,7,0,0,29.5,0,5,1,0.0,14,10,0
2024-07-02,28,2,7,1,0,28.0,0,14,1,0.0,13,0,0
2024-07-03,29,2,7,2,0,27.3,0,13,4,0.0,9,0,0
2024-07-04,30,2,7,3,0,28.6,0,9,0,0.0,9,0,0
2024-07-05,31,2,7,4,0,27.6,0,9,2,0.0,7,0,0
2024-07-06,32,2,7,5,1,29.8,0,7,2,0.0,5,0,0
2024-07-07,33,2,7,6,1,27.0,0,5,3,0.0,2,0,0
2024-07-08,34,2,7,0,0,28.7,0,2,2,0.0,13,13,0
2024-07-09,35,2,7,1,0,31.4,0,13,0,0.0,13,0,0
2024-07-10,36,2,7,2,0,27.1,0,13,0,0.0,13,0,0
2024-07-11,37,2,7,3,0,25.1,0,13,0,0.0,13,0,0
2024-07-12,38,2,7,4,0,29.4,0,13,5,0.0,8,0,0
2024-07-13,39,2,7,5,1,29.4,0,8,1,0.0,7,0,0
2024-07-14,40,2,7,6,1,27.3,0,7,3,0.0,4,0,0
2024-07-15,41,2,7,0,0,28.4,0,4,1,0.0,14,11,0
2024-07-16,42,2,7,1,0,28.2,0,14,4,0.0,10,0,0
2024-07-17,43,2,7,2,0,26.0,0,10,1,0.0,9,0,0
2024-07-18,44,2,7,3,0,28.6,0,9,4,0.0,5,0,0
2024-06-04,0,2,8,1,0,29.9,0,185,30,0.0,155,0,0
2024-06-05,1,2,8,2,0,30.0,0,155,26,0.0,129,0,0
2024-06-06,2,2,8,3,0,27.6,0,129,29,0.0,100,0,0
2024-06-07,3,2,8,4,0,30.6,0,100,25,0.0,75,0,0
2024-06-08,4,2,8,5,1,28.7,0,75,38,0.0,37,0,0
2024-06-09,5,2,8,6,1,22.7,0,37,24,0.0,13,0,0
2024-06-10,6,2,8,0,0,27.9,0,13,25,0.0,188,200,0
2024-06-11,7,2,8,1,0,27.6,0,188,32,0.0,156,0,0
2024-06-12,8,2,8,2,0,26.3,0,156,22,0.0,134,0,0
2024-06-13,9,2,8,3,0,27.7,0,134,25,0.0,109,0,0
2024-06-14,10,2,8,4,0,27.5,0,109,12,0.0,97,0,0
2024-06-15,11,2,8,5,1,28.7,0,97,31,0.0,66,0,0
2024-06-16,12,2,8,6,1,29.8,0,66,30,0.0,36,0,0
2024-06-17,13,2,8,0,0,27.8,0,36,21,0.0,192,177,0
2024-06-18,14,2,8,1,0,27.9,0,192,18,0.0,174,0,0
2024-06-19,15,2,8,2,0,24.7,0,174,18,0.0,156,0,0
2024-06-20,16,2,8,3,0,28.2,0,156,30,0.0,126,0,0
2024-06-21,17,2,8,4,0,27.4,0,126,20,0.0,106,0,0
2024-06-22,18,2,8,5,1,29.5,0,106,23,0.0,83,0,0
2024-06-23,19,2,8,6,1,31.1,0,83,35,0.0,48,0,0
2024-06-24,20,2,8,0,0,28.2,0,48,29,0.0,184,165,0
2024-06-25,21,2,8,1,0,28.6,0,184,33,0.0,151,0,0
2024-06-26,22,2,8,2,0,26.0,0,151,34,0.0,117,0,0
2024-06-27,23,2,8,3,0,27.2,0,117,27,0.0,90,0,0
2024-06-28,24,2,8,4,0,31.2,0,90,30,0.0,60,0,0
2024-06-29,25,2,8,5,1,27.8,0,60,36,0.0,24,0,0
2024-06-30,26,2,8,6,1,27.4,0,24,24,0.0,0,0,0
2024-07-01,27,2,8,0,0,29.5,0,0,18,0.0,195,213,0
2024-07-02,28,2,8,1,0,28.0,0,195,12,0.0,183,0,0
2024-07-03,29,2,8,2,0,27.3,0,183,39,0.0,144,0,0
2024-07-04,30,2,8,3,0,28.6,0,144,38,0.0,106,0,0
2024-07-05,31,2,8,4,0,27.6,0,106,14,0.0,92,0,0
2024-07-06,32,2,8,5,1,29.8,0,92,33,0.0,59,0,0
2024-07-07,33,2,8,6,1,27.0,0,59,33,0.0,26,0,0
2024-07-08,34,2,8,0,0,28.7,0,26,20,0.0,193,187,0
2024-07-09,35,2,8,1,0,31.4,0,193,32,0.0,161,0,0
2024-07-10,36,2,8,2,0,27.1,0,161,22,0.0,139,0,0
2024-07-11,37,2,8,3,0,25.1,0,139,24,0.0,115,0,0
2024-07-12,38,2,8,4,0,29.4,0,115,31,0.0,84,0,0
2024-07-13,39,2,8,5,1,29.4,0,84,31,0.0,53,0,0
2024-07-14,40,2,8,6,1,27.3,0,53,34,0.0,19,0,0
2024-07-15,41,2,8,0,0,28.4,0,19,22,0.0,191,194,0
2024-07-16,42,2,8,1,0,28.2,0,191,26,0.0,165,0,0
2024-07-17,43,2,8,2,0,26.0,0,165,28,0.0,137,0,0
2024-07-18,44,2,8,3,0,28.6,0,137,23,0.0,114,0,0
2024-06-04,0,2,9,1,0,29.9,0,23,17,0.0,23,17,0
2024-06-05,1,2,9,2,0,30.0,0,23,22,0.0,18,17,0
2024-06-06,2,2,9,3,0,27.6,0,18,32,0.0,8,22,0
2024-06-07,3,2,9,4,0,30.6,0,8,21,0.0,19,32,0
2024-06-08,4,2,9,5,1,28.7,0,19,34,0.0,6,21,0
2024-06-09,5,2,9,6,1,22.7,0,6,25,0.0,15,34,0
2024-06-10,6,2,9,0,0,27.9,0,15,24,0.0,16,25,0
2024-06-11,7,2,9,1,0,27.6,0,16,20,0.0,20,24,0
2024-06-12,8,2,9,2,0,26.3,0,20,15,0.0,25,20,0
2024-06-13,9,2,9,3,0,27.7,0,25,27,0.0,13,15,0
2024-06-14,10,2,9,4,0,27.5,0,13,15,0.0,25,27,0
2024-06-15,11,2,9,5,1,28.7,0,25,27,0.0,13,15,0
2024-06-16,12,2,9,6,1,29.8,0,13,23,0.0,17,27,0
2024-06-17,13,2,9,0,0,27.8,0,17,16,0.0,24,23,0
2024-06-18,14,2,9,1,0,27.9,0,24,17,0.0,23,16,0
2024-06-19,15,2,9,2,0,24.7,0,23,22,0.0,18,17,0
2024-06-20,16,2,9,3,0,28.2,0,18,18,0.0,22,22,0
2024-06-21,17,2,9,4,0,27.4,0,22,17,0.0,23,18,0
2024-06-22,18,2,9,5,1,29.5,0,23,26,0.0,14,17,0
2024-06-23,19,2,9,6,1,31.1,0,14,24,0.0,16,26,0
2024-06-24,20,2,9,0,0,28.2,0,16,25,0.0,15,24,0
2024-06-25,21,2,9,1,0,28.6,0,15,22,0.0,18,25,0
2024-06-26,22,2,9,2,0,26.0,0,18,32,0.0,8,22,0
2024-06-27,23,2,9,3,0,27.2,0,8,21,0.0,19,32,0
2024-06-28,24,2,9,4,0,31.2,0,19,28,0.0,12,21,0
2024-06-29,25,2,9,5,1,27.8,0,12,34,0.0,6,28,0
2024-06-30,26,2,9,6,1,27.4,0,6,40,0.0,0,34,0
2024-07-01,27,2,9,0,0,29.5,0,0,16,0.0,24,40,0
2024-07-02,28,2,9,1,0,28.0,0,24,21,0.0,19,16,0
2024-07-03,29,2,9,2,0,27.3,0,19,17,0.0,23,21,0
2024-07-04,30,2,9,3,0,28.6,0,23,24,0.0,16,17,0
2024-07-05,31,2,9,4,0,27.6,0,16,26,0.0,14,24,0
2024-07-06,32,2,9,5,1,29.8,0,14,20,0.0,20,26,0
2024-07-07,33,2,9,6,1,27.0,0,20,36,0.0,4,20,0
2024-07-08,34,2,9,0,0,28.7,0,4,27,0.0,13,36,0
2024-07-09,35,2,9,1,0,31.4,0,13,23,0.0,17,27,0
2024-07-10,36,2,9,2,0,27.1,0,17,24,0.0,16,23,0
2024-07-11,37,2,9,3,0,25.1,0,16,24,0.0,16,24,0
2024-07-12,38,2,9,4,0,29.4,0,16,26,0.0,14,24,0
2024-07-13,39,2,9,5,1,29.4,0,14,22,0.0,18,26,0
2024-07-14,40,2,9,6,1,27.3,0,18,25,0.0,15,22,0
2024-07-15,41,2,9,0,0,28.4,0,15,17,0.0,23,25,0
2024-07-16,42,2,9,1,0,28.2,0,23,19,0.0,21,17,0
2024-07-17,43,2,9,2,0,26.0,0,21,24,0.0,16,19,0
2024-07-18,44,2,9,3,0,28.6,0,16,31,0.0,9,24,0
2024-06-04,0,2,10,1,0,29.9,0,70,11,0.0,59,0,0
2024-06-05,1,2,10,2,0,30.0,0,59,5,0.0,54,0,0
2024-06-06,2,2,10,3,0,27.6,0,54,15,0.0,39,0,0
2024-06-07,3,2,10,4,0,30.6,0,39,15,0.0,24,0,0
2024-06-08,4,2,10,5,1,28.7,0,24,14,0.0,10,0,0
2024-06-09,5,2,10,6,1,22.7,0,10,10,0.0,0,0,0
2024-06-10,6,2,10,0,0,27.9,0,0,9,0.0,72,81,0
2024-06-11,7,2,10,1,0,27.6,0,72,7,0.0,65,0,0
2024-06-12,8,2,10,2,0,26.3,0,65,10,0.0,55,0,0
2024-06-13,9,2,10,3,0,27.7,0,55,7,0.0,48,0,0
2024-06-14,10,2,10,4,0,27.5,0,48,5,0.0,43,0,0
2024-06-15,11,2,10,5,1,28.7,0,43,10,0.0,33,0,0
2024-06-16,12,2,10,6,1,29.8,0,33,17,0.0,16,0,0
2024-06-17,13,2,10,0,0,27.8,0,16,11,0.0,70,65,0
2024-06-18,14,2,10,1,0,27.9,0,70,12,0.0,58,0,0
2024-06-19,15,2,10,2,0,24.7,0,58,9,0.0,49,0,0
2024-06-20,16,2,10,3,0,28.2,0,49,6,0.0,43,0,0
2024-06-21,17,2,10,4,0,27.4,0,43,6,0.0,37,0,0
2024-06-22,18,2,10,5,1,29.5,0,37,10,0.0,27,0,0
2024-06-23,19,2,10,6,1,31.1,0,27,9,0.0,18,0,0
2024-06-24,20,2,10,0,0,28.2,0,18,9,0.0,72,63,0
2024-06-25,21,2,10,1,0,28.6,0,72,7,0.0,65,0,0
2024-06-26,22,2,10,2,0,26.0,0,65,9,0.0,56,0,0
2024-06-27,23,2,10,3,0,27.2,0,56,6,0.0,50,0,0
2024-06-28,24,2,10,4,0,31.2,0,50,7,0.0,43,0,0
2024-06-29,25,2,10,5,1,27.8,0,43,13,0.0,30,0,0
2024-06-30,26,2,10,6,1,27.4,0,30,8,0.0,22,0,0
2024-07-01,27,2,10,0,0,29.5,0,22,7,0.0,74,59,0
2024-07-02,28,2,10,1,0,28.0,0,74,10,0.0,64,0,0
2024-07-03,29,2,10,2,0,27.3,0,64,8,0.0,56,0,0
2024-07-04,30,2,10,3,0,28.6,0,56,12,0.0,44,0,0
2024-07-05,31,2,10,4,0,27.6,0,44,13,0.0,31,0,0
2024-07-06,32,2,10,5,1,29.8,0,31,13,0.0,18,0,0
2024-07-07,33,2,10,6,1,27.0,0,18,11,0.0,7,0,0
2024-07-08,34,2,10,0,0,28.7,0,7,8,0.0,73,74,0
2024-07-09,35,2,10,1,0,31.4,0,73,10,0.0,63,0,0
2024-07-10,36,2,10,2,0,27.1,0,63,12,0.0,51,0,0
2024-07-11,37,2,10,3,0,25.1,0,51,7,0.0,44,0,0
2024-07-12,38,2,10,4,0,29.4,0,44,11,0.0,33,0,0
2024-07-13,39,2,10,5,1,29.4,0,33,10,0.0,23,0,0
2024-07-14,40,2,10,6,1,27.3,0,23,10,0.0,13,0,0
2024-07-15,41,2,10,0,0,28.4,0,13,11,0.0,70,68,0
2024-07-16,42,2,10,1,0,28.2,0,70,14,0.0,56,0,0
2024-07-17,43,2,10,2,0,26.0,0,56,9,0.0,47,0,0
2024-07-18,44,2,10,3,0,28.6,0,47,7,0.0,40,0,0
2024-06-04,0,2,11,1,0,29.9,0,165,22,0.0,143,0,0
2024-06-05,1,2,11,2,0,30.0,0,143,32,0.0,111,0,0
2024-06-06,2,2,11,3,0,27.6,0,111,18,0.0,93,0,0
2024-06-07,3,2,11,4,0,30.6,0,93,31,0.0,62,0,0
2024-06-08,4,2,11,5,1,28.7,0,62,28,0.0,34,0,0
2024-06-09,5,2,11,6,1,22.7,0,34,26,0.0,8,0,0
2024-06-10,6,2,11,0,0,27.9,0,8,18,0.0,172,182,0
2024-06-11,7,2,11,1,0,27.6,0,172,23,0.0,149,0,0
2024-06-12,8,2,11,2,0,26.3,0,149,26,0.0,123,0,0
2024-06-13,9,2,11,3,0,27.7,0,123,25,0.0,98,0,0
2024-06-14,10,2,11,4,0,27.5,0,98,38,0.0,60,0,0
2024-06-15,11,2,11,5,1,28.7,0,60,26,0.0,34,0,0
2024-06-16,12,2,11,6,1,29.8,0,34,21,0.0,13,0,0
2024-06-17,13,2,11,0,0,27.8,0,13,28,0.0,162,177,0
2024-06-18,14,2,11,1,0,27.9,0,162,28,0.0,134,0,0
2024-06-19,15,2,11,2,0,24.7,0,134,29,0.0,105,0,0
2024-06-20,16,2,11,3,0,28.2,0,105,22,0.0,83,0,0
2024-06-21,17,2,11,4,0,27.4,0,83,27,0.0,56,0,0
2024-06-22,18,2,11,5,1,29.5,0,56,35,0.0,21,0,0
2024-06-23,19,2,11,6,1,31.1,0,21,21,0.0,0,0,0
2024-06-24,20,2,11,0,0,28.2,0,0,27,0.0,163,190,0
2024-06-25,21,2,11,1,0,28.6,0,163,31,0.0,132,0,0
2024-06-26,22,2,11,2,0,26.0,0,132,19,0.0,113,0,0
2024-06-27,23,2,11,3,0,27.2,0,113,25,0.0,88,0,0
2024-06-28,24,2,11,4,0,31.2,0,88,21,0.0,67,0,0
2024-06-29,25,2,11,5,1,27.8,0,67,40,0.0,27,0,0
2024-06-30,26,2,11,6,1,27.4,0,27,23,0.0,4,0,0
2024-07-01,27,2,11,0,0,29.5,0,4,25,0.0,165,186,0
2024-07-02,28,2,11,1,0,28.0,0,165,15,0.0,150,0,0
2024-07-03,29,2,11,2,0,27.3,0,150,29,0.0,121,0,0
2024-07-04,30,2,11,3,0,28.6,0,121,29,0.0,92,0,0
2024-07-05,31,2,11,4,0,27.6,0,92,23,0.0,69,0,0
2024-07-06,32,2,11,5,1,29.8,0,69,42,0.0,27,0,0
2024-07-07,33,2,11,6,1,27.0,0,27,26,0.0,1,0,0
2024-07-08,34,2,11,0,0,28.7,0,1,15,0.0,175,189,0
2024-07-09,35,2,11,1,0,31.4,0,175,25,0.0,150,0,0
2024-07-10,36,2,11,2,0,27.1,0,150,34,0.0,116,0,0
2024-07-11,37,2,11,3,0,25.1,0,116,26,0.0,90,0,0
2024-07-12,38,2,11,4,0,29.4,0,90,20,0.0,70,0,0
2024-07-13,39,2,11,5,1,29.4,0,70,31,0.0,39,0,0
2024-07-14,40,2,11,6,1,27.3,0,39,23,0.0,16,0,0
2024-07-15,41,2,11,0,0,28.4,0,16,23,0.0,167,174,0
2024-07-16,42,2,11,1,0,28.2,0,167,19,0.0,148,0,0
2024-07-17,43,2,11,2,0,26.0,0,148,29,0.0,119,0,0
2024-07-18,44,2,11,3,0,28.6,0,119,27,0.0,92,0,0
2024-06-04,0,2,12,1,0,29.9,0,4,14,0.0,37,47,0
2024-06-05,1,2,12,2,0,30.0,0,37,8,0.0,29,0,0
2024-06-06,2,2,12,3,0,27.6,0,29,7,0.0,22,0,0
2024-06-07,3,2,12,4,0,30.6,0,22,15,0.0,7,0,0
2024-06-08,4,2,12,5,1,28.7,0,7,7,0.0,0,0,0
2024-06-09,5,2,12,6,1,22.7,0,0,8,0.0,43,51,0
2024-06-10,6,2,12,0,0,27.9,0,43,10,0.0,33,0,0
2024-06-11,7,2,12,1,0,27.6,0,33,7,0.0,26,0,0
2024-06-12,8,2,12,2,0,26.3,0,26,10,0.0,16,0,0
2024-06-13,9,2,12,3,0,27.7,0,16,8,0.0,8,0,0
2024-06-14,10,2,12,4,0,27.5,0,8,4,0.0,47,43,0
2024-06-15,11,2,12,5,1,28.7,0,47,13,0.0,34,0,0
2024-06-16,12,2,12,6,1,29.8,0,34,9,0.0,25,0,0
2024-06-17,13,2,12,0,0,27.8,0,25,5,0.0,20,0,0
2024-06-18,14,2,12,1,0,27.9,0,20,3,0.0,17,0,0
2024-06-19,15,2,12,2,0,24.7,0,17,10,0.0,41,34,0
2024-06-20,16,2,12,3,0,28.2,0,41,12,0.0,29,0,0
2024-06-21,17,2,12,4,0,27.4,0,29,5,0.0,24,0,0
2024-06-22,18,2,12,5,1,29.5,0,24,14,0.0,10,0,0
2024-06-23,19,2,12,6,1,31.1,0,10,7,0.0,3,0,0
2024-06-24,20,2,12,0,0,28.2,0,3,9,0.0,42,48,0
2024-06-25,21,2,12,1,0,28.6,0,42,3,0.0,39,0,0
2024-06-26,22,2,12,2,0,26.0,0,39,10,0.0,29,0,0
2024-06-27,23,2,12,3,0,27.2,0,29,6,0.0,23,0,0
2024-06-28,24,2,12,4,0,31.2,0,23,11,0.0,12,0,0
2024-06-29,25,2,12,5,1,27.8,0,12,16,0.0,35,39,0
2024-06-30,26,2,12,6,1,27.4,0,35,3,0.0,32,0,0
2024-07-01,27,2,12,0,0,29.5,0,32,5,0.0,27,0,0
2024-07-02,28,2,12,1,0,28.0,0,27,4,0.0,23,0,0
2024-07-03,29,2,12,2,0,27.3,0,23,9,0.0,14,0,0
2024-07-04,30,2,12,3,0,28.6,0,14,6,0.0,45,37,0
2024-07-05,31,2,12,4,0,27.6,0,45,4,0.0,41,0,0
2024-07-06,32,2,12,5,1,29.8,0,41,7,0.0,34,0,0
2024-07-07,33,2,12,6,1,27.0,0,34,11,0.0,23,0,0
2024-07-08,34,2,12,0,0,28.7,0,23,10,0.0,13,0,0
2024-07-09,35,2,12,1,0,31.4,0,13,10,0.0,41,38,0
2024-07-10,36,2,12,2,0,27.1,0,41,8,0.0,33,0,0
2024-07-11,37,2,12,3,0,25.1,0,33,10,0.0,23,0,0
2024-07-12,38,2,12,4,0,29.4,0,23,6,0.0,17,0,0
2024-07-13,39,2,12,5,1,29.4,0,17,5,0.0,12,0,0
2024-07-14,40,2,12,6,1,27.3,0,12,15,0.0,36,39,0
2024-07-15,41,2,12,0,0,28.4,0,36,3,0.0,33,0,0
2024-07-16,42,2,12,1,0,28.2,0,33,9,0.0,24,0,0
2024-07-17,43,2,12,2,0,26.0,0,24,10,0.0,14,0,0
2024-07-18,44,2,12,3,0,28.6,0,14,6,0.0,8,0,0
2024-06-04,0,3,1,1,0,29.9,0,288,37,0.0,251,0,0
2024-06-05,1,3,1,2,0,30.0,0,251,38,0.0,213,0,0
2024-06-06,2,3,1,3,0,27.6,0,213,40,0.0,173,0,0
2024-06-07,3,3,1,4,0,30.6,0,173,40,0.0,133,0,0
2024-06-08,4,3,1,5,1,28.7,0,133,49,0.0,84,0,0
2024-06-09,5,3,1,6,1,22.7,0,84,43,0.0,41,0,0
2024-06-10,6,3,1,0,0,27.9,0,41,41,0.0,297,297,0
2024-06-11,7,3,1,1,0,27.6,0,297,40,0.0,257,0,0
2024-06-12,8,3,1,2,0,26.3,0,257,31,0.0,226,0,0
2024-06-13,9,3,1,3,0,27.7,0,226,58,0.0,168,0,0
2024-06-14,10,3,1,4,0,27.5,0,168,42,0.0,126,0,0
2024-06-15,11,3,1,5,1,28.7,0,126,51,0.0,75,0,0
2024-06-16,12,3,1,6,1,29.8,0,75,47,0.0,28,0,0
2024-06-17,13,3,1,0,0,27.8,0,28,52,0.0,286,310,0
2024-06-18,14,3,1,1,0,27.9,0,286,41,0.0,245,0,0
2024-06-19,15,3,1,2,0,24.7,0,245,32,0.0,213,0,0
2024-06-20,16,3,1,3,0,28.2,0,213,50,0.0,163,0,0
2024-06-21,17,3,1,4,0,27.4,0,163,26,0.0,137,0,0
2024-06-22,18,3,1,5,1,29.5,0,137,50,0.0,87,0,0
2024-06-23,19,3,1,6,1,31.1,0,87,45,0.0,42,0,0
2024-06-24,20,3,1,0,0,28.2,0,42,44,0.0,294,296,0
2024-06-25,21,3,1,1,0,28.6,0,294,40,0.0,254,0,0
2024-06-26,22,3,1,2,0,26.0,0,254,29,0.0,225,0,0
2024-06-27,23,3,1,3,0,27.2,0,225,39,0.0,186,0,0
2024-06-28,24,3,1,4,0,31.2,0,186,38,0.0,148,0,0
2024-06-29,25,3,1,5,1,27.8,0,148,43,0.0,105,0,0
2024-06-30,26,3,1,6,1,27.4,0,105,39,0.0,66,0,0
2024-07-01,27,3,1,0,0,29.5,0,66,45,0.0,293,272,0
2024-07-02,28,3,1,1,0,28.0,0,293,45,0.0,248,0,0
2024-07-03,29,3,1,2,0,27.3,0,248,43,0.0,205,0,0
2024-07-04,30,3,1,3,0,28.6,0,205,41,0.0,164,0,0
2024-07-05,31,3,1,4,0,27.6,0,164,44,0.0,120,0,0
2024-07-06,32,3,1,5,1,29.8,0,120,70,0.0,50,0,0
2024-07-07,33,3,1,6,1,27.0,0,50,50,0.0,0,0,0
2024-07-08,34,3,1,0,0,28.7,0,0,47,0.0,291,338,0
2024-07-09,35,3,1,1,0,31.4,0,291,46,0.0,245,0,0
2024-07-10,36,3,1,2,0,27.1,0,245,43,0.0,202,0,0
2024-07-11,37,3,1,3,0,25.1,0,202,42,0.0,160,0,0
2024-07-12,38,3,1,4,0,29.4,0,160,51,0.0,109,0,0
2024-07-13,39,3,1,5,1,29.4,0,109,56,0.0,53,0,0
2024-07-14,40,3,1,6,1,27.3,0,53,38,0.0,15,0,0
2024-07-15,41,3,1,0,0,28.4,0,15,43,0.0,295,323,0
2024-07-16,42,3,1,1,0,28.2,0,295,42,0.0,253,0,0
2024-07-17,43,3,1,2,0,26.0,0,253,35,0.0,218,0,0
2024-07-18,44,3,1,3,0,28.6,0,218,34,0.0,184,0,0
2024-06-04,0,3,2,1,0,29.9,0,14,22,0.0,17,25,0
2024-06-05,1,3,2,2,0,30.0,0,17,30,0.0,9,22,0
2024-06-06,2,3,2,3,0,27.6,0,9,37,0.0,2,30,0
2024-06-07,3,3,2,4,0,30.6,0,2,30,0.0,9,37,0
2024-06-08,4,3,2,5,1,28.7,0,9,23,0.0,16,30,0
2024-06-09,5,3,2,6,1,22.7,0,16,25,0.0,14,23,0
2024-06-10,6,3,2,0,0,27.9,0,14,33,0.0,6,25,0
2024-06-11,7,3,2,1,0,27.6,0,6,36,0.0,3,33,0
2024-06-12,8,3,2,2,0,26.3,0,3,25,0.0,14,36,0
2024-06-13,9,3,2,3,0,27.7,0,14,34,0.0,5,25,0
2024-06-14,10,3,2,4,0,27.5,0,5,22,0.0,17,34,0
2024-06-15,11,3,2,5,1,28.7,0,17,38,0.0,1,22,0
2024-06-16,12,3,2,6,1,29.8,0,1,25,0.0,14,38,0
2024-06-17,13,3,2,0,0,27.8,0,14,26,0.0,13,25,0
2024-06-18,14,3,2,1,0,27.9,0,13,21,0.0,18,26,0
2024-06-19,15,3,2,2,0,24.7,0,18,29,0.0,10,21,0
2024-06-20,16,3,2,3,0,28.2,0,10,29,0.0,10,29,0
2024-06-21,17,3,2,4,0,27.4,0,10,29,0.0,10,29,0
2024-06-22,18,3,2,5,1,29.5,0,10,31,0.0,8,29,0
2024-06-23,19,3,2,6,1,31.1,0,8,36,0.0,3,31,0
2024-06-24,20,3,2,0,0,28.2,0,3,27,0.0,12,36,0
2024-06-25,21,3,2,1,0,28.6,0,12,28,0.0,11,27,0
2024-06-26,22,3,2,2,0,26.0,0,11,22,0.0,17,28,0
2024-06-27,23,3,2,3,0,27.2,0,17,28,0.0,11,22,0
2024-06-28,24,3,2,4,0,31.2,0,11,25,0.0,14,28,0
2024-06-29,25,3,2,5,1,27.8,0,14,32,0.0,7,25,0
2024-06-30,26,3,2,6,1,27.4,0,7,30,0.0,9,32,0
2024-07-01,27,3,2,0,0,29.5,0,9,23,0.0,16,30,0
2024-07-02,28,3,2,1,0,28.0,0,16,35,0.0,4,23,0
2024-07-03,29,3,2,2,0,27.3,0,4,35,0.0,4,35,0
2024-07-04,30,3,2,3,0,28.6,0,4,29,0.0,10,35,0
2024-07-05,31,3,2,4,0,27.6,0,10,37,0.0,2,29,0
2024-07-06,32,3,2,5,1,29.8,0,2,39,0.0,0,37,0
2024-07-07,33,3,2,6,1,27.0,0,0,35,0.0,4,39,0
2024-07-08,34,3,2,0,0,28.7,0,4,30,0.0,9,35,0
2024-07-09,35,3,2,1,0,31.4,0,9,25,0.0,14,30,0
2024-07-10,36,3,2,2,0,27.1,0,14,27,0.0,12,25,0
2024-07-11,37,3,2,3,0,25.1,0,12,31,0.0,8,27,0
2024-07-12,38,3,2,4,0,29.4,0,8,31,0.0,8,31,0
2024-07-13,39,3,2,5,1,29.4,0,8,27,0.0,12,31,0
2024-07-14,40,3,2,6,1,27.3,0,12,35,0.0,4,27,0
2024-07-15,41,3,2,0,0,28.4,0,4,29,0.0,10,35,0
2024-07-16,42,3,2,1,0,28.2,0,10,28,0.0,11,29,0
2024-07-17,43,3,2,2,0,26.0,0,11,24,0.0,15,28,0
2024-07-18,44,3,2,3,0,28.6,0,15,22,0.0,17,24,0
2024-06-04,0,3,3,1,0,29.9,0,128,20,0.0,108,0,0
2024-06-05,1,3,3,2,0,30.0,0,108,22,0.0,86,0,0
2024-06-06,2,3,3,3,0,27.6,0,86,14,0.0,72,0,0
2024-06-07,3,3,3,4,0,30.6,0,72,14,0.0,58,0,0
2024-06-08,4,3,3,5,1,28.7,0,58,23,0.0,35,0,0
2024-06-09,5,3,3,6,1,22.7,0,35,22,0.0,13,0,0
2024-06-10,6,3,3,0,0,27.9,0,13,24,0.0,127,138,0
2024-06-11,7,3,3,1,0,27.6,0,127,17,0.0,110,0,0
2024-06-12,8,3,3,2,0,26.3,0,110,16,0.0,94,0,0
2024-06-13,9,3,3,3,0,27.7,0,94,23,0.0,71,0,0
2024-06-14,10,3,3,4,0,27.5,0,71,21,0.0,50,0,0
2024-06-15,11,3,3,5,1,28.7,0,50,22,0.0,28,0,0
2024-06-16,12,3,3,6,1,29.8,0,28,23,0.0,5,0,0
2024-06-17,13,3,3,0,0,27.8,0,5,16,0.0,135,146,0
2024-06-18,14,3,3,1,0,27.9,0,135,16,0.0,119,0,0
2024-06-19,15,3,3,2,0,24.7,0,119,24,0.0,95,0,0
2024-06-20,16,3,3,3,0,28.2,0,95,15,0.0,80,0,0
2024-06-21,17,3,3,4,0,27.4,0,80,26,0.0,54,0,0
2024-06-22,18,3,3,5,1,29.5,0,54,23,0.0,31,0,0
2024-06-23,19,3,3,6,1,31.1,0,31,18,0.0,13,0,0
2024-06-24,20,3,3,0,0,28.2,0,13,28,0.0,123,138,0
2024-06-25,21,3,3,1,0,28.6,0,123,21,0.0,102,0,0
2024-06-26,22,3,3,2,0,26.0,0,102,19,0.0,83,0,0
2024-06-27,23,3,3,3,0,27.2,0,83,14,0.0,69,0,0
2024-06-28,24,3,3,4,0,31.2,0,69,21,0.0,48,0,0
2024-06-29,25,3,3,5,1,27.8,0,48,20,0.0,28,0,0
2024-06-30,26,3,3,6,1,27.4,0,28,18,0.0,10,0,0
2024-07-01,27,3,3,0,0,29.5,0,10,24,0.0,127,141,0
2024-07-02,28,3,3,1,0,28.0,0,127,22,0.0,105,0,0
2024-07-03,29,3,3,2,0,27.3,0,105,22,0.0,83,0,0
2024-07-04,30,3,3,3,0,28.6,0,83,29,0.0,54,0,0
2024-07-05,31,3,3,4,0,27.6,0,54,8,0.0,46,0,0
2024-07-06,32,3,3,5,1,29.8,0,46,21,0.0,25,0,0
2024-07-07,33,3,3,6,1,27.0,0,25,25,0.0,0,0,0
2024-07-08,34,3,3,0,0,28.7,0,0,19,0.0,132,151,0
2024-07-09,35,3,3,1,0,31.4,0,132,17,0.0,115,0,0
2024-07-10,36,3,3,2,0,27.1,0,115,14,0.0,101,0,0
2024-07-11,37,3,3,3,0,25.1,0,101,19,0.0,82,0,0
2024-07-12,38,3,3,4,0,29.4,0,82,26,0.0,56,0,0
2024-07-13,39,3,3,5,1,29.4,0,56,13,0.0,43,0,0
2024-07-14,40,3,3,6,1,27.3,0,43,15,0.0,28,0,0
2024-07-15,41,3,3,0,0,28.4,0,28,17,0.0,134,123,0
2024-07-16,42,3,3,1,0,28.2,0,134,17,0.0,117,0,0
2024-07-17,43,3,3,2,0,26.0,0,117,15,0.0,102,0,0
2024-07-18,44,3,3,3,0,28.6,0,102,19,0.0,83,0,0
2024-06-04,0,3,4,1,0,29.9,0,70,14,0.0,56,0,0
2024-06-05,1,3,4,2,0,30.0,0,56,8,0.0,48,0,0
2024-06-06,2,3,4,3,0,27.6,0,48,6,0.0,42,0,0
2024-06-07,3,3,4,4,0,30.6,0,42,5,0.0,37,0,0
2024-06-08,4,3,4,5,1,28.7,0,37,12,0.0,25,0,0
2024-06-09,5,3,4,6,1,22.7,0,25,5,0.0,20,0,0
2024-06-10,6,3,4,0,0,27.9,0,20,10,0.0,74,64,0
2024-06-11,7,3,4,1,0,27.6,0,74,15,0.0,59,0,0
2024-06-12,8,3,4,2,0,26.3,0,59,7,0.0,52,0,0
2024-06-13,9,3,4,3,0,27.7,0,52,11,0.0,41,0,0
2024-06-14,10,3,4,4,0,27.5,0,41,12,0.0,29,0,0
2024-06-15,11,3,4,5,1,28.7,0,29,17,0.0,12,0,0
2024-06-16,12,3,4,6,1,29.8,0,12,11,0.0,1,0,0
2024-06-17,13,3,4,0,0,27.8,0,1,9,0.0,75,83,0
2024-06-18,14,3,4,1,0,27.9,0,75,9,0.0,66,0,0
2024-06-19,15,3,4,2,0,24.7,0,66,16,0.0,50,0,0
2024-06-20,16,3,4,3,0,28.2,0,50,13,0.0,37,0,0
2024-06-21,17,3,4,4,0,27.4,0,37,4,0.0,33,0,0
2024-06-22,18,3,4,5,1,29.5,0,33,10,0.0,23,0,0
2024-06-23,19,3,4,6,1,31.1,0,23,10,0.0,13,0,0
2024-06-24,20,3,4,0,0,28.2,0,13,15,0.0,69,71,0
2024-06-25,21,3,4,1,0,28.6,0,69,10,0.0,59,0,0
2024-06-26,22,3,4,2,0,26.0,0,59,16,0.0,43,0,0
2024-06-27,23,3,4,3,0,27.2,0,43,10,0.0,33,0,0
2024-06-28,24,3,4,4,0,31.2,0,33,10,0.0,23,0,0
2024-06-29,25,3,4,5,1,27.8,0,23,12,0.0,11,0,0
2024-06-30,26,3,4,6,1,27.4,0,11,11,0.0,0,0,0
2024-07-01,27,3,4,0,0,29.5,0,0,13,0.0,71,84,0
2024-07-02,28,3,4,1,0,28.0,0,71,10,0.0,61,0,0
2024-07-03,29,3,4,2,0,27.3,0,61,10,0.0,51,0,0
2024-07-04,30,3,4,3,0,28.6,0,51,13,0.0,38,0,0
2024-07-05,31,3,4,4,0,27.6,0,38,11,0.0,27,0,0
2024-07-06,32,3,4,5,1,29.8,0,27,16,0.0,11,0,0
2024-07-07,33,3,4,6,1,27.0,0,11,10,0.0,1,0,0
2024-07-08,34,3,4,0,0,28.7,0,1,7,0.0,77,83,0
2024-07-09,35,3,4,1,0,31.4,0,77,14,0.0,63,0,0
2024-07-10,36,3,4,2,0,27.1,0,63,11,0.0,52,0,0
2024-07-11,37,3,4,3,0,25.1,0,52,8,0.0,44,0,0
2024-07-12,38,3,4,4,0,29.4,0,44,19,0.0,25,0,0
2024-07-13,39,3,4,5,1,29.4,0,25,11,0.0,14,0,0
2024-07-14,40,3,4,6,1,27.3,0,14,11,0.0,3,0,0
2024-07-15,41,3,4,0,0,28.4,0,3,10,0.0,74,81,0
2024-07-16,42,3,4,1,0,28.2,0,74,4,0.0,70,0,0
2024-07-17,43,3,4,2,0,26.0,0,70,9,0.0,61,0,0
2024-07-18,44,3,4,3,0,28.6,0,61,12,0.0,49,0,0
2024-06-04,0,3,5,1,0,29.9,0,59,6,0.0,53,0,0
2024-06-05,1,3,5,2,0,30.0,0,53,5,0.0,48,0,0
2024-06-06,2,3,5,3,0,27.6,0,48,4,0.0,44,0,0
2024-06-07,3,3,5,4,0,30.6,0,44,11,0.0,33,0,0
2024-06-08,4,3,5,5,1,28.7,0,33,10,0.0,23,0,0
2024-06-09,5,3,5,6,1,22.7,0,23,8,0.0,15,0,0
2024-06-10,6,3,5,0,0,27.9,0,15,6,0.0,65,56,0
2024-06-11,7,3,5,1,0,27.6,0,65,4,0.0,61,0,0
2024-06-12,8,3,5,2,0,26.3,0,61,15,0.0,46,0,0
2024-06-13,9,3,5,3,0,27.7,0,46,9,0.0,37,0,0
2024-06-14,10,3,5,4,0,27.5,0,37,13,0.0,24,0,0
2024-06-15,11,3,5,5,1,28.7,0,24,14,0.0,10,0,0
2024-06-16,12,3,5,6,1,29.8,0,10,10,0.0,0,0,0
2024-06-17,13,3,5,0,0,27.8,0,0,4,0.0,67,71,0
2024-06-18,14,3,5,1,0,27.9,0,67,10,0.0,57,0,0
2024-06-19,15,3,5,2,0,24.7,0,57,8,0.0,49,0,0
2024-06-20,16,3,5,3,0,28.2,0,49,10,0.0,39,0,0
2024-06-21,17,3,5,4,0,27.4,0,39,8,0.0,31,0,0
2024-06-22,18,3,5,5,1,29.5,0,31,11,0.0,20,0,0
2024-06-23,19,3,5,6,1,31.1,0,20,10,0.0,10,0,0
2024-06-24,20,3,5,0,0,28.2,0,10,6,0.0,65,61,0
2024-06-25,21,3,5,1,0,28.6,0,65,6,0.0,59,0,0
2024-06-26,22,3,5,2,0,26.0,0,59,11,0.0,48,0,0
2024-06-27,23,3,5,3,0,27.2,0,48,6,0.0,42,0,0
2024-06-28,24,3,5,4,0,31.2,0,42,12,0.0,30,0,0
2024-06-29,25,3,5,5,1,27.8,0,30,9,0.0,21,0,0
2024-06-30,26,3,5,6,1,27.4,0,21,8,0.0,13,0,0
2024-07-01,27,3,5,0,0,29.5,0,13,5,0.0,66,58,0
2024-07-02,28,3,5,1,0,28.0,0,66,6,0.0,60,0,0
2024-07-03,29,3,5,2,0,27.3,0,60,8,0.0,52,0,0
2024-07-04,30,3,5,3,0,28.6,0,52,8,0.0,44,0,0
2024-07-05,31,3,5,4,0,27.6,0,44,7,0.0,37,0,0
2024-07-06,32,3,5,5,1,29.8,0,37,11,0.0,26,0,0
2024-07-07,33,3,5,6,1,27.0,0,26,7,0.0,19,0,0
2024-07-08,34,3,5,0,0,28.7,0,19,11,0.0,60,52,0
2024-07-09,35,3,5,1,0,31.4,0,60,13,0.0,47,0,0
2024-07-10,36,3,5,2,0,27.1,0,47,6,0.0,41,0,0
2024-07-11,37,3,5,3,0,25.1,0,41,7,0.0,34,0,0
2024-07-12,38,3,5,4,0,29.4,0,34,10,0.0,24,0,0
2024-07-13,39,3,5,5,1,29.4,0,24,7,0.0,17,0,0
2024-07-14,40,3,5,6,1,27.3,0,17,11,0.0,6,0,0
2024-07-15,41,3,5,0,0,28.4,0,6,9,0.0,62,65,0
2024-07-16,42,3,5,1,0,28.2,0,62,5,0.0,57,0,0
2024-07-17,43,3,5,2,0,26.0,0,57,7,0.0,50,0,0
2024-07-18,44,3,5,3,0,28.6,0,50,7,0.0,43,0,0
2024-06-04,0,3,6,1,0,29.9,0,29,1,0.0,28,0,0
2024-06-05,1,3,6,2,0,30.0,0,28,2,0.0,26,0,0
2024-06-06,2,3,6,3,0,27.6,0,26,4,0.0,22,0,0
2024-06-07,3,3,6,4,0,30.6,0,22,0,0.0,22,0,0
2024-06-08,4,3,6,5,1,28.7,0,22,7,0.0,15,0,0
2024-06-09,5,3,6,6,1,22.7,0,15,4,0.0,11,0,0
2024-06-10,6,3,6,0,0,27.9,0,11,2,0.0,30,21,0
2024-06-11,7,3,6,1,0,27.6,0,30,7,0.0,23,0,0
2024-06-12,8,3,6,2,0,26.3,0,23,7,0.0,16,0,0
2024-06-13,9,3,6,3,0,27.7,0,16,1,0.0,15,0,0
2024-06-14,10,3,6,4,0,27.5,0,15,7,0.0,8,0,0
2024-06-15,11,3,6,5,1,28.7,0,8,6,0.0,2,0,0
2024-06-16,12,3,6,6,1,29.8,0,2,2,0.0,0,0,0
2024-06-17,13,3,6,0,0,27.8,0,0,1,0.0,31,32,0
2024-06-18,14,3,6,1,0,27.9,0,31,6,0.0,25,0,0
2024-06-19,15,3,6,2,0,24.7,0,25,5,0.0,20,0,0
2024-06-20,16,3,6,3,0,28.2,0,20,0,0.0,20,0,0
2024-06-21,17,3,6,4,0,27.4,0,20,5,0.0,15,0,0
2024-06-22,18,3,6,5,1,29.5,0,15,6,0.0,9,0,0
2024-06-23,19,3,6,6,1,31.1,0,9,5,0.0,4,0,0
2024-06-24,20,3,6,0,0,28.2,0,4,3,0.0,29,28,0
2024-06-25,21,3,6,1,0,28.6,0,29,7,0.0,22,0,0
2024-06-26,22,3,6,2,0,26.0,0,22,3,0.0,19,0,0
2024-06-27,23,3,6,3,0,27.2,0,19,2,0.0,17,0,0
2024-06-28,24,3,6,4,0,31.2,0,17,4,0.0,13,0,0
2024-06-29,25,3,6,5,1,27.8,0,13,5,0.0,8,0,0
2024-06-30,26,3,6,6,1,27.4,0,8,3,0.0,5,0,0
2024-07-01,27,3,6,0,0,29.5,0,5,1,0.0,31,27,0
2024-07-02,28,3,6,1,0,28.0,0,31,3,0.0,28,0,0
2024-07-03,29,3,6,2,0,27.3,0,28,1,0.0,27,0,0
2024-07-04,30,3,6,3,0,28.6,0,27,2,0.0,25,0,0
2024-07-05,31,3,6,4,0,27.6,0,25,5,0.0,20,0,0
2024-07-06,32,3,6,5,1,29.8,0,20,1,0.0,19,0,0
2024-07-07,33,3,6,6,1,27.0,0,19,3,0.0,16,0,0
2024-07-08,34,3,6,0,0,28.7,0,16,3,0.0,29,16,0
2024-07-09,35,3,6,1,0,31.4,0,29,4,0.0,25,0,0
2024-07-10,36,3,6,2,0,27.1,0,25,3,0.0,22,0,0
2024-07-11,37,3,6,3,0,25.1,0,22,6,0.0,16,0,0
2024-07-12,38,3,6,4,0,29.4,0,16,3,0.0,13,0,0
2024-07-13,39,3,6,5,1,29.4,0,13,6,0.0,7,0,0
2024-07-14,40,3,6,6,1,27.3,0,7,7,0.0,0,0,0
2024-07-15,41,3,6,0,0,28.4,0,0,2,0.0,30,32,0
2024-07-16,42,3,6,1,0,28.2,0,30,4,0.0,26,0,0
2024-07-17,43,3,6,2,0,26.0,0,26,7,0.0,19,0,0
2024-07-18,44,3,6,3,0,28.6,0,19,2,0.0,17,0,0
2024-06-04,0,3,7,1,0,29.9,0,9,0,0.0,9,0,0
2024-06-05,1,3,7,2,0,30.0,0,9,5,0.0,4,0,0
2024-06-06,2,3,7,3,0,27.6,0,4,0,0.0,4,0,0
2024-06-07,3,3,7,4,0,30.6,0,4,1,0.0,3,0,0
2024-06-08,4,3,7,5,1,28.7,0,3,0,0.0,3,0,0
2024-06-09,5,3,7,6,1,22.7,0,3,1,0.0,2,0,0
2024-06-10,6,3,7,0,0,27.9,0,2,1,0.0,8,7,0
2024-06-11,7,3,7,1,0,27.6,0,8,1,0.0,7,0,0
2024-06-12,8,3,7,2,0,26.3,0,7,1,0.0,6,0,0
2024-06-13,9,3,7,3,0,27.7,0,6,2,0.0,4,0,0
2024-06-14,10,3,7,4,0,27.5,0,4,1,0.0,3,0,0
2024-06-15,11,3,7,5,1,28.7,0,3,1,0.0,2,0,0
2024-06-16,12,3,7,6,1,29.8,0,2,0,0.0,2,0,0
2024-06-17,13,3,7,0,0,27.8,0,2,1,0.0,8,7,0
2024-06-18,14,3,7,1,0,27.9,0,8,2,0.0,6,0,0
2024-06-19,15,3,7,2,0,24.7,0,6,1,0.0,5,0,0
2024-06-20,16,3,7,3,0,28.2,0,5,1,0.0,4,0,0
2024-06-21,17,3,7,4,0,27.4,0,4,0,0.0,4,0,0
2024-06-22,18,3,7,5,1,29.5,0,4,0,0.0,4,0,0
2024-06-23,19,3,7,6,1,31.1,0,4,0,0.0,4,0,0
2024-06-24,20,3,7,0,0,28.2,0,4,0,0.0,9,5,0
2024-06-25,21,3,7,1,0,28.6,0,9,0,0.0,9,0,0
2024-06-26,22,3,7,2,0,26.0,0,9,2,0.0,7,0,0
2024-06-27,23,3,7,3,0,27.2,0,7,2,0.0,5,0,0
2024-06-28,24,3,7,4,0,31.2,0,5,0,0.0,5,0,0
2024-06-29,25,3,7,5,1,27.8,0,5,3,0.0,2,0,0
2024-06-30,26,3,7,6,1,27.4,0,2,2,0.0,0,0,0
2024-07-01,27,3,7,0,0,29.5,0,0,1,0.0,8,9,0
2024-07-02,28,3,7,1,0,28.0,0,8,0,0.0,8,0,0
2024-07-03,29,3,7,2,0,27.3,0,8,1,0.0,7,0,0
2024-07-04,30,3,7,3,0,28.6,0,7,1,0.0,6,0,0
2024-07-05,31,3,7,4,0,27.6,0,6,2,0.0,4,0,0
2024-07-06,32,3,7,5,1,29.8,0,4,1,0.0,3,0,0
2024-07-07,33,3,7,6,1,27.0,0,3,1,0.0,2,0,0
2024-07-08,34,3,7,0,0,28.7,0,2,1,0.0,8,7,0
2024-07-09,35,3,7,1,0,31.4,0,8,3,0.0,5,0,0
2024-07-10,36,3,7,2,0,27.1,0,5,2,0.0,3,0,0
2024-07-11,37,3,7,3,0,25.1,0,3,0,0.0,3,0,0
2024-07-12,38,3,7,4,0,29.4,0,3,1,0.0,2,0,0
2024-07-13,39,3,7,5,1,29.4,0,2,0,0.0,2,0,0
2024-07-14,40,3,7,6,1,27.3,0,2,1,0.0,1,0,0
2024-07-15,41,3,7,0,0,28.4,0,1,1,0.0,8,8,0
2024-07-16,42,3,7,1,0,28.2,0,8,1,0.0,7,0,0
2024-07-17,43,3,7,2,0,26.0,0,7,1,0.0,6,0,0
2024-07-18,44,3,7,3,0,28.6,0,6,2,0.0,4,0,0
2024-06-04,0,3,8,1,0,29.9,0,161,22,0.0,139,0,0
2024-06-05,1,3,8,2,0,30.0,0,139,19,0.0,120,0,0
2024-06-06,2,3,8,3,0,27.6,0,120,18,0.0,102,0,0
2024-06-07,3,3,8,4,0,30.6,0,102,29,0.0,73,0,0
2024-06-08,4,3,8,5,1,28.7,0,73,31,0.0,42,0,0
2024-06-09,5,3,8,6,1,22.7,0,42,21,0.0,21,0,0
2024-06-10,6,3,8,0,0,27.9,0,21,24,0.0,158,161,0
2024-06-11,7,3,8,1,0,27.6,0,158,23,0.0,135,0,0
2024-06-12,8,3,8,2,0,26.3,0,135,31,0.0,104,0,0
2024-06-13,9,3,8,3,0,27.7,0,104,28,0.0,76,0,0
2024-06-14,10,3,8,4,0,27.5,0,76,25,0.0,51,0,0
2024-06-15,11,3,8,5,1,28.7,0,51,23,0.0,28,0,0
2024-06-16,12,3,8,6,1,29.8,0,28,28,0.0,0,0,0
2024-06-17,13,3,8,0,0,27.8,0,0,19,0.0,163,182,0
2024-06-18,14,3,8,1,0,27.9,0,163,17,0.0,146,0,0
2024-06-19,15,3,8,2,0,24.7,0,146,30,0.0,116,0,0
2024-06-20,16,3,8,3,0,28.2,0,116,27,0.0,89,0,0
2024-06-21,17,3,8,4,0,27.4,0,89,20,0.0,69,0,0
2024-06-22,18,3,8,5,1,29.5,0,69,30,0.0,39,0,0
2024-06-23,19,3,8,6,1,31.1,0,39,26,0.0,13,0,0
2024-06-24,20,3,8,0,0,28.2,0,13,25,0.0,157,169,0
2024-06-25,21,3,8,1,0,28.6,0,157,25,0.0,132,0,0
2024-06-26,22,3,8,2,0,26.0,0,132,20,0.0,112,0,0
2024-06-27,23,3,8,3,0,27.2,0,112,29,0.0,83,0,0
2024-06-28,24,3,8,4,0,31.2,0,83,21,0.0,62,0,0
2024-06-29,25,3,8,5,1,27.8,0,62,27,0.0,35,0,0
2024-06-30,26,3,8,6,1,27.4,0,35,27,0.0,8,0,0
2024-07-01,27,3,8,0,0,29.5,0,8,18,0.0,164,174,0
2024-07-02,28,3,8,1,0,28.0,0,164,35,0.0,129,0,0
2024-07-03,29,3,8,2,0,27.3,0,129,26,0.0,103,0,0
2024-07-04,30,3,8,3,0,28.6,0,103,11,0.0,92,0,0
2024-07-05,31,3,8,4,0,27.6,0,92,25,0.0,67,0,0
2024-07-06,32,3,8,5,1,29.8,0,67,29,0.0,38,0,0
2024-07-07,33,3,8,6,1,27.0,0,38,27,0.0,11,0,0
2024-07-08,34,3,8,0,0,28.7,0,11,29,0.0,153,171,0
2024-07-09,35,3,8,1,0,31.4,0,153,20,0.0,133,0,0
2024-07-10,36,3,8,2,0,27.1,0,133,22,0.0,111,0,0
2024-07-11,37,3,8,3,0,25.1,0,111,23,0.0,88,0,0
2024-07-12,38,3,8,4,0,29.4,0,88,25,0.0,63,0,0
2024-07-13,39,3,8,5,1,29.4,0,63,31,0.0,32,0,0
2024-07-14,40,3,8,6,1,27.3,0,32,30,0.0,2,0,0
2024-07-15,41,3,8,0,0,28.4,0,2,15,0.0,167,180,0
2024-07-16,42,3,8,1,0,28.2,0,167,16,0.0,151,0,0
2024-07-17,43,3,8,2,0,26.0,0,151,19,0.0,132,0,0
2024-07-18,44,3,8,3,0,28.6,0,132,27,0.0,105,0,0
2024-06-04,0,3,9,1,0,29.9,0,11,15,0.0,11,15,0
2024-06-05,1,3,9,2,0,30.0,0,11,17,0.0,9,15,0
2024-06-06,2,3,9,3,0,27.6,0,9,17,0.0,9,17,0
2024-06-07,3,3,9,4,0,30.6,0,9,17,0.0,9,17,0
2024-06-08,4,3,9,5,1,28.7,0,9,16,0.0,10,17,0
2024-06-09,5,3,9,6,1,22.7,0,10,22,0.0,4,16,0
2024-06-10,6,3,9,0,0,27.9,0,4,16,0.0,10,22,0
2024-06-11,7,3,9,1,0,27.6,0,10,24,0.0,2,16,0
2024-06-12,8,3,9,2,0,26.3,0,2,22,0.0,4,24,0
2024-06-13,9,3,9,3,0,27.7,0,4,19,0.0,7,22,0
2024-06-14,10,3,9,4,0,27.5,0,7,11,0.0,15,19,0
2024-06-15,11,3,9,5,1,28.7,0,15,20,0.0,6,11,0
2024-06-16,12,3,9,6,1,29.8,0,6,15,0.0,11,20,0
2024-06-17,13,3,9,0,0,27.8,0,11,12,0.0,14,15,0
2024-06-18,14,3,9,1,0,27.9,0,14,22,0.0,4,12,0
2024-06-19,15,3,9,2,0,24.7,0,4,15,0.0,11,22,0
2024-06-20,16,3,9,3,0,28.2,0,11,13,0.0,13,15,0
2024-06-21,17,3,9,4,0,27.4,0,13,14,0.0,12,13,0
2024-06-22,18,3,9,5,1,29.5,0,12,22,0.0,4,14,0
2024-06-23,19,3,9,6,1,31.1,0,4,22,0.0,4,22,0
2024-06-24,20,3,9,0,0,28.2,0,4,24,0.0,2,22,0
2024-06-25,21,3,9,1,0,28.6,0,2,15,0.0,11,24,0
2024-06-26,22,3,9,2,0,26.0,0,11,17,0.0,9,15,0
2024-06-27,23,3,9,3,0,27.2,0,9,19,0.0,7,17,0
2024-06-28,24,3,9,4,0,31.2,0,7,18,0.0,8,19,0
2024-06-29,25,3,9,5,1,27.8,0,8,20,0.0,6,18,0
2024-06-30,26,3,9,6,1,27.4,0,6,17,0.0,9,20,0
2024-07-01,27,3,9,0,0,29.5,0,9,14,0.0,12,17,0
2024-07-02,28,3,9,1,0,28.0,0,12,21,0.0,5,14,0
2024-07-03,29,3,9,2,0,27.3,0,5,16,0.0,10,21,0
2024-07-04,30,3,9,3,0,28.6,0,10,25,0.0,1,16,0
2024-07-05,31,3,9,4,0,27.6,0,1,24,0.0,2,25,0
2024-07-06,32,3,9,5,1,29.8,0,2,8,0.0,18,24,0
2024-07-07,33,3,9,6,1,27.0,0,18,25,0.0,1,8,0
2024-07-08,34,3,9,0,0,28.7,0,1,7,0.0,19,25,0
2024-07-09,35,3,9,1,0,31.4,0,19,20,0.0,6,7,0
2024-07-10,36,3,9,2,0,27.1,0,6,15,0.0,11,20,0
2024-07-11,37,3,9,3,0,25.1,0,11,17,0.0,9,15,0
2024-07-12,38,3,9,4,0,29.4,0,9,12,0.0,14,17,0
2024-07-13,39,3,9,5,1,29.4,0,14,19,0.0,7,12,0
2024-07-14,40,3,9,6,1,27.3,0,7,12,0.0,14,19,0
2024-07-15,41,3,9,0,0,28.4,0,14,18,0.0,8,12,0
2024-07-16,42,3,9,1,0,28.2,0,8,26,0.0,0,18,0
2024-07-17,43,3,9,2,0,26.0,0,0,18,0.0,8,26,0
2024-07-18,44,3,9,3,0,28.6,0,8,23,0.0,3,18,0
2024-06-04,0,3,10,1,0,29.9,0,96,9,0.0,87,0,0
2024-06-05,1,3,10,2,0,30.0,0,87,21,0.0,66,0,0
2024-06-06,2,3,10,3,0,27.6,0,66,15,0.0,51,0,0
2024-06-07,3,3,10,4,0,30.6,0,51,12,0.0,39,0,0
2024-06-08,4,3,10,5,1,28.7,0,39,16,0.0,23,0,0
2024-06-09,5,3,10,6,1,22.7,0,23,16,0.0,7,0,0
2024-06-10,6,3,10,0,0,27.9,0,7,11,0.0,94,98,0
2024-06-11,7,3,10,1,0,27.6,0,94,9,0.0,85,0,0
2024-06-12,8,3,10,2,0,26.3,0,85,11,0.0,74,0,0
2024-06-13,9,3,10,3,0,27.7,0,74,14,0.0,60,0,0
2024-06-14,10,3,10,4,0,27.5,0,60,15,0.0,45,0,0
2024-06-15,11,3,10,5,1,28.7,0,45,17,0.0,28,0,0
2024-06-16,12,3,10,6,1,29.8,0,28,18,0.0,10,0,0
2024-06-17,13,3,10,0,0,27.8,0,10,15,0.0,90,95,0
2024-06-18,14,3,10,1,0,27.9,0,90,12,0.0,78,0,0
2024-06-19,15,3,10,2,0,24.7,0,78,17,0.0,61,0,0
2024-06-20,16,3,10,3,0,28.2,0,61,12,0.0,49,0,0
2024-06-21,17,3,10,4,0,27.4,0,49,13,0.0,36,0,0
2024-06-22,18,3,10,5,1,29.5,0,36,14,0.0,22,0,0
2024-06-23,19,3,10,6,1,31.1,0,22,15,0.0,7,0,0
2024-06-24,20,3,10,0,0,28.2,0,7,13,0.0,92,98,0
2024-06-25,21,3,10,1,0,28.6,0,92,15,0.0,77,0,0
2024-06-26,22,3,10,2,0,26.0,0,77,11,0.0,66,0,0
2024-06-27,23,3,10,3,0,27.2,0,66,9,0.0,57,0,0
2024-06-28,24,3,10,4,0,31.2,0,57,10,0.0,47,0,0
2024-06-29,25,3,10,5,1,27.8,0,47,12,0.0,35,0,0
2024-06-30,26,3,10,6,1,27.4,0,35,19,0.0,16,0,0
2024-07-01,27,3,10,0,0,29.5,0,16,15,0.0,90,89,0
2024-07-02,28,3,10,1,0,28.0,0,90,14,0.0,76,0,0
2024-07-03,29,3,10,2,0,27.3,0,76,18,0.0,58,0,0
2024-07-04,30,3,10,3,0,28.6,0,58,20,0.0,38,0,0
2024-07-05,31,3,10,4,0,27.6,0,38,10,0.0,28,0,0
2024-07-06,32,3,10,5,1,29.8,0,28,14,0.0,14,0,0
2024-07-07,33,3,10,6,1,27.0,0,14,14,0.0,0,0,0
2024-07-08,34,3,10,0,0,28.7,0,0,12,0.0,93,105,0
2024-07-09,35,3,10,1,0,31.4,0,93,19,0.0,74,0,0
2024-07-10,36,3,10,2,0,27.1,0,74,15,0.0,59,0,0
2024-07-11,37,3,10,3,0,25.1,0,59,12,0.0,47,0,0
2024-07-12,38,3,10,4,0,29.4,0,47,12,0.0,35,0,0
2024-07-13,39,3,10,5,1,29.4,0,35,15,0.0,20,0,0
2024-07-14,40,3,10,6,1,27.3,0,20,16,0.0,4,0,0
2024-07-15,41,3,10,0,0,28.4,0,4,12,0.0,93,101,0
2024-07-16,42,3,10,1,0,28.2,0,93,16,0.0,77,0,0
2024-07-17,43,3,10,2,0,26.0,0,77,10,0.0,67,0,0
2024-07-18,44,3,10,3,0,28.6,0,67,11,0.0,56,0,0
2024-06-04,0,3,11,1,0,29.9,0,100,16,0.0,84,0,0
2024-06-05,1,3,11,2,0,30.0,0,84,17,0.0,67,0,0
2024-06-06,2,3,11,3,0,27.6,0,67,10,0.0,57,0,0
2024-06-07,3,3,11,4,0,30.6,0,57,21,0.0,36,0,0
2024-06-08,4,3,11,5,1,28.7,0,36,9,0.0,27,0,0
2024-06-09,5,3,11,6,1,22.7,0,27,18,0.0,9,0,0
2024-06-10,6,3,11,0,0,27.9,0,9,15,0.0,96,102,0
2024-06-11,7,3,11,1,0,27.6,0,96,13,0.0,83,0,0
2024-06-12,8,3,11,2,0,26.3,0,83,12,0.0,71,0,0
2024-06-13,9,3,11,3,0,27.7,0,71,13,0.0,58,0,0
2024-06-14,10,3,11,4,0,27.5,0,58,17,0.0,41,0,0
2024-06-15,11,3,11,5,1,28.7,0,41,17,0.0,24,0,0
2024-06-16,12,3,11,6,1,29.8,0,24,20,0.0,4,0,0
2024-06-17,13,3,11,0,0,27.8,0,4,9,0.0,102,107,0
2024-06-18,14,3,11,1,0,27.9,0,102,9,0.0,93,0,0
2024-06-19,15,3,11,2,0,24.7,0,93,12,0.0,81,0,0
2024-06-20,16,3,11,3,0,28.2,0,81,15,0.0,66,0,0
2024-06-21,17,3,11,4,0,27.4,0,66,12,0.0,54,0,0
2024-06-22,18,3,11,5,1,29.5,0,54,16,0.0,38,0,0
2024-06-23,19,3,11,6,1,31.1,0,38,15,0.0,23,0,0
2024-06-24,20,3,11,0,0,28.2,0,23,9,0.0,102,88,0
2024-06-25,21,3,11,1,0,28.6,0,102,14,0.0,88,0,0
2024-06-26,22,3,11,2,0,26.0,0,88,13,0.0,75,0,0
2024-06-27,23,3,11,3,0,27.2,0,75,17,0.0,58,0,0
2024-06-28,24,3,11,4,0,31.2,0,58,14,0.0,44,0,0
2024-06-29,25,3,11,5,1,27.8,0,44,14,0.0,30,0,0
2024-06-30,26,3,11,6,1,27.4,0,30,16,0.0,14,0,0
2024-07-01,27,3,11,0,0,29.5,0,14,11,0.0,100,97,0
2024-07-02,28,3,11,1,0,28.0,0,100,14,0.0,86,0,0
2024-07-03,29,3,11,2,0,27.3,0,86,17,0.0,69,0,0
2024-07-04,30,3,11,3,0,28.6,0,69,13,0.0,56,0,0
2024-07-05,31,3,11,4,0,27.6,0,56,12,0.0,44,0,0
2024-07-06,32,3,11,5,1,29.8,0,44,13,0.0,31,0,0
2024-07-07,33,3,11,6,1,27.0,0,31,15,0.0,16,0,0
2024-07-08,34,3,11,0,0,28.7,0,16,16,0.0,95,95,0
2024-07-09,35,3,11,1,0,31.4,0,95,13,0.0,82,0,0
2024-07-10,36,3,11,2,0,27.1,0,82,16,0.0,66,0,0
2024-07-11,37,3,11,3,0,25.1,0,66,12,0.0,54,0,0
2024-07-12,38,3,11,4,0,29.4,0,54,17,0.0,37,0,0
2024-07-13,39,3,11,5,1,29.4,0,37,21,0.0,16,0,0
2024-07-14,40,3,11,6,1,27.3,0,16,16,0.0,0,0,0
2024-07-15,41,3,11,0,0,28.4,0,0,23,0.0,88,111,0
2024-07-16,42,3,11,1,0,28.2,0,88,8,0.0,80,0,0
2024-07-17,43,3,11,2,0,26.0,0,80,23,0.0,57,0,0
2024-07-18,44,3,11,3,0,28.6,0,57,8,0.0,49,0,0
2024-06-04,0,3,12,1,0,29.9,0,11,9,0.0,85,83,0
2024-06-05,1,3,12,2,0,30.0,0,85,13,0.0,72,0,0
2024-06-06,2,3,12,3,0,27.6,0,72,15,0.0,57,0,0
2024-06-07,3,3,12,4,0,30.6,0,57,14,0.0,43,0,0
2024-06-08,4,3,12,5,1,28.7,0,43,17,0.0,26,0,0
2024-06-09,5,3,12,6,1,22.7,0,26,15,0.0,79,68,0
2024-06-10,6,3,12,0,0,27.9,0,79,16,0.0,63,0,0
2024-06-11,7,3,12,1,0,27.6,0,63,16,0.0,47,0,0
2024-06-12,8,3,12,2,0,26.3,0,47,14,0.0,33,0,0
2024-06-13,9,3,12,3,0,27.7,0,33,18,0.0,15,0,0
2024-06-14,10,3,12,4,0,27.5,0,15,15,0.0,79,79,0
2024-06-15,11,3,12,5,1,28.7,0,79,15,0.0,64,0,0
2024-06-16,12,3,12,6,1,29.8,0,64,14,0.0,50,0,0
2024-06-17,13,3,12,0,0,27.8,0,50,12,0.0,38,0,0
2024-06-18,14,3,12,1,0,27.9,0,38,15,0.0,23,0,0
2024-06-19,15,3,12,2,0,24.7,0,23,17,0.0,77,71,0
2024-06-20,16,3,12,3,0,28.2,0,77,16,0.0,61,0,0
2024-06-21,17,3,12,4,0,27.4,0,61,6,0.0,55,0,0
2024-06-22,18,3,12,5,1,29.5,0,55,18,0.0,37,0,0
2024-06-23,19,3,12,6,1,31.1,0,37,13,0.0,24,0,0
2024-06-24,20,3,12,0,0,28.2,0,24,18,0.0,76,70,0
2024-06-25,21,3,12,1,0,28.6,0,76,25,0.0,51,0,0
2024-06-26,22,3,12,2,0,26.0,0,51,13,0.0,38,0,0
2024-06-27,23,3,12,3,0,27.2,0,38,19,0.0,19,0,0
2024-06-28,24,3,12,4,0,31.2,0,19,19,0.0,0,0,0
2024-06-29,25,3,12,5,1,27.8,0,0,9,0.0,85,94,0
2024-06-30,26,3,12,6,1,27.4,0,85,17,0.0,68,0,0
2024-07-01,27,3,12,0,0,29.5,0,68,13,0.0,55,0,0
2024-07-02,28,3,12,1,0,28.0,0,55,10,0.0,45,0,0
2024-07-03,29,3,12,2,0,27.3,0,45,16,0.0,29,0,0
2024-07-04,30,3,12,3,0,28.6,0,29,18,0.0,76,65,0
2024-07-05,31,3,12,4,0,27.6,0,76,13,0.0,63,0,0
2024-07-06,32,3,12,5,1,29.8,0,63,13,0.0,50,0,0
2024-07-07,33,3,12,6,1,27.0,0,50,15,0.0,35,0,0
2024-07-08,34,3,12,0,0,28.7,0,35,18,0.0,17,0,0
2024-07-09,35,3,12,1,0,31.4,0,17,20,0.0,74,77,0
2024-07-10,36,3,12,2,0,27.1,0,74,23,0.0,51,0,0
2024-07-11,37,3,12,3,0,25.1,0,51,14,0.0,37,0,0
2024-07-12,38,3,12,4,0,29.4,0,37,16,0.0,21,0,0
2024-07-13,39,3,12,5,1,29.4,0,21,15,0.0,6,0,0
2024-07-14,40,3,12,6,1,27.3,0,6,17,0.0,77,88,0
2024-07-15,41,3,12,0,0,28.4,0,77,13,0.0,64,0,0
2024-07-16,42,3,12,1,0,28.2,0,64,21,0.0,43,0,0
2024-07-17,43,3,12,2,0,26.0,0,43,14,0.0,29,0,0
2024-07-18,44,3,12,3,0,28.6,0,29,11,0.0,18,0,0
2024-06-04,0,4,1,1,0,29.9,0,150,31,0.0,119,0,0
2024-06-05,1,4,1,2,0,30.0,0,119,21,0.0,98,0,0
2024-06-06,2,4,1,3,0,27.6,0,98,21,0.0,77,0,0
2024-06-07,3,4,1,4,0,30.6,0,77,27,0.0,50,0,0
2024-06-08,4,4,1,5,1,28.7,0,50,19,0.0,31,0,0
2024-06-09,5,4,1,6,1,22.7,0,31,15,0.0,16,0,0
2024-06-10,6,4,1,0,0,27.9,0,16,19,0.0,157,160,0
2024-06-11,7,4,1,1,0,27.6,0,157,20,0.0,137,0,0
2024-06-12,8,4,1,2,0,26.3,0,137,27,0.0,110,0,0
2024-06-13,9,4,1,3,0,27.7,0,110,21,0.0,89,0,0
2024-06-14,10,4,1,4,0,27.5,0,89,17,0.0,72,0,0
2024-06-15,11,4,1,5,1,28.7,0,72,24,0.0,48,0,0
2024-06-16,12,4,1,6,1,29.8,0,48,30,0.0,18,0,0
2024-06-17,13,4,1,0,0,27.8,0,18,18,0.0,158,158,0
2024-06-18,14,4,1,1,0,27.9,0,158,28,0.0,130,0,0
2024-06-19,15,4,1,2,0,24.7,0,130,19,0.0,111,0,0
2024-06-20,16,4,1,3,0,28.2,0,111,29,0.0,82,0,0
2024-06-21,17,4,1,4,0,27.4,0,82,16,0.0,66,0,0
2024-06-22,18,4,1,5,1,29.5,0,66,29,0.0,37,0,0
2024-06-23,19,4,1,6,1,31.1,0,37,27,0.0,10,0,0
2024-06-24,20,4,1,0,0,28.2,0,10,19,0.0,157,166,0
2024-06-25,21,4,1,1,0,28.6,0,157,20,0.0,137,0,0
2024-06-26,22,4,1,2,0,26.0,0,137,23,0.0,114,0,0
2024-06-27,23,4,1,3,0,27.2,0,114,21,0.0,93,0,0
2024-06-28,24,4,1,4,0,31.2,0,93,29,0.0,64,0,0
2024-06-29,25,4,1,5,1,27.8,0,64,18,0.0,46,0,0
2024-06-30,26,4,1,6,1,27.4,0,46,33,0.0,13,0,0
2024-07-01,27,4,1,0,0,29.5,0,13,20,0.0,156,163,0
2024-07-02,28,4,1,1,0,28.0,0,156,22,0.0,134,0,0
2024-07-03,29,4,1,2,0,27.3,0,134,26,0.0,108,0,0
2024-07-04,30,4,1,3,0,28.6,0,108,22,0.0,86,0,0
2024-07-05,31,4,1,4,0,27.6,0,86,27,0.0,59,0,0
2024-07-06,32,4,1,5,1,29.8,0,59,36,0.0,23,0,0
2024-07-07,33,4,1,6,1,27.0,0,23,23,0.0,0,0,0
2024-07-08,34,4,1,0,0,28.7,0,0,22,0.0,154,176,0
2024-07-09,35,4,1,1,0,31.4,0,154,23,0.0,131,0,0
2024-07-10,36,4,1,2,0,27.1,0,131,22,0.0,109,0,0
2024-07-11,37,4,1,3,0,25.1,0,109,20,0.0,89,0,0
2024-07-12,38,4,1,4,0,29.4,0,89,21,0.0,68,0,0
2024-07-13,39,4,1,5,1,29.4,0,68,22,0.0,46,0,0
2024-07-14,40,4,1,6,1,27.3,0,46,26,0.0,20,0,0
2024-07-15,41,4,1,0,0,28.4,0,20,20,0.0,156,156,0
2024-07-16,42,4,1,1,0,28.2,0,156,25,0.0,131,0,0
2024-07-17,43,4,1,2,0,26.0,0,131,20,0.0,111,0,0
2024-07-18,44,4,1,3,0,28.6,0,111,30,0.0,81,0,0
2024-06-04,0,4,2,1,0,29.9,0,20,35,0.0,6,21,0
2024-06-05,1,4,2,2,0,30.0,0,6,16,0.0,25,35,0
2024-06-06,2,4,2,3,0,27.6,0,25,26,0.0,15,16,0
2024-06-07,3,4,2,4,0,30.6,0,15,26,0.0,15,26,0
2024-06-08,4,4,2,5,1,28.7,0,15,28,0.0,13,26,0
2024-06-09,5,4,2,6,1,22.7,0,13,19,0.0,22,28,0
2024-06-10,6,4,2,0,0,27.9,0,22,14,0.0,27,19,0
2024-06-11,7,4,2,1,0,27.6,0,27,25,0.0,16,14,0
2024-06-12,8,4,2,2,0,26.3,0,16,31,0.0,10,25,0
2024-06-13,9,4,2,3,0,27.7,0,10,29,0.0,12,31,0
2024-06-14,10,4,2,4,0,27.5,0,12,20,0.0,21,29,0
2024-06-15,11,4,2,5,1,28.7,0,21,41,0.0,0,20,0
2024-06-16,12,4,2,6,1,29.8,0,0,30,0.0,11,41,0
2024-06-17,13,4,2,0,0,27.8,0,11,32,0.0,9,30,0
2024-06-18,14,4,2,1,0,27.9,0,9,22,0.0,19,32,0
2024-06-19,15,4,2,2,0,24.7,0,19,19,0.0,22,22,0
2024-06-20,16,4,2,3,0,28.2,0,22,23,0.0,18,19,0
2024-06-21,17,4,2,4,0,27.4,0,18,25,0.0,16,23,0
2024-06-22,18,4,2,5,1,29.5,0,16,29,0.0,12,25,0
2024-06-23,19,4,2,6,1,31.1,0,12,23,0.0,18,29,0
2024-06-24,20,4,2,0,0,28.2,0,18,22,0.0,19,23,0
2024-06-25,21,4,2,1,0,28.6,0,19,27,0.0,14,22,0
2024-06-26,22,4,2,2,0,26.0,0,14,29,0.0,12,27,0
2024-06-27,23,4,2,3,0,27.2,0,12,24,0.0,17,29,0
2024-06-28,24,4,2,4,0,31.2,0,17,25,0.0,16,24,0
2024-06-29,25,4,2,5,1,27.8,0,16,19,0.0,22,25,0
2024-06-30,26,4,2,6,1,27.4,0,22,33,0.0,8,19,0
2024-07-01,27,4,2,0,0,29.5,0,8,19,0.0,22,33,0
2024-07-02,28,4,2,1,0,28.0,0,22,26,0.0,15,19,0
2024-07-03,29,4,2,2,0,27.3,0,15,18,0.0,23,26,0
2024-07-04,30,4,2,3,0,28.6,0,23,18,0.0,23,18,0
2024-07-05,31,4,2,4,0,27.6,0,23,25,0.0,16,18,0
2024-07-06,32,4,2,5,1,29.8,0,16,26,0.0,15,25,0
2024-07-07,33,4,2,6,1,27.0,0,15,22,0.0,19,26,0
2024-07-08,34,4,2,0,0,28.7,0,19,16,0.0,25,22,0
2024-07-09,35,4,2,1,0,31.4,0,25,32,0.0,9,16,0
2024-07-10,36,4,2,2,0,27.1,0,9,28,0.0,13,32,0
2024-07-11,37,4,2,3,0,25.1,0,13,21,0.0,20,28,0
2024-07-12,38,4,2,4,0,29.4,0,20,25,0.0,16,21,0
2024-07-13,39,4,2,5,1,29.4,0,16,23,0.0,18,25,0
2024-07-14,40,4,2,6,1,27.3,0,18,28,0.0,13,23,0
2024-07-15,41,4,2,0,0,28.4,0,13,26,0.0,15,28,0
2024-07-16,42,4,2,1,0,28.2,0,15,23,0.0,18,26,0
2024-07-17,43,4,2,2,0,26.0,0,18,16,0.0,25,23,0
2024-07-18,44,4,2,3,0,28.6,0,25,16,0.0,25,16,0
2024-06-04,0,4,3,1,0,29.9,0,147,23,0.0,124,0,0
2024-06-05,1,4,3,2,0,30.0,0,124,15,0.0,109,0,0
2024-06-06,2,4,3,3,0,27.6,0,109,26,0.0,83,0,0
2024-06-07,3,4,3,4,0,30.6,0,83,22,0.0,61,0,0
2024-06-08,4,4,3,5,1,28.7,0,61,19,0.0,42,0,0
2024-06-09,5,4,3,6,1,22.7,0,42,20,0.0,22,0,0
2024-06-10,6,4,3,0,0,27.9,0,22,21,0.0,149,148,0
2024-06-11,7,4,3,1,0,27.6,0,149,23,0.0,126,0,0
2024-06-12,8,4,3,2,0,26.3,0,126,20,0.0,106,0,0
2024-06-13,9,4,3,3,0,27.7,0,106,23,0.0,83,0,0
2024-06-14,10,4,3,4,0,27.5,0,83,14,0.0,69,0,0
2024-06-15,11,4,3,5,1,28.7,0,69,27,0.0,42,0,0
2024-06-16,12,4,3,6,1,29.8,0,42,42,0.0,0,0,0
2024-06-17,13,4,3,0,0,27.8,0,0,26,0.0,144,170,0
2024-06-18,14,4,3,1,0,27.9,0,144,19,0.0,125,0,0
2024-06-19,15,4,3,2,0,24.7,0,125,17,0.0,108,0,0
2024-06-20,16,4,3,3,0,28.2,0,108,19,0.0,89,0,0
2024-06-21,17,4,3,4,0,27.4,0,89,13,0.0,76,0,0
2024-06-22,18,4,3,5,1,29.5,0,76,32,0.0,44,0,0
2024-06-23,19,4,3,6,1,31.1,0,44,26,0.0,18,0,0
2024-06-24,20,4,3,0,0,28.2,0,18,16,0.0,154,152,0
2024-06-25,21,4,3,1,0,28.6,0,154,21,0.0,133,0,0
2024-06-26,22,4,3,2,0,26.0,0,133,24,0.0,109,0,0
2024-06-27,23,4,3,3,0,27.2,0,109,22,0.0,87,0,0
2024-06-28,24,4,3,4,0,31.2,0,87,24,0.0,63,0,0
2024-06-29,25,4,3,5,1,27.8,0,63,29,0.0,34,0,0
2024-06-30,26,4,3,6,1,27.4,0,34,27,0.0,7,0,0
2024-07-01,27,4,3,0,0,29.5,0,7,21,0.0,149,163,0
2024-07-02,28,4,3,1,0,28.0,0,149,24,0.0,125,0,0
2024-07-03,29,4,3,2,0,27.3,0,125,25,0.0,100,0,0
2024-07-04,30,4,3,3,0,28.6,0,100,25,0.0,75,0,0
2024-07-05,31,4,3,4,0,27.6,0,75,18,0.0,57,0,0
2024-07-06,32,4,3,5,1,29.8,0,57,29,0.0,28,0,0
2024-07-07,33,4,3,6,1,27.0,0,28,25,0.0,3,0,0
2024-07-08,34,4,3,0,0,28.7,0,3,20,0.0,150,167,0
2024-07-09,35,4,3,1,0,31.4,0,150,25,0.0,125,0,0
2024-07-10,36,4,3,2,0,27.1,0,125,18,0.0,107,0,0
2024-07-11,37,4,3,3,0,25.1,0,107,17,0.0,90,0,0
2024-07-12,38,4,3,4,0,29.4,0,90,24,0.0,66,0,0
2024-07-13,39,4,3,5,1,29.4,0,66,16,0.0,50,0,0
2024-07-14,40,4,3,6,1,27.3,0,50,18,0.0,32,0,0
2024-07-15,41,4,3,0,0,28.4,0,32,14,0.0,156,138,0
2024-07-16,42,4,3,1,0,28.2,0,156,23,0.0,133,0,0
2024-07-17,43,4,3,2,0,26.0,0,133,10,0.0,123,0,0
2024-07-18,44,4,3,3,0,28.6,0,123,23,0.0,100,0,0
2024-06-04,0,4,4,1,0,29.9,0,93,15,0.0,78,0,0
2024-06-05,1,4,4,2,0,30.0,0,78,14,0.0,64,0,0
2024-06-06,2,4,4,3,0,27.6,0,64,11,0.0,53,0,0
2024-06-07,3,4,4,4,0,30.6,0,53,8,0.0,45,0,0
2024-06-08,4,4,4,5,1,28.7,0,45,12,0.0,33,0,0
2024-06-09,5,4,4,6,1,22.7,0,33,19,0.0,14,0,0
2024-06-10,6,4,4,0,0,27.9,0,14,12,0.0,96,94,0
2024-06-11,7,4,4,1,0,27.6,0,96,18,0.0,78,0,0
2024-06-12,8,4,4,2,0,26.3,0,78,9,0.0,69,0,0
2024-06-13,9,4,4,3,0,27.7,0,69,20,0.0,49,0,0
2024-06-14,10,4,4,4,0,27.5,0,49,16,0.0,33,0,0
2024-06-15,11,4,4,5,1,28.7,0,33,16,0.0,17,0,0
2024-06-16,12,4,4,6,1,29.8,0,17,17,0.0,0,0,0
2024-06-17,13,4,4,0,0,27.8,0,0,6,0.0,102,108,0
2024-06-18,14,4,4,1,0,27.9,0,102,17,0.0,85,0,0
2024-06-19,15,4,4,2,0,24.7,0,85,8,0.0,77,0,0
2024-06-20,16,4,4,3,0,28.2,0,77,14,0.0,63,0,0
2024-06-21,17,4,4,4,0,27.4,0,63,17,0.0,46,0,0
2024-06-22,18,4,4,5,1,29.5,0,46,19,0.0,27,0,0
2024-06-23,19,4,4,6,1,31.1,0,27,9,0.0,18,0,0
2024-06-24,20,4,4,0,0,28.2,0,18,22,0.0,86,90,0
2024-06-25,21,4,4,1,0,28.6,0,86,13,0.0,73,0,0
2024-06-26,22,4,4,2,0,26.0,0,73,8,0.0,65,0,0
2024-06-27,23,4,4,3,0,27.2,0,65,12,0.0,53,0,0
2024-06-28,24,4,4,4,0,31.2,0,53,7,0.0,46,0,0
2024-06-29,25,4,4,5,1,27.8,0,46,9,0.0,37,0,0
2024-06-30,26,4,4,6,1,27.4,0,37,8,0.0,29,0,0
2024-07-01,27,4,4,0,0,29.5,0,29,13,0.0,95,79,0
2024-07-02,28,4,4,1,0,28.0,0,95,13,0.0,82,0,0
2024-07-03,29,4,4,2,0,27.3,0,82,18,0.0,64,0,0
2024-07-04,30,4,4,3,0,28.6,0,64,9,0.0,55,0,0
2024-07-05,31,4,4,4,0,27.6,0,55,14,0.0,41,0,0
2024-07-06,32,4,4,5,1,29.8,0,41,18,0.0,23,0,0
2024-07-07,33,4,4,6,1,27.0,0,23,21,0.0,2,0,0
2024-07-08,34,4,4,0,0,28.7,0,2,15,0.0,93,106,0
2024-07-09,35,4,4,1,0,31.4,0,93,18,0.0,75,0,0
2024-07-10,36,4,4,2,0,27.1,0,75,9,0.0,66,0,0
2024-07-11,37,4,4,3,0,25.1,0,66,16,0.0,50,0,0
2024-07-12,38,4,4,4,0,29.4,0,50,14,0.0,36,0,0
2024-07-13,39,4,4,5,1,29.4,0,36,8,0.0,28,0,0
2024-07-14,40,4,4,6,1,27.3,0,28,11,0.0,17,0,0
2024-07-15,41,4,4,0,0,28.4,0,17,12,0.0,96,91,0
2024-07-16,42,4,4,1,0,28.2,0,96,16,0.0,80,0,0
2024-07-17,43,4,4,2,0,26.0,0,80,13,0.0,67,0,0
2024-07-18,44,4,4,3,0,28.6,0,67,13,0.0,54,0,0
2024-06-04,0,4,5,1,0,29.9,0,58,9,0.0,49,0,0
2024-06-05,1,4,5,2,0,30.0,0,49,10,0.0,39,0,0
2024-06-06,2,4,5,3,0,27.6,0,39,7,0.0,32,0,0
2024-06-07,3,4,5,4,0,30.6,0,32,15,0.0,17,0,0
2024-06-08,4,4,5,5,1,28.7,0,17,11,0.0,6,0,0
2024-06-09,5,4,5,6,1,22.7,0,6,6,0.0,0,0,0
2024-06-10,6,4,5,0,0,27.9,0,0,11,0.0,58,69,0
2024-06-11,7,4,5,1,0,27.6,0,58,3,0.0,55,0,0
2024-06-12,8,4,5,2,0,26.3,0,55,7,0.0,48,0,0
2024-06-13,9,4,5,3,0,27.7,0,48,7,0.0,41,0,0
2024-06-14,10,4,5,4,0,27.5,0,41,17,0.0,24,0,0
2024-06-15,11,4,5,5,1,28.7,0,24,4,0.0,20,0,0
2024-06-16,12,4,5,6,1,29.8,0,20,8,0.0,12,0,0
2024-06-17,13,4,5,0,0,27.8,0,12,7,0.0,62,57,0
2024-06-18,14,4,5,1,0,27.9,0,62,9,0.0,53,0,0
2024-06-19,15,4,5,2,0,24.7,0,53,6,0.0,47,0,0
2024-06-20,16,4,5,3,0,28.2,0,47,10,0.0,37,0,0
2024-06-21,17,4,5,4,0,27.4,0,37,4,0.0,33,0,0
2024-06-22,18,4,5,5,1,29.5,0,33,16,0.0,17,0,0
2024-06-23,19,4,5,6,1,31.1,0,17,10,0.0,7,0,0
2024-06-24,20,4,5,0,0,28.2,0,7,7,0.0,62,62,0
2024-06-25,21,4,5,1,0,28.6,0,62,10,0.0,52,0,0
2024-06-26,22,4,5,2,0,26.0,0,52,4,0.0,48,0,0
2024-06-27,23,4,5,3,0,27.2,0,48,10,0.0,38,0,0
2024-06-28,24,4,5,4,0,31.2,0,38,8,0.0,30,0,0
2024-06-29,25,4,5,5,1,27.8,0,30,11,0.0,19,0,0
2024-06-30,26,4,5,6,1,27.4,0,19,8,0.0,11,0,0
2024-07-01,27,4,5,0,0,29.5,0,11,7,0.0,62,58,0
2024-07-02,28,4,5,1,0,28.0,0,62,7,0.0,55,0,0
2024-07-03,29,4,5,2,0,27.3,0,55,8,0.0,47,0,0
2024-07-04,30,4,5,3,0,28.6,0,47,11,0.0,36,0,0
2024-07-05,31,4,5,4,0,27.6,0,36,13,0.0,23,0,0
2024-07-06,32,4,5,5,1,29.8,0,23,8,0.0,15,0,0
2024-07-07,33,4,5,6,1,27.0,0,15,6,0.0,9,0,0
2024-07-08,34,4,5,0,0,28.7,0,9,6,0.0,63,60,0
2024-07-09,35,4,5,1,0,31.4,0,63,11,0.0,52,0,0
2024-07-10,36,4,5,2,0,27.1,0,52,7,0.0,45,0,0
2024-07-11,37,4,5,3,0,25.1,0,45,4,0.0,41,0,0
2024-07-12,38,4,5,4,0,29.4,0,41,3,0.0,38,0,0
2024-07-13,39,4,5,5,1,29.4,0,38,10,0.0,28,0,0
2024-07-14,40,4,5,6,1,27.3,0,28,11,0.0,17,0,0
2024-07-15,41,4,5,0,0,28.4,0,17,2,0.0,67,52,0
2024-07-16,42,4,5,1,0,28.2,0,67,9,0.0,58,0,0
2024-07-17,43,4,5,2,0,26.0,0,58,13,0.0,45,0,0
2024-07-18,44,4,5,3,0,28.6,0,45,3,0.0,42,0,0
2024-06-04,0,4,6,1,0,29.9,0,55,11,0.0,44,0,0
2024-06-05,1,4,6,2,0,30.0,0,44,11,0.0,33,0,0
2024-06-06,2,4,6,3,0,27.6,0,33,10,0.0,23,0,0
2024-06-07,3,4,6,4,0,30.6,0,23,5,0.0,18,0,0
2024-06-08,4,4,6,5,1,28.7,0,18,7,0.0,11,0,0
2024-06-09,5,4,6,6,1,22.7,0,11,11,0.0,0,0,0
2024-06-10,6,4,6,0,0,27.9,0,0,10,0.0,52,62,0
2024-06-11,7,4,6,1,0,27.6,0,52,4,0.0,48,0,0
2024-06-12,8,4,6,2,0,26.3,0,48,5,0.0,43,0,0
2024-06-13,9,4,6,3,0,27.7,0,43,9,0.0,34,0,0
2024-06-14,10,4,6,4,0,27.5,0,34,9,0.0,25,0,0
2024-06-15,11,4,6,5,1,28.7,0,25,9,0.0,16,0,0
2024-06-16,12,4,6,6,1,29.8,0,16,9,0.0,7,0,0
2024-06-17,13,4,6,0,0,27.8,0,7,9,0.0,53,55,0
2024-06-18,14,4,6,1,0,27.9,0,53,10,0.0,43,0,0
2024-06-19,15,4,6,2,0,24.7,0,43,6,0.0,37,0,0
2024-06-20,16,4,6,3,0,28.2,0,37,4,0.0,33,0,0
2024-06-21,17,4,6,4,0,27.4,0,33,2,0.0,31,0,0
2024-06-22,18,4,6,5,1,29.5,0,31,9,0.0,22,0,0
2024-06-23,19,4,6,6,1,31.1,0,22,9,0.0,13,0,0
2024-06-24,20,4,6,0,0,28.2,0,13,10,0.0,52,49,0
2024-06-25,21,4,6,1,0,28.6,0,52,12,0.0,40,0,0
2024-06-26,22,4,6,2,0,26.0,0,40,4,0.0,36,0,0
2024-06-27,23,4,6,3,0,27.2,0,36,7,0.0,29,0,0
2024-06-28,24,4,6,4,0,31.2,0,29,4,0.0,25,0,0
2024-06-29,25,4,6,5,1,27.8,0,25,9,0.0,16,0,0
2024-06-30,26,4,6,6,1,27.4,0,16,7,0.0,9,0,0
2024-07-01,27,4,6,0,0,29.5,0,9,6,0.0,56,53,0
2024-07-02,28,4,6,1,0,28.0,0,56,8,0.0,48,0,0
2024-07-03,29,4,6,2,0,27.3,0,48,3,0.0,45,0,0
2024-07-04,30,4,6,3,0,28.6,0,45,6,0.0,39,0,0
2024-07-05,31,4,6,4,0,27.6,0,39,5,0.0,34,0,0
2024-07-06,32,4,6,5,1,29.8,0,34,10,0.0,24,0,0
2024-07-07,33,4,6,6,1,27.0,0,24,6,0.0,18,0,0
2024-07-08,34,4,6,0,0,28.7,0,18,7,0.0,55,44,0
2024-07-09,35,4,6,1,0,31.4,0,55,7,0.0,48,0,0
2024-07-10,36,4,6,2,0,27.1,0,48,5,0.0,43,0,0
2024-07-11,37,4,6,3,0,25.1,0,43,8,0.0,35,0,0
2024-07-12,38,4,6,4,0,29.4,0,35,14,0.0,21,0,0
2024-07-13,39,4,6,5,1,29.4,0,21,9,0.0,12,0,0
2024-07-14,40,4,6,6,1,27.3,0,12,11,0.0,1,0,0
2024-07-15,41,4,6,0,0,28.4,0,1,7,0.0,55,61,0
2024-07-16,42,4,6,1,0,28.2,0,55,8,0.0,47,0,0
2024-07-17,43,4,6,2,0,26.0,0,47,9,0.0,38,0,0
2024-07-18,44,4,6,3,0,28.6,0,38,10,0.0,28,0,0
2024-06-04,0,4,7,1,0,29.9,0,31,4,0.0,27,0,0
2024-06-05,1,4,7,2,0,30.0,0,27,5,0.0,22,0,0
2024-06-06,2,4,7,3,0,27.6,0,22,7,0.0,15,0,0
2024-06-07,3,4,7,4,0,30.6,0,15,4,0.0,11,0,0
2024-06-08,4,4,7,5,1,28.7,0,11,3,0.0,8,0,0
2024-06-09,5,4,7,6,1,22.7,0,8,4,0.0,4,0,0
2024-06-10,6,4,7,0,0,27.9,0,4,5,0.0,33,34,0
2024-06-11,7,4,7,1,0,27.6,0,33,2,0.0,31,0,0
2024-06-12,8,4,7,2,0,26.3,0,31,10,0.0,21,0,0
2024-06-13,9,4,7,3,0,27.7,0,21,5,0.0,16,0,0
2024-06-14,10,4,7,4,0,27.5,0,16,2,0.0,14,0,0
2024-06-15,11,4,7,5,1,28.7,0,14,0,0.0,14,0,0
2024-06-16,12,4,7,6,1,29.8,0,14,6,0.0,8,0,0
2024-06-17,13,4,7,0,0,27.8,0,8,5,0.0,33,30,0
2024-06-18,14,4,7,1,0,27.9,0,33,4,0.0,29,0,0
2024-06-19,15,4,7,2,0,24.7,0,29,3,0.0,26,0,0
2024-06-20,16,4,7,3,0,28.2,0,26,6,0.0,20,0,0
2024-06-21,17,4,7,4,0,27.4,0,20,6,0.0,14,0,0
2024-06-22,18,4,7,5,1,29.5,0,14,11,0.0,3,0,0
2024-06-23,19,4,7,6,1,31.1,0,3,2,0.0,1,0,0
2024-06-24,20,4,7,0,0,28.2,0,1,6,0.0,32,37,0
2024-06-25,21,4,7,1,0,28.6,0,32,2,0.0,30,0,0
2024-06-26,22,4,7,2,0,26.0,0,30,1,0.0,29,0,0
2024-06-27,23,4,7,3,0,27.2,0,29,5,0.0,24,0,0
2024-06-28,24,4,7,4,0,31.2,0,24,4,0.0,20,0,0
2024-06-29,25,4,7,5,1,27.8,0,20,14,0.0,6,0,0
2024-06-30,26,4,7,6,1,27.4,0,6,6,0.0,0,0,0
2024-07-01,27,4,7,0,0,29.5,0,0,4,0.0,34,38,0
2024-07-02,28,4,7,1,0,28.0,0,34,5,0.0,29,0,0
2024-07-03,29,4,7,2,0,27.3,0,29,5,0.0,24,0,0
2024-07-04,30,4,7,3,0,28.6,0,24,7,0.0,17,0,0
2024-07-05,31,4,7,4,0,27.6,0,17,1,0.0,16,0,0
2024-07-06,32,4,7,5,1,29.8,0,16,6,0.0,10,0,0
2024-07-07,33,4,7,6,1,27.0,0,10,9,0.0,1,0,0
2024-07-08,34,4,7,0,0,28.7,0,1,5,0.0,33,37,0
2024-07-09,35,4,7,1,0,31.4,0,33,1,0.0,32,0,0
2024-07-10,36,4,7,2,0,27.1,0,32,3,0.0,29,0,0
2024-07-11,37,4,7,3,0,25.1,0,29,6,0.0,23,0,0
2024-07-12,38,4,7,4,0,29.4,0,23,3,0.0,20,0,0
2024-07-13,39,4,7,5,1,29.4,0,20,5,0.0,15,0,0
2024-07-14,40,4,7,6,1,27.3,0,15,2,0.0,13,0,0
2024-07-15,41,4,7,0,0,28.4,0,13,8,0.0,30,25,0
2024-07-16,42,4,7,1,0,28.2,0,30,4,0.0,26,0,0
2024-07-17,43,4,7,2,0,26.0,0,26,5,0.0,21,0,0
2024-07-18,44,4,7,3,0,28.6,0,21,0,0.0,21,0,0
2024-06-04,0,4,8,1,0,29.9,0,281,43,0.0,238,0,0
2024-06-05,1,4,8,2,0,30.0,0,238,43,0.0,195,0,0
2024-06-06,2,4,8,3,0,27.6,0,195,41,0.0,154,0,0
2024-06-07,3,4,8,4,0,30.6,0,154,47,0.0,107,0,0
2024-06-08,4,4,8,5,1,28.7,0,107,51,0.0,56,0,0
2024-06-09,5,4,8,6,1,22.7,0,56,39,0.0,17,0,0
2024-06-10,6,4,8,0,0,27.9,0,17,31,0.0,295,309,0
2024-06-11,7,4,8,1,0,27.6,0,295,46,0.0,249,0,0
2024-06-12,8,4,8,2,0,26.3,0,249,38,0.0,211,0,0
2024-06-13,9,4,8,3,0,27.7,0,211,34,0.0,177,0,0
2024-06-14,10,4,8,4,0,27.5,0,177,36,0.0,141,0,0
2024-06-15,11,4,8,5,1,28.7,0,141,42,0.0,99,0,0
2024-06-16,12,4,8,6,1,29.8,0,99,49,0.0,50,0,0
2024-06-17,13,4,8,0,0,27.8,0,50,46,0.0,280,276,0
2024-06-18,14,4,8,1,0,27.9,0,280,48,0.0,232,0,0
2024-06-19,15,4,8,2,0,24.7,0,232,63,0.0,169,0,0
2024-06-20,16,4,8,3,0,28.2,0,169,33,0.0,136,0,0
2024-06-21,17,4,8,4,0,27.4,0,136,35,0.0,101,0,0
2024-06-22,18,4,8,5,1,29.5,0,101,48,0.0,53,0,0
2024-06-23,19,4,8,6,1,31.1,0,53,47,0.0,6,0,0
2024-06-24,20,4,8,0,0,28.2,0,6,38,0.0,288,320,0
2024-06-25,21,4,8,1,0,28.6,0,288,52,0.0,236,0,0
2024-06-26,22,4,8,2,0,26.0,0,236,45,0.0,191,0,0
2024-06-27,23,4,8,3,0,27.2,0,191,44,0.0,147,0,0
2024-06-28,24,4,8,4,0,31.2,0,147,46,0.0,101,0,0
2024-06-29,25,4,8,5,1,27.8,0,101,38,0.0,63,0,0
2024-06-30,26,4,8,6,1,27.4,0,63,52,0.0,11,0,0
2024-07-01,27,4,8,0,0,29.5,0,11,50,0.0,276,315,0
2024-07-02,28,4,8,1,0,28.0,0,276,45,0.0,231,0,0
2024-07-03,29,4,8,2,0,27.3,0,231,40,0.0,191,0,0
2024-07-04,30,4,8,3,0,28.6,0,191,47,0.0,144,0,0
2024-07-05,31,4,8,4,0,27.6,0,144,41,0.0,103,0,0
2024-07-06,32,4,8,5,1,29.8,0,103,50,0.0,53,0,0
2024-07-07,33,4,8,6,1,27.0,0,53,53,0.0,0,0,0
2024-07-08,34,4,8,0,0,28.7,0,0,37,0.0,289,326,0
2024-07-09,35,4,8,1,0,31.4,0,289,60,0.0,229,0,0
2024-07-10,36,4,8,2,0,27.1,0,229,38,0.0,191,0,0
2024-07-11,37,4,8,3,0,25.1,0,191,31,0.0,160,0,0
2024-07-12,38,4,8,4,0,29.4,0,160,50,0.0,110,0,0
2024-07-13,39,4,8,5,1,29.4,0,110,38,0.0,72,0,0
2024-07-14,40,4,8,6,1,27.3,0,72,51,0.0,21,0,0
2024-07-15,41,4,8,0,0,28.4,0,21,39,0.0,287,305,0
2024-07-16,42,4,8,1,0,28.2,0,287,34,0.0,253,0,0
2024-07-17,43,4,8,2,0,26.0,0,253,31,0.0,222,0,0
2024-07-18,44,4,8,3,0,28.6,0,222,42,0.0,180,0,0
2024-06-04,0,4,9,1,0,29.9,0,8,10,0.0,8,10,0
2024-06-05,1,4,9,2,0,30.0,0,8,10,0.0,8,10,0
2024-06-06,2,4,9,3,0,27.6,0,8,15,0.0,3,10,0
2024-06-07,3,4,9,4,0,30.6,0,3,16,0.0,2,15,0
2024-06-08,4,4,9,5,1,28.7,0,2,16,0.0,2,16,0
2024-06-09,5,4,9,6,1,22.7,0,2,12,0.0,6,16,0
2024-06-10,6,4,9,0,0,27.9,0,6,15,0.0,3,12,0
2024-06-11,7,4,9,1,0,27.6,0,3,8,0.0,10,15,0
2024-06-12,8,4,9,2,0,26.3,0,10,10,0.0,8,8,0
2024-06-13,9,4,9,3,0,27.7,0,8,14,0.0,4,10,0
2024-06-14,10,4,9,4,0,27.5,0,4,10,0.0,8,14,0
2024-06-15,11,4,9,5,1,28.7,0,8,10,0.0,8,10,0
2024-06-16,12,4,9,6,1,29.8,0,8,14,0.0,4,10,0
2024-06-17,13,4,9,0,0,27.8,0,4,6,0.0,12,14,0
2024-06-18,14,4,9,1,0,27.9,0,12,12,0.0,6,6,0
2024-06-19,15,4,9,2,0,24.7,0,6,14,0.0,4,12,0
2024-06-20,16,4,9,3,0,28.2,0,4,10,0.0,8,14,0
2024-06-21,17,4,9,4,0,27.4,0,8,9,0.0,9,10,0
2024-06-22,18,4,9,5,1,29.5,0,9,10,0.0,8,9,0
2024-06-23,19,4,9,6,1,31.1,0,8,8,0.0,10,10,0
2024-06-24,20,4,9,0,0,28.2,0,10,11,0.0,7,8,0
2024-06-25,21,4,9,1,0,28.6,0,7,18,0.0,0,11,0
2024-06-26,22,4,9,2,0,26.0,0,0,9,0.0,9,18,0
2024-06-27,23,4,9,3,0,27.2,0,9,13,0.0,5,9,0
2024-06-28,24,4,9,4,0,31.2,0,5,10,0.0,8,13,0
2024-06-29,25,4,9,5,1,27.8,0,8,5,0.0,13,10,0
2024-06-30,26,4,9,6,1,27.4,0,13,16,0.0,2,5,0
2024-07-01,27,4,9,0,0,29.5,0,2,7,0.0,11,16,0
2024-07-02,28,4,9,1,0,28.0,0,11,14,0.0,4,7,0
2024-07-03,29,4,9,2,0,27.3,0,4,11,0.0,7,14,0
2024-07-04,30,4,9,3,0,28.6,0,7,12,0.0,6,11,0
2024-07-05,31,4,9,4,0,27.6,0,6,14,0.0,4,12,0
2024-07-06,32,4,9,5,1,29.8,0,4,11,0.0,7,14,0
2024-07-07,33,4,9,6,1,27.0,0,7,17,0.0,1,11,0
2024-07-08,34,4,9,0,0,28.7,0,1,15,0.0,3,17,0
2024-07-09,35,4,9,1,0,31.4,0,3,12,0.0,6,15,0
2024-07-10,36,4,9,2,0,27.1,0,6,7,0.0,11,12,0
2024-07-11,37,4,9,3,0,25.1,0,11,8,0.0,10,7,0
2024-07-12,38,4,9,4,0,29.4,0,10,10,0.0,8,8,0
2024-07-13,39,4,9,5,1,29.4,0,8,6,0.0,12,10,0
2024-07-14,40,4,9,6,1,27.3,0,12,13,0.0,5,6,0
2024-07-15,41,4,9,0,0,28.4,0,5,11,0.0,7,13,0
2024-07-16,42,4,9,1,0,28.2,0,7,12,0.0,6,11,0
2024-07-17,43,4,9,2,0,26.0,0,6,11,0.0,7,12,0
2024-07-18,44,4,9,3,0,28.6,0,7,7,0.0,11,11,0
2024-06-04,0,4,10,1,0,29.9,0,93,16,0.0,77,0,0
2024-06-05,1,4,10,2,0,30.0,0,77,15,0.0,62,0,0
2024-06-06,2,4,10,3,0,27.6,0,62,17,0.0,45,0,0
2024-06-07,3,4,10,4,0,30.6,0,45,12,0.0,33,0,0
2024-06-08,4,4,10,5,1,28.7,0,33,8,0.0,25,0,0
2024-06-09,5,4,10,6,1,22.7,0,25,25,0.0,0,0,0
2024-06-10,6,4,10,0,0,27.9,0,0,13,0.0,89,102,0
2024-06-11,7,4,10,1,0,27.6,0,89,9,0.0,80,0,0
2024-06-12,8,4,10,2,0,26.3,0,80,9,0.0,71,0,0
2024-06-13,9,4,10,3,0,27.7,0,71,13,0.0,58,0,0
2024-06-14,10,4,10,4,0,27.5,0,58,11,0.0,47,0,0
2024-06-15,11,4,10,5,1,28.7,0,47,19,0.0,28,0,0
2024-06-16,12,4,10,6,1,29.8,0,28,16,0.0,12,0,0
2024-06-17,13,4,10,0,0,27.8,0,12,12,0.0,90,90,0
2024-06-18,14,4,10,1,0,27.9,0,90,8,0.0,82,0,0
2024-06-19,15,4,10,2,0,24.7,0,82,14,0.0,68,0,0
2024-06-20,16,4,10,3,0,28.2,0,68,10,0.0,58,0,0
2024-06-21,17,4,10,4,0,27.4,0,58,18,0.0,40,0,0
2024-06-22,18,4,10,5,1,29.5,0,40,9,0.0,31,0,0
2024-06-23,19,4,10,6,1,31.1,0,31,14,0.0,17,0,0
2024-06-24,20,4,10,0,0,28.2,0,17,10,0.0,92,85,0
2024-06-25,21,4,10,1,0,28.6,0,92,16,0.0,76,0,0
2024-06-26,22,4,10,2,0,26.0,0,76,17,0.0,59,0,0
2024-06-27,23,4,10,3,0,27.2,0,59,18,0.0,41,0,0
2024-06-28,24,4,10,4,0,31.2,0,41,12,0.0,29,0,0
2024-06-29,25,4,10,5,1,27.8,0,29,16,0.0,13,0,0
2024-06-30,26,4,10,6,1,27.4,0,13,12,0.0,1,0,0
2024-07-01,27,4,10,0,0,29.5,0,1,18,0.0,84,101,0
2024-07-02,28,4,10,1,0,28.0,0,84,9,0.0,75,0,0
2024-07-03,29,4,10,2,0,27.3,0,75,12,0.0,63,0,0
2024-07-04,30,4,10,3,0,28.6,0,63,16,0.0,47,0,0
2024-07-05,31,4,10,4,0,27.6,0,47,14,0.0,33,0,0
2024-07-06,32,4,10,5,1,29.8,0,33,4,0.0,29,0,0
2024-07-07,33,4,10,6,1,27.0,0,29,16,0.0,13,0,0
2024-07-08,34,4,10,0,0,28.7,0,13,13,0.0,89,89,0
2024-07-09,35,4,10,1,0,31.4,0,89,2,0.0,87,0,0
2024-07-10,36,4,10,2,0,27.1,0,87,17,0.0,70,0,0
2024-07-11,37,4,10,3,0,25.1,0,70,12,0.0,58,0,0
2024-07-12,38,4,10,4,0,29.4,0,58,12,0.0,46,0,0
2024-07-13,39,4,10,5,1,29.4,0,46,15,0.0,31,0,0
2024-07-14,40,4,10,6,1,27.3,0,31,21,0.0,10,0,0
2024-07-15,41,4,10,0,0,28.4,0,10,11,0.0,91,92,0
2024-07-16,42,4,10,1,0,28.2,0,91,10,0.0,81,0,0
2024-07-17,43,4,10,2,0,26.0,0,81,11,0.0,70,0,0
2024-07-18,44,4,10,3,0,28.6,0,70,13,0.0,57,0,0
2024-06-04,0,4,11,1,0,29.9,0,68,12,0.0,56,0,0
2024-06-05,1,4,11,2,0,30.0,0,56,8,0.0,48,0,0
2024-06-06,2,4,11,3,0,27.6,0,48,10,0.0,38,0,0
2024-06-07,3,4,11,4,0,30.6,0,38,12,0.0,26,0,0
2024-06-08,4,4,11,5,1,28.7,0,26,11,0.0,15,0,0
2024-06-09,5,4,11,6,1,22.7,0,15,7,0.0,8,0,0
2024-06-10,6,4,11,0,0,27.9,0,8,10,0.0,69,71,0
2024-06-11,7,4,11,1,0,27.6,0,69,5,0.0,64,0,0
2024-06-12,8,4,11,2,0,26.3,0,64,8,0.0,56,0,0
2024-06-13,9,4,11,3,0,27.7,0,56,15,0.0,41,0,0
2024-06-14,10,4,11,4,0,27.5,0,41,11,0.0,30,0,0
2024-06-15,11,4,11,5,1,28.7,0,30,16,0.0,14,0,0
2024-06-16,12,4,11,6,1,29.8,0,14,7,0.0,7,0,0
2024-06-17,13,4,11,0,0,27.8,0,7,12,0.0,67,72,0
2024-06-18,14,4,11,1,0,27.9,0,67,8,0.0,59,0,0
2024-06-19,15,4,11,2,0,24.7,0,59,9,0.0,50,0,0
2024-06-20,16,4,11,3,0,28.2,0,50,14,0.0,36,0,0
2024-06-21,17,4,11,4,0,27.4,0,36,11,0.0,25,0,0
2024-06-22,18,4,11,5,1,29.5,0,25,11,0.0,14,0,0
2024-06-23,19,4,11,6,1,31.1,0,14,12,0.0,2,0,0
2024-06-24,20,4,11,0,0,28.2,0,2,10,0.0,69,77,0
2024-06-25,21,4,11,1,0,28.6,0,69,11,0.0,58,0,0
2024-06-26,22,4,11,2,0,26.0,0,58,7,0.0,51,0,0
2024-06-27,23,4,11,3,0,27.2,0,51,8,0.0,43,0,0
2024-06-28,24,4,11,4,0,31.2,0,43,10,0.0,33,0,0
2024-06-29,25,4,11,5,1,27.8,0,33,14,0.0,19,0,0
2024-06-30,26,4,11,6,1,27.4,0,19,11,0.0,8,0,0
2024-07-01,27,4,11,0,0,29.5,0,8,17,0.0,62,71,0
2024-07-02,28,4,11,1,0,28.0,0,62,4,0.0,58,0,0
2024-07-03,29,4,11,2,0,27.3,0,58,12,0.0,46,0,0
2024-07-04,30,4,11,3,0,28.6,0,46,12,0.0,34,0,0
2024-07-05,31,4,11,4,0,27.6,0,34,13,0.0,21,0,0
2024-07-06,32,4,11,5,1,29.8,0,21,7,0.0,14,0,0
2024-07-07,33,4,11,6,1,27.0,0,14,14,0.0,0,0,0
2024-07-08,34,4,11,0,0,28.7,0,0,12,0.0,67,79,0
2024-07-09,35,4,11,1,0,31.4,0,67,9,0.0,58,0,0
2024-07-10,36,4,11,2,0,27.1,0,58,8,0.0,50,0,0
2024-07-11,37,4,11,3,0,25.1,0,50,11,0.0,39,0,0
2024-07-12,38,4,11,4,0,29.4,0,39,3,0.0,36,0,0
2024-07-13,39,4,11,5,1,29.4,0,36,11,0.0,25,0,0
2024-07-14,40,4,11,6,1,27.3,0,25,17,0.0,8,0,0
2024-07-15,41,4,11,0,0,28.4,0,8,8,0.0,71,71,0
2024-07-16,42,4,11,1,0,28.2,0,71,10,0.0,61,0,0
2024-07-17,43,4,11,2,0,26.0,0,61,10,0.0,51,0,0
2024-07-18,44,4,11,3,0,28.6,0,51,9,0.0,42,0,0
2024-06-04,0,4,12,1,0,29.9,0,21,10,0.0,60,49,0
2024-06-05,1,4,12,2,0,30.0,0,60,10,0.0,50,0,0
2024-06-06,2,4,12,3,0,27.6,0,50,8,0.0,42,0,0
2024-06-07,3,4,12,4,0,30.6,0,42,7,0.0,35,0,0
2024-06-08,4,4,12,5,1,28.7,0,35,15,0.0,20,0,0
2024-06-09,5,4,12,6,1,22.7,0,20,5,0.0,65,50,0
2024-06-10,6,4,12,0,0,27.9,0,65,6,0.0,59,0,0
2024-06-11,7,4,12,1,0,27.6,0,59,12,0.0,47,0,0
2024-06-12,8,4,12,2,0,26.3,0,47,9,0.0,38,0,0
2024-06-13,9,4,12,3,0,27.7,0,38,12,0.0,26,0,0
2024-06-14,10,4,12,4,0,27.5,0,26,11,0.0,59,44,0
2024-06-15,11,4,12,5,1,28.7,0,59,16,0.0,43,0,0
2024-06-16,12,4,12,6,1,29.8,0,43,13,0.0,30,0,0
2024-06-17,13,4,12,0,0,27.8,0,30,10,0.0,20,0,0
2024-06-18,14,4,12,1,0,27.9,0,20,12,0.0,8,0,0
2024-06-19,15,4,12,2,0,24.7,0,8,9,0.0,61,62,0
2024-06-20,16,4,12,3,0,28.2,0,61,17,0.0,44,0,0
2024-06-21,17,4,12,4,0,27.4,0,44,6,0.0,38,0,0
2024-06-22,18,4,12,5,1,29.5,0,38,24,0.0,14,0,0
2024-06-23,19,4,12,6,1,31.1,0,14,6,0.0,8,0,0
2024-06-24,20,4,12,0,0,28.2,0,8,16,0.0,54,62,0
2024-06-25,21,4,12,1,0,28.6,0,54,19,0.0,35,0,0
2024-06-26,22,4,12,2,0,26.0,0,35,14,0.0,21,0,0
2024-06-27,23,4,12,3,0,27.2,0,21,10,0.0,11,0,0
2024-06-28,24,4,12,4,0,31.2,0,11,11,0.0,0,0,0
2024-06-29,25,4,12,5,1,27.8,0,0,7,0.0,63,70,0
2024-06-30,26,4,12,6,1,27.4,0,63,8,0.0,55,0,0
2024-07-01,27,4,12,0,0,29.5,0,55,15,0.0,40,0,0
2024-07-02,28,4,12,1,0,28.0,0,40,19,0.0,21,0,0
2024-07-03,29,4,12,2,0,27.3,0,21,12,0.0,9,0,0
2024-07-04,30,4,12,3,0,28.6,0,9,12,0.0,58,61,0
2024-07-05,31,4,12,4,0,27.6,0,58,11,0.0,47,0,0
2024-07-06,32,4,12,5,1,29.8,0,47,13,0.0,34,0,0
2024-07-07,33,4,12,6,1,27.0,0,34,10,0.0,24,0,0
2024-07-08,34,4,12,0,0,28.7,0,24,13,0.0,11,0,0
2024-07-09,35,4,12,1,0,31.4,0,11,9,0.0,61,59,0
2024-07-10,36,4,12,2,0,27.1,0,61,10,0.0,51,0,0
2024-07-11,37,4,12,3,0,25.1,0,51,12,0.0,39,0,0
2024-07-12,38,4,12,4,0,29.4,0,39,9,0.0,30,0,0
2024-07-13,39,4,12,5,1,29.4,0,30,14,0.0,16,0,0
2024-07-14,40,4,12,6,1,27.3,0,16,15,0.0,55,54,0
2024-07-15,41,4,12,0,0,28.4,0,55,11,0.0,44,0,0
2024-07-16,42,4,12,1,0,28.2,0,44,6,0.0,38,0,0
2024-07-17,43,4,12,2,0,26.0,0,38,10,0.0,28,0,0
2024-07-18,44,4,12,3,0,28.6,0,28,14,0.0,14,0,0
2024-06-04,0,5,1,1,0,29.9,0,358,60,0.0,298,0,0
2024-06-05,1,5,1,2,0,30.0,0,298,60,0.0,238,0,0
2024-06-06,2,5,1,3,0,27.6,0,238,43,0.0,195,0,0
2024-06-07,3,5,1,4,0,30.6,0,195,87,0.0,108,0,0
2024-06-08,4,5,1,5,1,28.7,0,108,54,0.0,54,0,0
2024-06-09,5,5,1,6,1,22.7,0,54,35,0.0,19,0,0
2024-06-10,6,5,1,0,0,27.9,0,19,68,0.0,344,393,0
2024-06-11,7,5,1,1,0,27.6,0,344,49,0.0,295,0,0
2024-06-12,8,5,1,2,0,26.3,0,295,59,0.0,236,0,0
2024-06-13,9,5,1,3,0,27.7,0,236,52,0.0,184,0,0
2024-06-14,10,5,1,4,0,27.5,0,184,44,0.0,140,0,0
2024-06-15,11,5,1,5,1,28.7,0,140,78,0.0,62,0,0
2024-06-16,12,5,1,6,1,29.8,0,62,62,0.0,0,0,0
2024-06-17,13,5,1,0,0,27.8,0,0,50,0.0,362,412,0
2024-06-18,14,5,1,1,0,27.9,0,362,52,0.0,310,0,0
2024-06-19,15,5,1,2,0,24.7,0,310,41,0.0,269,0,0
2024-06-20,16,5,1,3,0,28.2,0,269,41,0.0,228,0,0
2024-06-21,17,5,1,4,0,27.4,0,228,52,0.0,176,0,0
2024-06-22,18,5,1,5,1,29.5,0,176,52,0.0,124,0,0
2024-06-23,19,5,1,6,1,31.1,0,124,58,0.0,66,0,0
2024-06-24,20,5,1,0,0,28.2,0,66,53,0.0,359,346,0
2024-06-25,21,5,1,1,0,28.6,0,359,44,0.0,315,0,0
2024-06-26,22,5,1,2,0,26.0,0,315,63,0.0,252,0,0
2024-06-27,23,5,1,3,0,27.2,0,252,45,0.0,207,0,0
2024-06-28,24,5,1,4,0,31.2,0,207,50,0.0,157,0,0
2024-06-29,25,5,1,5,1,27.8,0,157,61,0.0,96,0,0
2024-06-30,26,5,1,6,1,27.4,0,96,58,0.0,38,0,0
2024-07-01,27,5,1,0,0,29.5,0,38,46,0.0,366,374,0
2024-07-02,28,5,1,1,0,28.0,0,366,47,0.0,319,0,0
2024-07-03,29,5,1,2,0,27.3,0,319,47,0.0,272,0,0
2024-07-04,30,5,1,3,0,28.6,0,272,54,0.0,218,0,0
2024-07-05,31,5,1,4,0,27.6,0,218,51,0.0,167,0,0
2024-07-06,32,5,1,5,1,29.8,0,167,50,0.0,117,0,0
2024-07-07,33,5,1,6,1,27.0,0,117,54,0.0,63,0,0
2024-07-08,34,5,1,0,0,28.7,0,63,54,0.0,358,349,0
2024-07-09,35,5,1,1,0,31.4,0,358,43,0.0,315,0,0
2024-07-10,36,5,1,2,0,27.1,0,315,46,0.0,269,0,0
2024-07-11,37,5,1,3,0,25.1,0,269,50,0.0,219,0,0
2024-07-12,38,5,1,4,0,29.4,0,219,49,0.0,170,0,0
2024-07-13,39,5,1,5,1,29.4,0,170,65,0.0,105,0,0
2024-07-14,40,5,1,6,1,27.3,0,105,61,0.0,44,0,0
2024-07-15,41,5,1,0,0,28.4,0,44,51,0.0,361,368,0
2024-07-16,42,5,1,1,0,28.2,0,361,56,0.0,305,0,0
2024-07-17,43,5,1,2,0,26.0,0,305,38,0.0,267,0,0
2024-07-18,44,5,1,3,0,28.6,0,267,48,0.0,219,0,0
2024-06-04,0,5,2,1,0,29.9,0,7,34,0.0,7,34,0
2024-06-05,1,5,2,2,0,30.0,0,7,30,0.0,11,34,0
2024-06-06,2,5,2,3,0,27.6,0,11,24,0.0,17,30,0
2024-06-07,3,5,2,4,0,30.6,0,17,21,0.0,20,24,0
2024-06-08,4,5,2,5,1,28.7,0,20,25,0.0,16,21,0
2024-06-09,5,5,2,6,1,22.7,0,16,30,0.0,11,25,0
2024-06-10,6,5,2,0,0,27.9,0,11,22,0.0,19,30,0
2024-06-11,7,5,2,1,0,27.6,0,19,23,0.0,18,22,0
2024-06-12,8,5,2,2,0,26.3,0,18,23,0.0,18,23,0
2024-06-13,9,5,2,3,0,27.7,0,18,27,0.0,14,23,0
2024-06-14,10,5,2,4,0,27.5,0,14,30,0.0,11,27,0
2024-06-15,11,5,2,5,1,28.7,0,11,41,0.0,0,30,0
2024-06-16,12,5,2,6,1,29.8,0,0,36,0.0,5,41,0
2024-06-17,13,5,2,0,0,27.8,0,5,25,0.0,16,36,0
2024-06-18,14,5,2,1,0,27.9,0,16,23,0.0,18,25,0
2024-06-19,15,5,2,2,0,24.7,0,18,21,0.0,20,23,0
2024-06-20,16,5,2,3,0,28.2,0,20,15,0.0,26,21,0
2024-06-21,17,5,2,4,0,27.4,0,26,38,0.0,3,15,0
2024-06-22,18,5,2,5,1,29.5,0,3,38,0.0,3,38,0
2024-06-23,19,5,2,6,1,31.1,0,3,34,0.0,7,38,0
2024-06-24,20,5,2,0,0,28.2,0,7,31,0.0,10,34,0
2024-06-25,21,5,2,1,0,28.6,0,10,29,0.0,12,31,0
2024-06-26,22,5,2,2,0,26.0,0,12,33,0.0,8,29,0
2024-06-27,23,5,2,3,0,27.2,0,8,28,0.0,13,33,0
2024-06-28,24,5,2,4,0,31.2,0,13,35,0.0,6,28,0
2024-06-29,25,5,2,5,1,27.8,0,6,29,0.0,12,35,0
2024-06-30,26,5,2,6,1,27.4,0,12,29,0.0,12,29,0
2024-07-01,27,5,2,0,0,29.5,0,12,23,0.0,18,29,0
2024-07-02,28,5,2,1,0,28.0,0,18,33,0.0,8,23,0
2024-07-03,29,5,2,2,0,27.3,0,8,22,0.0,19,33,0
2024-07-04,30,5,2,3,0,28.6,0,19,37,0.0,4,22,0
2024-07-05,31,5,2,4,0,27.6,0,4,22,0.0,19,37,0
2024-07-06,32,5,2,5,1,29.8,0,19,30,0.0,11,22,0
2024-07-07,33,5,2,6,1,27.0,0,11,30,0.0,11,30,0
2024-07-08,34,5,2,0,0,28.7,0,11,23,0.0,18,30,0
2024-07-09,35,5,2,1,0,31.4,0,18,28,0.0,13,23,0
2024-07-10,36,5,2,2,0,27.1,0,13,28,0.0,13,28,0
2024-07-11,37,5,2,3,0,25.1,0,13,16,0.0,25,28,0
2024-07-12,38,5,2,4,0,29.4,0,25,22,0.0,19,16,0
2024-07-13,39,5,2,5,1,29.4,0,19,30,0.0,11,22,0
2024-07-14,40,5,2,6,1,27.3,0,11,35,0.0,6,30,0
2024-07-15,41,5,2,0,0,28.4,0,6,27,0.0,14,35,0
2024-07-16,42,5,2,1,0,28.2,0,14,20,0.0,21,27,0
2024-07-17,43,5,2,2,0,26.0,0,21,23,0.0,18,20,0
2024-07-18,44,5,2,3,0,28.6,0,18,28,0.0,13,23,0
2024-06-04,0,5,3,1,0,29.9,0,105,9,0.0,96,0,0
2024-06-05,1,5,3,2,0,30.0,0,96,11,0.0,85,0,0
2024-06-06,2,5,3,3,0,27.6,0,85,20,0.0,65,0,0
2024-06-07,3,5,3,4,0,30.6,0,65,15,0.0,50,0,0
2024-06-08,4,5,3,5,1,28.7,0,50,12,0.0,38,0,0
2024-06-09,5,5,3,6,1,22.7,0,38,17,0.0,21,0,0
2024-06-10,6,5,3,0,0,27.9,0,21,15,0.0,99,93,0
2024-06-11,7,5,3,1,0,27.6,0,99,15,0.0,84,0,0
2024-06-12,8,5,3,2,0,26.3,0,84,8,0.0,76,0,0
2024-06-13,9,5,3,3,0,27.7,0,76,23,0.0,53,0,0
2024-06-14,10,5,3,4,0,27.5,0,53,17,0.0,36,0,0
2024-06-15,11,5,3,5,1,28.7,0,36,19,0.0,17,0,0
2024-06-16,12,5,3,6,1,29.8,0,17,17,0.0,0,0,0
2024-06-17,13,5,3,0,0,27.8,0,0,9,0.0,105,114,0
2024-06-18,14,5,3,1,0,27.9,0,105,12,0.0,93,0,0
2024-06-19,15,5,3,2,0,24.7,0,93,13,0.0,80,0,0
2024-06-20,16,5,3,3,0,28.2,0,80,11,0.0,69,0,0
2024-06-21,17,5,3,4,0,27.4,0,69,18,0.0,51,0,0
2024-06-22,18,5,3,5,1,29.5,0,51,12,0.0,39,0,0
2024-06-23,19,5,3,6,1,31.1,0,39,10,0.0,29,0,0
2024-06-24,20,5,3,0,0,28.2,0,29,17,0.0,97,85,0
2024-06-25,21,5,3,1,0,28.6,0,97,13,0.0,84,0,0
2024-06-26,22,5,3,2,0,26.0,0,84,15,0.0,69,0,0
2024-06-27,23,5,3,3,0,27.2,0,69,14,0.0,55,0,0
2024-06-28,24,5,3,4,0,31.2,0,55,17,0.0,38,0,0
2024-06-29,25,5,3,5,1,27.8,0,38,22,0.0,16,0,0
2024-06-30,26,5,3,6,1,27.4,0,16,15,0.0,1,0,0
2024-07-01,27,5,3,0,0,29.5,0,1,15,0.0,99,113,0
2024-07-02,28,5,3,1,0,28.0,0,99,17,0.0,82,0,0
2024-07-03,29,5,3,2,0,27.3,0,82,10,0.0,72,0,0
2024-07-04,30,5,3,3,0,28.6,0,72,18,0.0,54,0,0
2024-07-05,31,5,3,4,0,27.6,0,54,10,0.0,44,0,0
2024-07-06,32,5,3,5,1,29.8,0,44,11,0.0,33,0,0
2024-07-07,33,5,3,6,1,27.0,0,33,23,0.0,10,0,0
2024-07-08,34,5,3,0,0,28.7,0,10,13,0.0,101,104,0
2024-07-09,35,5,3,1,0,31.4,0,101,8,0.0,93,0,0
2024-07-10,36,5,3,2,0,27.1,0,93,16,0.0,77,0,0
2024-07-11,37,5,3,3,0,25.1,0,77,14,0.0,63,0,0
2024-07-12,38,5,3,4,0,29.4,0,63,11,0.0,52,0,0
2024-07-13,39,5,3,5,1,29.4,0,52,25,0.0,27,0,0
2024-07-14,40,5,3,6,1,27.3,0,27,16,0.0,11,0,0
2024-07-15,41,5,3,0,0,28.4,0,11,14,0.0,100,103,0
2024-07-16,42,5,3,1,0,28.2,0,100,15,0.0,85,0,0
2024-07-17,43,5,3,2,0,26.0,0,85,11,0.0,74,0,0
2024-07-18,44,5,3,3,0,28.6,0,74,10,0.0,64,0,0
2024-06-04,0,5,4,1,0,29.9,0,162,20,0.0,142,0,0
2024-06-05,1,5,4,2,0,30.0,0,142,18,0.0,124,0,0
2024-06-06,2,5,4,3,0,27.6,0,124,22,0.0,102,0,0
2024-06-07,3,5,4,4,0,30.6,0,102,26,0.0,76,0,0
2024-06-08,4,5,4,5,1,28.7,0,76,30,0.0,46,0,0
2024-06-09,5,5,4,6,1,22.7,0,46,34,0.0,12,0,0
2024-06-10,6,5,4,0,0,27.9,0,12,21,0.0,168,177,0
2024-06-11,7,5,4,1,0,27.6,0,168,17,0.0,151,0,0
2024-06-12,8,5,4,2,0,26.3,0,151,30,0.0,121,0,0
2024-06-13,9,5,4,3,0,27.7,0,121,23,0.0,98,0,0
2024-06-14,10,5,4,4,0,27.5,0,98,20,0.0,78,0,0
2024-06-15,11,5,4,5,1,28.7,0,78,22,0.0,56,0,0
2024-06-16,12,5,4,6,1,29.8,0,56,37,0.0,19,0,0
2024-06-17,13,5,4,0,0,27.8,0,19,25,0.0,164,170,0
2024-06-18,14,5,4,1,0,27.9,0,164,17,0.0,147,0,0
2024-06-19,15,5,4,2,0,24.7,0,147,23,0.0,124,0,0
2024-06-20,16,5,4,3,0,28.2,0,124,30,0.0,94,0,0
2024-06-21,17,5,4,4,0,27.4,0,94,31,0.0,63,0,0
2024-06-22,18,5,4,5,1,29.5,0,63,41,0.0,22,0,0
2024-06-23,19,5,4,6,1,31.1,0,22,21,0.0,1,0,0
2024-06-24,20,5,4,0,0,28.2,0,1,18,0.0,171,188,0
2024-06-25,21,5,4,1,0,28.6,0,171,21,0.0,150,0,0
2024-06-26,22,5,4,2,0,26.0,0,150,23,0.0,127,0,0
2024-06-27,23,5,4,3,0,27.2,0,127,34,0.0,93,0,0
2024-06-28,24,5,4,4,0,31.2,0,93,31,0.0,62,0,0
2024-06-29,25,5,4,5,1,27.8,0,62,30,0.0,32,0,0
2024-06-30,26,5,4,6,1,27.4,0,32,19,0.0,13,0,0
2024-07-01,27,5,4,0,0,29.5,0,13,28,0.0,161,176,0
2024-07-02,28,5,4,1,0,28.0,0,161,29,0.0,132,0,0
2024-07-03,29,5,4,2,0,27.3,0,132,23,0.0,109,0,0
2024-07-04,30,5,4,3,0,28.6,0,109,22,0.0,87,0,0
2024-07-05,31,5,4,4,0,27.6,0,87,22,0.0,65,0,0
2024-07-06,32,5,4,5,1,29.8,0,65,32,0.0,33,0,0
2024-07-07,33,5,4,6,1,27.0,0,33,33,0.0,0,0,0
2024-07-08,34,5,4,0,0,28.7,0,0,22,0.0,167,189,0
2024-07-09,35,5,4,1,0,31.4,0,167,25,0.0,142,0,0
2024-07-10,36,5,4,2,0,27.1,0,142,23,0.0,119,0,0
2024-07-11,37,5,4,3,0,25.1,0,119,23,0.0,96,0,0
2024-07-12,38,5,4,4,0,29.4,0,96,22,0.0,74,0,0
2024-07-13,39,5,4,5,1,29.4,0,74,30,0.0,44,0,0
2024-07-14,40,5,4,6,1,27.3,0,44,24,0.0,20,0,0
2024-07-15,41,5,4,0,0,28.4,0,20,27,0.0,162,169,0
2024-07-16,42,5,4,1,0,28.2,0,162,22,0.0,140,0,0
2024-07-17,43,5,4,2,0,26.0,0,140,25,0.0,115,0,0
2024-07-18,44,5,4,3,0,28.6,0,115,22,0.0,93,0,0
2024-06-04,0,5,5,1,0,29.9,0,96,7,0.0,89,0,0
2024-06-05,1,5,5,2,0,30.0,0,89,20,0.0,69,0,0
2024-06-06,2,5,5,3,0,27.6,0,69,10,0.0,59,0,0
2024-06-07,3,5,5,4,0,30.6,0,59,8,0.0,51,0,0
2024-06-08,4,5,5,5,1,28.7,0,51,16,0.0,35,0,0
2024-06-09,5,5,5,6,1,22.7,0,35,17,0.0,18,0,0
2024-06-10,6,5,5,0,0,27.9,0,18,14,0.0,91,87,0
2024-06-11,7,5,5,1,0,27.6,0,91,14,0.0,77,0,0
2024-06-12,8,5,5,2,0,26.3,0,77,16,0.0,61,0,0
2024-06-13,9,5,5,3,0,27.7,0,61,9,0.0,52,0,0
2024-06-14,10,5,5,4,0,27.5,0,52,11,0.0,41,0,0
2024-06-15,11,5,5,5,1,28.7,0,41,6,0.0,35,0,0
2024-06-16,12,5,5,6,1,29.8,0,35,20,0.0,15,0,0
2024-06-17,13,5,5,0,0,27.8,0,15,13,0.0,92,90,0
2024-06-18,14,5,5,1,0,27.9,0,92,13,0.0,79,0,0
2024-06-19,15,5,5,2,0,24.7,0,79,15,0.0,64,0,0
2024-06-20,16,5,5,3,0,28.2,0,64,8,0.0,56,0,0
2024-06-21,17,5,5,4,0,27.4,0,56,8,0.0,48,0,0
2024-06-22,18,5,5,5,1,29.5,0,48,12,0.0,36,0,0
2024-06-23,19,5,5,6,1,31.1,0,36,13,0.0,23,0,0
2024-06-24,20,5,5,0,0,28.2,0,23,15,0.0,90,82,0
2024-06-25,21,5,5,1,0,28.6,0,90,20,0.0,70,0,0
2024-06-26,22,5,5,2,0,26.0,0,70,6,0.0,64,0,0
2024-06-27,23,5,5,3,0,27.2,0,64,15,0.0,49,0,0
2024-06-28,24,5,5,4,0,31.2,0,49,12,0.0,37,0,0
2024-06-29,25,5,5,5,1,27.8,0,37,12,0.0,25,0,0
2024-06-30,26,5,5,6,1,27.4,0,25,15,0.0,10,0,0
2024-07-01,27,5,5,0,0,29.5,0,10,7,0.0,98,95,0
2024-07-02,28,5,5,1,0,28.0,0,98,15,0.0,83,0,0
2024-07-03,29,5,5,2,0,27.3,0,83,16,0.0,67,0,0
2024-07-04,30,5,5,3,0,28.6,0,67,11,0.0,56,0,0
2024-07-05,31,5,5,4,0,27.6,0,56,8,0.0,48,0,0
2024-07-06,32,5,5,5,1,29.8,0,48,20,0.0,28,0,0
2024-07-07,33,5,5,6,1,27.0,0,28,28,0.0,0,0,0
2024-07-08,34,5,5,0,0,28.7,0,0,16,0.0,89,105,0
2024-07-09,35,5,5,1,0,31.4,0,89,15,0.0,74,0,0
2024-07-10,36,5,5,2,0,27.1,0,74,14,0.0,60,0,0
2024-07-11,37,5,5,3,0,25.1,0,60,7,0.0,53,0,0
2024-07-12,38,5,5,4,0,29.4,0,53,13,0.0,40,0,0
2024-07-13,39,5,5,5,1,29.4,0,40,9,0.0,31,0,0
2024-07-14,40,5,5,6,1,27.3,0,31,8,0.0,23,0,0
2024-07-15,41,5,5,0,0,28.4,0,23,10,0.0,95,82,0
2024-07-16,42,5,5,1,0,28.2,0,95,6,0.0,89,0,0
2024-07-17,43,5,5,2,0,26.0,0,89,11,0.0,78,0,0
2024-07-18,44,5,5,3,0,28.6,0,78,13,0.0,65,0,0
2024-06-04,0,5,6,1,0,29.9,0,48,7,0.0,41,0,0
2024-06-05,1,5,6,2,0,30.0,0,41,6,0.0,35,0,0
2024-06-06,2,5,6,3,0,27.6,0,35,7,0.0,28,0,0
2024-06-07,3,5,6,4,0,30.6,0,28,9,0.0,19,0,0
2024-06-08,4,5,6,5,1,28.7,0,19,4,0.0,15,0,0
2024-06-09,5,5,6,6,1,22.7,0,15,4,0.0,11,0,0
2024-06-10,6,5,6,0,0,27.9,0,11,3,0.0,53,45,0
2024-06-11,7,5,6,1,0,27.6,0,53,6,0.0,47,0,0
2024-06-12,8,5,6,2,0,26.3,0,47,6,0.0,41,0,0
2024-06-13,9,5,6,3,0,27.7,0,41,4,0.0,37,0,0
2024-06-14,10,5,6,4,0,27.5,0,37,4,0.0,33,0,0
2024-06-15,11,5,6,5,1,28.7,0,33,6,0.0,27,0,0
2024-06-16,12,5,6,6,1,29.8,0,27,6,0.0,21,0,0
2024-06-17,13,5,6,0,0,27.8,0,21,8,0.0,48,35,0
2024-06-18,14,5,6,1,0,27.9,0,48,6,0.0,42,0,0
2024-06-19,15,5,6,2,0,24.7,0,42,5,0.0,37,0,0
2024-06-20,16,5,6,3,0,28.2,0,37,12,0.0,25,0,0
2024-06-21,17,5,6,4,0,27.4,0,25,11,0.0,14,0,0
2024-06-22,18,5,6,5,1,29.5,0,14,4,0.0,10,0,0
2024-06-23,19,5,6,6,1,31.1,0,10,6,0.0,4,0,0
2024-06-24,20,5,6,0,0,28.2,0,4,5,0.0,51,52,0
2024-06-25,21,5,6,1,0,28.6,0,51,7,0.0,44,0,0
2024-06-26,22,5,6,2,0,26.0,0,44,6,0.0,38,0,0
2024-06-27,23,5,6,3,0,27.2,0,38,4,0.0,34,0,0
2024-06-28,24,5,6,4,0,31.2,0,34,15,0.0,19,0,0
2024-06-29,25,5,6,5,1,27.8,0,19,7,0.0,12,0,0
2024-06-30,26,5,6,6,1,27.4,0,12,7,0.0,5,0,0
2024-07-01,27,5,6,0,0,29.5,0,5,10,0.0,46,51,0
2024-07-02,28,5,6,1,0,28.0,0,46,5,0.0,41,0,0
2024-07-03,29,5,6,2,0,27.3,0,41,9,0.0,32,0,0
2024-07-04,30,5,6,3,0,28.6,0,32,3,0.0,29,0,0
2024-07-05,31,5,6,4,0,27.6,0,29,8,0.0,21,0,0
2024-07-06,32,5,6,5,1,29.8,0,21,8,0.0,13,0,0
2024-07-07,33,5,6,6,1,27.0,0,13,13,0.0,0,0,0
2024-07-08,34,5,6,0,0,28.7,0,0,7,0.0,49,56,0
2024-07-09,35,5,6,1,0,31.4,0,49,5,0.0,44,0,0
2024-07-10,36,5,6,2,0,27.1,0,44,4,0.0,40,0,0
2024-07-11,37,5,6,3,0,25.1,0,40,3,0.0,37,0,0
2024-07-12,38,5,6,4,0,29.4,0,37,5,0.0,32,0,0
2024-07-13,39,5,6,5,1,29.4,0,32,10,0.0,22,0,0
2024-07-14,40,5,6,6,1,27.3,0,22,10,0.0,12,0,0
2024-07-15,41,5,6,0,0,28.4,0,12,7,0.0,49,44,0
2024-07-16,42,5,6,1,0,28.2,0,49,7,0.0,42,0,0
2024-07-17,43,5,6,2,0,26.0,0,42,7,0.0,35,0,0
2024-07-18,44,5,6,3,0,28.6,0,35,6,0.0,29,0,0
2024-06-04,0,5,7,1,0,29.9,0,25,5,0.0,20,0,0
2024-06-05,1,5,7,2,0,30.0,0,20,2,0.0,18,0,0
2024-06-06,2,5,7,3,0,27.6,0,18,1,0.0,17,0,0
2024-06-07,3,5,7,4,0,30.6,0,17,6,0.0,11,0,0
2024-06-08,4,5,7,5,1,28.7,0,11,10,0.0,1,0,0
2024-06-09,5,5,7,6,1,22.7,0,1,1,0.0,0,0,0
2024-06-10,6,5,7,0,0,27.9,0,0,2,0.0,31,33,0
2024-06-11,7,5,7,1,0,27.6,0,31,5,0.0,26,0,0
2024-06-12,8,5,7,2,0,26.3,0,26,4,0.0,22,0,0
2024-06-13,9,5,7,3,0,27.7,0,22,4,0.0,18,0,0
2024-06-14,10,5,7,4,0,27.5,0,18,3,0.0,15,0,0
2024-06-15,11,5,7,5,1,28.7,0,15,8,0.0,7,0,0
2024-06-16,12,5,7,6,1,29.8,0,7,4,0.0,3,0,0
2024-06-17,13,5,7,0,0,27.8,0,3,3,0.0,30,30,0
2024-06-18,14,5,7,1,0,27.9,0,30,3,0.0,27,0,0
2024-06-19,15,5,7,2,0,24.7,0,27,3,0.0,24,0,0
2024-06-20,16,5,7,3,0,28.2,0,24,0,0.0,24,0,0
2024-06-21,17,5,7,4,0,27.4,0,24,6,0.0,18,0,0
2024-06-22,18,5,7,5,1,29.5,0,18,3,0.0,15,0,0
2024-06-23,19,5,7,6,1,31.1,0,15,5,0.0,10,0,0
2024-06-24,20,5,7,0,0,28.2,0,10,2,0.0,31,23,0
2024-06-25,21,5,7,1,0,28.6,0,31,6,0.0,25,0,0
2024-06-26,22,5,7,2,0,26.0,0,25,4,0.0,21,0,0
2024-06-27,23,5,7,3,0,27.2,0,21,5,0.0,16,0,0
2024-06-28,24,5,7,4,0,31.2,0,16,3,0.0,13,0,0
2024-06-29,25,5,7,5,1,27.8,0,13,6,0.0,7,0,0
2024-06-30,26,5,7,6,1,27.4,0,7,7,0.0,0,0,0
2024-07-01,27,5,7,0,0,29.5,0,0,4,0.0,29,33,0
2024-07-02,28,5,7,1,0,28.0,0,29,6,0.0,23,0,0
2024-07-03,29,5,7,2,0,27.3,0,23,6,0.0,17,0,0
2024-07-04,30,5,7,3,0,28.6,0,17,2,0.0,15,0,0
2024-07-05,31,5,7,4,0,27.6,0,15,4,0.0,11,0,0
2024-07-06,32,5,7,5,1,29.8,0,11,6,0.0,5,0,0
2024-07-07,33,5,7,6,1,27.0,0,5,3,0.0,2,0,0
2024-07-08,34,5,7,0,0,28.7,0,2,9,0.0,24,31,0
2024-07-09,35,5,7,1,0,31.4,0,24,2,0.0,22,0,0
2024-07-10,36,5,7,2,0,27.1,0,22,4,0.0,18,0,0
2024-07-11,37,5,7,3,0,25.1,0,18,2,0.0,16,0,0
2024-07-12,38,5,7,4,0,29.4,0,16,3,0.0,13,0,0
2024-07-13,39,5,7,5,1,29.4,0,13,5,0.0,8,0,0
2024-07-14,40,5,7,6,1,27.3,0,8,5,0.0,3,0,0
2024-07-15,41,5,7,0,0,28.4,0,3,1,0.0,32,30,0
2024-07-16,42,5,7,1,0,28.2,0,32,4,0.0,28,0,0
2024-07-17,43,5,7,2,0,26.0,0,28,4,0.0,24,0,0
2024-07-18,44,5,7,3,0,28.6,0,24,5,0.0,19,0,0
2024-06-04,0,5,8,1,0,29.9,0,258,43,0.0,215,0,0
2024-06-05,1,5,8,2,0,30.0,0,215,45,0.0,170,0,0
2024-06-06,2,5,8,3,0,27.6,0,170,26,0.0,144,0,0
2024-06-07,3,5,8,4,0,30.6,0,144,39,0.0,105,0,0
2024-06-08,4,5,8,5,1,28.7,0,105,46,0.0,59,0,0
2024-06-09,5,5,8,6,1,22.7,0,59,26,0.0,33,0,0
2024-06-10,6,5,8,0,0,27.9,0,33,31,0.0,267,265,0
2024-06-11,7,5,8,1,0,27.6,0,267,32,0.0,235,0,0
2024-06-12,8,5,8,2,0,26.3,0,235,35,0.0,200,0,0
2024-06-13,9,5,8,3,0,27.7,0,200,36,0.0,164,0,0
2024-06-14,10,5,8,4,0,27.5,0,164,30,0.0,134,0,0
2024-06-15,11,5,8,5,1,28.7,0,134,49,0.0,85,0,0
2024-06-16,12,5,8,6,1,29.8,0,85,41,0.0,44,0,0
2024-06-17,13,5,8,0,0,27.8,0,44,42,0.0,256,254,0
2024-06-18,14,5,8,1,0,27.9,0,256,30,0.0,226,0,0
2024-06-19,15,5,8,2,0,24.7,0,226,31,0.0,195,0,0
2024-06-20,16,5,8,3,0,28.2,0,195,42,0.0,153,0,0
2024-06-21,17,5,8,4,0,27.4,0,153,28,0.0,125,0,0
2024-06-22,18,5,8,5,1,29.5,0,125,51,0.0,74,0,0
2024-06-23,19,5,8,6,1,31.1,0,74,43,0.0,31,0,0
2024-06-24,20,5,8,0,0,28.2,0,31,43,0.0,255,267,0
2024-06-25,21,5,8,1,0,28.6,0,255,41,0.0,214,0,0
2024-06-26,22,5,8,2,0,26.0,0,214,61,0.0,153,0,0
2024-06-27,23,5,8,3,0,27.2,0,153,43,0.0,110,0,0
2024-06-28,24,5,8,4,0,31.2,0,110,34,0.0,76,0,0
2024-06-29,25,5,8,5,1,27.8,0,76,35,0.0,41,0,0
2024-06-30,26,5,8,6,1,27.4,0,41,41,0.0,0,0,0
2024-07-01,27,5,8,0,0,29.5,0,0,39,0.0,259,298,0
2024-07-02,28,5,8,1,0,28.0,0,259,42,0.0,217,0,0
2024-07-03,29,5,8,2,0,27.3,0,217,32,0.0,185,0,0
2024-07-04,30,5,8,3,0,28.6,0,185,50,0.0,135,0,0
2024-07-05,31,5,8,4,0,27.6,0,135,30,0.0,105,0,0
2024-07-06,32,5,8,5,1,29.8,0,105,28,0.0,77,0,0
2024-07-07,33,5,8,6,1,27.0,0,77,34,0.0,43,0,0
2024-07-08,34,5,8,0,0,28.7,0,43,32,0.0,266,255,0
2024-07-09,35,5,8,1,0,31.4,0,266,41,0.0,225,0,0
2024-07-10,36,5,8,2,0,27.1,0,225,35,0.0,190,0,0
2024-07-11,37,5,8,3,0,25.1,0,190,29,0.0,161,0,0
2024-07-12,38,5,8,4,0,29.4,0,161,40,0.0,121,0,0
2024-07-13,39,5,8,5,1,29.4,0,121,41,0.0,80,0,0
2024-07-14,40,5,8,6,1,27.3,0,80,40,0.0,40,0,0
2024-07-15,41,5,8,0,0,28.4,0,40,32,0.0,266,258,0
2024-07-16,42,5,8,1,0,28.2,0,266,35,0.0,231,0,0
2024-07-17,43,5,8,2,0,26.0,0,231,30,0.0,201,0,0
2024-07-18,44,5,8,3,0,28.6,0,201,45,0.0,156,0,0
2024-06-04,0,5,9,1,0,29.9,0,12,21,0.0,10,19,0
2024-06-05,1,5,9,2,0,30.0,0,10,21,0.0,10,21,0
2024-06-06,2,5,9,3,0,27.6,0,10,23,0.0,8,21,0
2024-06-07,3,5,9,4,0,30.6,0,8,31,0.0,0,23,0
2024-06-08,4,5,9,5,1,28.7,0,0,29,0.0,2,31,0
2024-06-09,5,5,9,6,1,22.7,0,2,29,0.0,2,29,0
2024-06-10,6,5,9,0,0,27.9,0,2,19,0.0,12,29,0
2024-06-11,7,5,9,1,0,27.6,0,12,12,0.0,19,19,0
2024-06-12,8,5,9,2,0,26.3,0,19,15,0.0,16,12,0
2024-06-13,9,5,9,3,0,27.7,0,16,14,0.0,17,15,0
2024-06-14,10,5,9,4,0,27.5,0,17,18,0.0,13,14,0
2024-06-15,11,5,9,5,1,28.7,0,13,21,0.0,10,18,0
2024-06-16,12,5,9,6,1,29.8,0,10,24,0.0,7,21,0
2024-06-17,13,5,9,0,0,27.8,0,7,18,0.0,13,24,0
2024-06-18,14,5,9,1,0,27.9,0,13,23,0.0,8,18,0
2024-06-19,15,5,9,2,0,24.7,0,8,16,0.0,15,23,0
2024-06-20,16,5,9,3,0,28.2,0,15,21,0.0,10,16,0
2024-06-21,17,5,9,4,0,27.4,0,10,18,0.0,13,21,0
2024-06-22,18,5,9,5,1,29.5,0,13,19,0.0,12,18,0
2024-06-23,19,5,9,6,1,31.1,0,12,25,0.0,6,19,0
2024-06-24,20,5,9,0,0,28.2,0,6,24,0.0,7,25,0
2024-06-25,21,5,9,1,0,28.6,0,7,16,0.0,15,24,0
2024-06-26,22,5,9,2,0,26.0,0,15,16,0.0,15,16,0
2024-06-27,23,5,9,3,0,27.2,0,15,16,0.0,15,16,0
2024-06-28,24,5,9,4,0,31.2,0,15,19,0.0,12,16,0
2024-06-29,25,5,9,5,1,27.8,0,12,24,0.0,7,19,0
2024-06-30,26,5,9,6,1,27.4,0,7,18,0.0,13,24,0
2024-07-01,27,5,9,0,0,29.5,0,13,19,0.0,12,18,0
2024-07-02,28,5,9,1,0,28.0,0,12,19,0.0,12,19,0
2024-07-03,29,5,9,2,0,27.3,0,12,11,0.0,20,19,0
2024-07-04,30,5,9,3,0,28.6,0,20,18,0.0,13,11,0
2024-07-05,31,5,9,4,0,27.6,0,13,30,0.0,1,18,0
2024-07-06,32,5,9,5,1,29.8,0,1,25,0.0,6,30,0
2024-07-07,33,5,9,6,1,27.0,0,6,10,0.0,21,25,0
2024-07-08,34,5,9,0,0,28.7,0,21,19,0.0,12,10,0
2024-07-09,35,5,9,1,0,31.4,0,12,19,0.0,12,19,0
2024-07-10,36,5,9,2,0,27.1,0,12,15,0.0,16,19,0
2024-07-11,37,5,9,3,0,25.1,0,16,17,0.0,14,15,0
2024-07-12,38,5,9,4,0,29.4,0,14,20,0.0,11,17,0
2024-07-13,39,5,9,5,1,29.4,0,11,22,0.0,9,20,0
2024-07-14,40,5,9,6,1,27.3,0,9,16,0.0,15,22,0
2024-07-15,41,5,9,0,0,28.4,0,15,15,0.0,16,16,0
2024-07-16,42,5,9,1,0,28.2,0,16,17,0.0,14,15,0
2024-07-17,43,5,9,2,0,26.0,0,14,23,0.0,8,17,0
2024-07-18,44,5,9,3,0,28.6,0,8,15,0.0,16,23,0
2024-06-04,0,5,10,1,0,29.9,0,152,26,0.0,126,0,0
2024-06-05,1,5,10,2,0,30.0,0,126,21,0.0,105,0,0
2024-06-06,2,5,10,3,0,27.6,0,105,28,0.0,77,0,0
2024-06-07,3,5,10,4,0,30.6,0,77,17,0.0,60,0,0
2024-06-08,4,5,10,5,1,28.7,0,60,29,0.0,31,0,0
2024-06-09,5,5,10,6,1,22.7,0,31,31,0.0,0,0,0
2024-06-10,6,5,10,0,0,27.9,0,0,23,0.0,144,167,0
2024-06-11,7,5,10,1,0,27.6,0,144,16,0.0,128,0,0
2024-06-12,8,5,10,2,0,26.3,0,128,17,0.0,111,0,0
2024-06-13,9,5,10,3,0,27.7,0,111,21,0.0,90,0,0
2024-06-14,10,5,10,4,0,27.5,0,90,28,0.0,62,0,0
2024-06-15,11,5,10,5,1,28.7,0,62,27,0.0,35,0,0
2024-06-16,12,5,10,6,1,29.8,0,35,34,0.0,1,0,0
2024-06-17,13,5,10,0,0,27.8,0,1,15,0.0,152,166,0
2024-06-18,14,5,10,1,0,27.9,0,152,20,0.0,132,0,0
2024-06-19,15,5,10,2,0,24.7,0,132,19,0.0,113,0,0
2024-06-20,16,5,10,3,0,28.2,0,113,16,0.0,97,0,0
2024-06-21,17,5,10,4,0,27.4,0,97,9,0.0,88,0,0
2024-06-22,18,5,10,5,1,29.5,0,88,25,0.0,63,0,0
2024-06-23,19,5,10,6,1,31.1,0,63,24,0.0,39,0,0
2024-06-24,20,5,10,0,0,28.2,0,39,15,0.0,152,128,0
2024-06-25,21,5,10,1,0,28.6,0,152,15,0.0,137,0,0
2024-06-26,22,5,10,2,0,26.0,0,137,25,0.0,112,0,0
2024-06-27,23,5,10,3,0,27.2,0,112,22,0.0,90,0,0
2024-06-28,24,5,10,4,0,31.2,0,90,13,0.0,77,0,0
2024-06-29,25,5,10,5,1,27.8,0,77,16,0.0,61,0,0
2024-06-30,26,5,10,6,1,27.4,0,61,28,0.0,33,0,0
2024-07-01,27,5,10,0,0,29.5,0,33,21,0.0,146,134,0
2024-07-02,28,5,10,1,0,28.0,0,146,14,0.0,132,0,0
2024-07-03,29,5,10,2,0,27.3,0,132,15,0.0,117,0,0
2024-07-04,30,5,10,3,0,28.6,0,117,18,0.0,99,0,0
2024-07-05,31,5,10,4,0,27.6,0,99,15,0.0,84,0,0
2024-07-06,32,5,10,5,1,29.8,0,84,20,0.0,64,0,0
2024-07-07,33,5,10,6,1,27.0,0,64,16,0.0,48,0,0
2024-07-08,34,5,10,0,0,28.7,0,48,23,0.0,144,119,0
2024-07-09,35,5,10,1,0,31.4,0,144,22,0.0,122,0,0
2024-07-10,36,5,10,2,0,27.1,0,122,15,0.0,107,0,0
2024-07-11,37,5,10,3,0,25.1,0,107,20,0.0,87,0,0
2024-07-12,38,5,10,4,0,29.4,0,87,10,0.0,77,0,0
2024-07-13,39,5,10,5,1,29.4,0,77,19,0.0,58,0,0
2024-07-14,40,5,10,6,1,27.3,0,58,21,0.0,37,0,0
2024-07-15,41,5,10,0,0,28.4,0,37,14,0.0,153,130,0
2024-07-16,42,5,10,1,0,28.2,0,153,15,0.0,138,0,0
2024-07-17,43,5,10,2,0,26.0,0,138,21,0.0,117,0,0
2024-07-18,44,5,10,3,0,28.6,0,117,17,0.0,100,0,0
2024-06-04,0,5,11,1,0,29.9,0,84,14,0.0,70,0,0
2024-06-05,1,5,11,2,0,30.0,0,70,10,0.0,60,0,0
2024-06-06,2,5,11,3,0,27.6,0,60,6,0.0,54,0,0
2024-06-07,3,5,11,4,0,30.6,0,54,11,0.0,43,0,0
2024-06-08,4,5,11,5,1,28.7,0,43,17,0.0,26,0,0
2024-06-09,5,5,11,6,1,22.7,0,26,16,0.0,10,0,0
2024-06-10,6,5,11,0,0,27.9,0,10,14,0.0,79,83,0
2024-06-11,7,5,11,1,0,27.6,0,79,16,0.0,63,0,0
2024-06-12,8,5,11,2,0,26.3,0,63,10,0.0,53,0,0
2024-06-13,9,5,11,3,0,27.7,0,53,10,0.0,43,0,0
2024-06-14,10,5,11,4,0,27.5,0,43,15,0.0,28,0,0
2024-06-15,11,5,11,5,1,28.7,0,28,15,0.0,13,0,0
2024-06-16,12,5,11,6,1,29.8,0,13,13,0.0,0,0,0
2024-06-17,13,5,11,0,0,27.8,0,0,8,0.0,85,93,0
2024-06-18,14,5,11,1,0,27.9,0,85,10,0.0,75,0,0
2024-06-19,15,5,11,2,0,24.7,0,75,9,0.0,66,0,0
2024-06-20,16,5,11,3,0,28.2,0,66,14,0.0,52,0,0
2024-06-21,17,5,11,4,0,27.4,0,52,14,0.0,38,0,0
2024-06-22,18,5,11,5,1,29.5,0,38,14,0.0,24,0,0
2024-06-23,19,5,11,6,1,31.1,0,24,7,0.0,17,0,0
2024-06-24,20,5,11,0,0,28.2,0,17,11,0.0,82,76,0
2024-06-25,21,5,11,1,0,28.6,0,82,13,0.0,69,0,0
2024-06-26,22,5,11,2,0,26.0,0,69,10,0.0,59,0,0
2024-06-27,23,5,11,3,0,27.2,0,59,10,0.0,49,0,0
2024-06-28,24,5,11,4,0,31.2,0,49,9,0.0,40,0,0
2024-06-29,25,5,11,5,1,27.8,0,40,18,0.0,22,0,0
2024-06-30,26,5,11,6,1,27.4,0,22,10,0.0,12,0,0
2024-07-01,27,5,11,0,0,29.5,0,12,9,0.0,84,81,0
2024-07-02,28,5,11,1,0,28.0,0,84,9,0.0,75,0,0
2024-07-03,29,5,11,2,0,27.3,0,75,15,0.0,60,0,0
2024-07-04,30,5,11,3,0,28.6,0,60,16,0.0,44,0,0
2024-07-05,31,5,11,4,0,27.6,0,44,7,0.0,37,0,0
2024-07-06,32,5,11,5,1,29.8,0,37,15,0.0,22,0,0
2024-07-07,33,5,11,6,1,27.0,0,22,16,0.0,6,0,0
2024-07-08,34,5,11,0,0,28.7,0,6,15,0.0,78,87,0
2024-07-09,35,5,11,1,0,31.4,0,78,18,0.0,60,0,0
2024-07-10,36,5,11,2,0,27.1,0,60,6,0.0,54,0,0
2024-07-11,37,5,11,3,0,25.1,0,54,8,0.0,46,0,0
2024-07-12,38,5,11,4,0,29.4,0,46,15,0.0,31,0,0
2024-07-13,39,5,11,5,1,29.4,0,31,18,0.0,13,0,0
2024-07-14,40,5,11,6,1,27.3,0,13,13,0.0,0,0,0
2024-07-15,41,5,11,0,0,28.4,0,0,9,0.0,84,93,0
2024-07-16,42,5,11,1,0,28.2,0,84,8,0.0,76,0,0
2024-07-17,43,5,11,2,0,26.0,0,76,17,0.0,59,0,0
2024-07-18,44,5,11,3,0,28.6,0,59,12,0.0,47,0,0
2024-06-04,0,5,12,1,0,29.9,0,1,11,0.0,64,74,0
2024-06-05,1,5,12,2,0,30.0,0,64,13,0.0,51,0,0
2024-06-06,2,5,12,3,0,27.6,0,51,18,0.0,33,0,0
2024-06-07,3,5,12,4,0,30.6,0,33,10,0.0,23,0,0
2024-06-08,4,5,12,5,1,28.7,0,23,13,0.0,10,0,0
2024-06-09,5,5,12,6,1,22.7,0,10,9,0.0,66,65,0
2024-06-10,6,5,12,0,0,27.9,0,66,12,0.0,54,0,0
2024-06-11,7,5,12,1,0,27.6,0,54,18,0.0,36,0,0
2024-06-12,8,5,12,2,0,26.3,0,36,9,0.0,27,0,0
2024-06-13,9,5,12,3,0,27.7,0,27,6,0.0,21,0,0
2024-06-14,10,5,12,4,0,27.5,0,21,5,0.0,70,54,0
2024-06-15,11,5,12,5,1,28.7,0,70,7,0.0,63,0,0
2024-06-16,12,5,12,6,1,29.8,0,63,9,0.0,54,0,0
2024-06-17,13,5,12,0,0,27.8,0,54,13,0.0,41,0,0
2024-06-18,14,5,12,1,0,27.9,0,41,8,0.0,33,0,0
2024-06-19,15,5,12,2,0,24.7,0,33,12,0.0,63,42,0
2024-06-20,16,5,12,3,0,28.2,0,63,11,0.0,52,0,0
2024-06-21,17,5,12,4,0,27.4,0,52,7,0.0,45,0,0
2024-06-22,18,5,12,5,1,29.5,0,45,17,0.0,28,0,0
2024-06-23,19,5,12,6,1,31.1,0,28,14,0.0,14,0,0
2024-06-24,20,5,12,0,0,28.2,0,14,9,0.0,66,61,0
2024-06-25,21,5,12,1,0,28.6,0,66,9,0.0,57,0,0
2024-06-26,22,5,12,2,0,26.0,0,57,15,0.0,42,0,0
2024-06-27,23,5,12,3,0,27.2,0,42,13,0.0,29,0,0
2024-06-28,24,5,12,4,0,31.2,0,29,5,0.0,24,0,0
2024-06-29,25,5,12,5,1,27.8,0,24,8,0.0,67,51,0
2024-06-30,26,5,12,6,1,27.4,0,67,10,0.0,57,0,0
2024-07-01,27,5,12,0,0,29.5,0,57,11,0.0,46,0,0
2024-07-02,28,5,12,1,0,28.0,0,46,13,0.0,33,0,0
2024-07-03,29,5,12,2,0,27.3,0,33,12,0.0,21,0,0
2024-07-04,30,5,12,3,0,28.6,0,21,22,0.0,53,54,0
2024-07-05,31,5,12,4,0,27.6,0,53,6,0.0,47,0,0
2024-07-06,32,5,12,5,1,29.8,0,47,18,0.0,29,0,0
2024-07-07,33,5,12,6,1,27.0,0,29,16,0.0,13,0,0
2024-07-08,34,5,12,0,0,28.7,0,13,13,0.0,0,0,0
2024-07-09,35,5,12,1,0,31.4,0,0,17,0.0,58,75,0
2024-07-10,36,5,12,2,0,27.1,0,58,13,0.0,45,0,0
2024-07-11,37,5,12,3,0,25.1,0,45,9,0.0,36,0,0
2024-07-12,38,5,12,4,0,29.4,0,36,9,0.0,27,0,0
2024-07-13,39,5,12,5,1,29.4,0,27,8,0.0,19,0,0
2024-07-14,40,5,12,6,1,27.3,0,19,12,0.0,63,56,0
2024-07-15,41,5,12,0,0,28.4,0,63,4,0.0,59,0,0
2024-07-16,42,5,12,1,0,28.2,0,59,11,0.0,48,0,0
2024-07-17,43,5,12,2,0,26.0,0,48,7,0.0,41,0,0
2024-07-18,44,5,12,3,0,28.6,0,41,14,0.0,27,0,0
2024-06-04,0,6,1,1,0,30.9,0,290,46,0.0,244,0,0
2024-06-05,1,6,1,2,0,29.2,0,244,47,0.0,197,0,0
2024-06-06,2,6,1,3,0,26.6,0,197,39,0.0,158,0,0
2024-06-07,3,6,1,4,0,33.8,0,158,47,0.0,111,0,0
2024-06-08,4,6,1,5,1,31.7,0,111,50,0.0,61,0,0
2024-06-09,5,6,1,6,1,31.4,0,61,42,0.0,19,0,0
2024-06-10,6,6,1,0,0,29.9,0,19,36,0.0,312,329,0
2024-06-11,7,6,1,1,0,28.2,0,312,30,0.0,282,0,0
2024-06-12,8,6,1,2,0,30.7,0,282,47,0.0,235,0,0
2024-06-13,9,6,1,3,0,33.1,0,235,43,0.0,192,0,0
2024-06-14,10,6,1,4,0,32.7,0,192,46,0.0,146,0,0
2024-06-15,11,6,1,5,1,29.9,0,146,45,0.0,101,0,0
2024-06-16,12,6,1,6,1,30.2,0,101,43,0.0,58,0,0
2024-06-17,13,6,1,0,0,28.3,0,58,38,0.0,310,290,0
2024-06-18,14,6,1,1,0,29.4,0,310,56,0.0,254,0,0
2024-06-19,15,6,1,2,0,30.8,0,254,41,0.0,213,0,0
2024-06-20,16,6,1,3,0,30.1,0,213,54,0.0,159,0,0
2024-06-21,17,6,1,4,0,30.4,0,159,41,0.0,118,0,0
2024-06-22,18,6,1,5,1,33.0,0,118,61,0.0,57,0,0
2024-06-23,19,6,1,6,1,31.0,0,57,57,0.0,0,0,0
2024-06-24,20,6,1,0,0,31.4,0,0,45,0.0,303,348,0
2024-06-25,21,6,1,1,0,30.6,0,303,57,0.0,246,0,0
2024-06-26,22,6,1,2,0,29.5,0,246,52,0.0,194,0,0
2024-06-27,23,6,1,3,0,30.9,0,194,40,0.0,154,0,0
2024-06-28,24,6,1,4,0,29.5,0,154,43,0.0,111,0,0
2024-06-29,25,6,1,5,1,29.3,0,111,58,0.0,53,0,0
2024-06-30,26,6,1,6,1,29.8,0,53,44,0.0,9,0,0
2024-07-01,27,6,1,0,0,30.1,0,9,40,0.0,308,339,0
2024-07-02,28,6,1,1,0,30.0,0,308,43,0.0,265,0,0
2024-07-03,29,6,1,2,0,30.1,0,265,39,0.0,226,0,0
2024-07-04,30,6,1,3,0,29.9,0,226,31,0.0,195,0,0
2024-07-05,31,6,1,4,0,29.6,0,195,51,0.0,144,0,0
2024-07-06,32,6,1,5,1,29.8,0,144,47,0.0,97,0,0
2024-07-07,33,6,1,6,1,28.9,0,97,44,0.0,53,0,0
2024-07-08,34,6,1,0,0,29.1,0,53,33,0.0,315,295,0
2024-07-09,35,6,1,1,0,28.5,0,315,52,0.0,263,0,0
2024-07-10,36,6,1,2,0,31.9,0,263,44,0.0,219,0,0
2024-07-11,37,6,1,3,0,30.5,0,219,38,0.0,181,0,0
2024-07-12,38,6,1,4,0,30.7,0,181,41,0.0,140,0,0
2024-07-13,39,6,1,5,1,30.2,0,140,37,0.0,103,0,0
2024-07-14,40,6,1,6,1,30.1,0,103,76,0.0,27,0,0
2024-07-15,41,6,1,0,0,28.7,0,27,44,0.0,304,321,0
2024-07-16,42,6,1,1,0,34.2,0,304,57,0.0,247,0,0
2024-07-17,43,6,1,2,0,29.1,0,247,46,0.0,201,0,0
2024-07-18,44,6,1,3,0,28.5,0,201,47,0.0,154,0,0
2024-06-04,0,6,2,1,0,30.9,0,14,20,0.0,11,17,0
2024-06-05,1,6,2,2,0,29.2,0,11,16,0.0,15,20,0
2024-06-06,2,6,2,3,0,26.6,0,15,16,0.0,15,16,0
2024-06-07,3,6,2,4,0,33.8,0,15,14,0.0,17,16,0
2024-06-08,4,6,2,5,1,31.7,0,17,23,0.0,8,14,0
2024-06-09,5,6,2,6,1,31.4,0,8,21,0.0,10,23,0
2024-06-10,6,6,2,0,0,29.9,0,10,25,0.0,6,21,0
2024-06-11,7,6,2,1,0,28.2,0,6,21,0.0,10,25,0
2024-06-12,8,6,2,2,0,30.7,0,10,19,0.0,12,21,0
2024-06-13,9,6,2,3,0,33.1,0,12,13,0.0,18,19,0
2024-06-14,10,6,2,4,0,32.7,0,18,22,0.0,9,13,0
2024-06-15,11,6,2,5,1,29.9,0,9,17,0.0,14,22,0
2024-06-16,12,6,2,6,1,30.2,0,14,22,0.0,9,17,0
2024-06-17,13,6,2,0,0,28.3,0,9,23,0.0,8,22,0
2024-06-18,14,6,2,1,0,29.4,0,8,10,0.0,21,23,0
2024-06-19,15,6,2,2,0,30.8,0,21,21,0.0,10,10,0
2024-06-20,16,6,2,3,0,30.1,0,10,14,0.0,17,21,0
2024-06-21,17,6,2,4,0,30.4,0,17,12,0.0,19,14,0
2024-06-22,18,6,2,5,1,33.0,0,19,28,0.0,3,12,0
2024-06-23,19,6,2,6,1,31.0,0,3,23,0.0,8,28,0
2024-06-24,20,6,2,0,0,31.4,0,8,19,0.0,12,23,0
2024-06-25,21,6,2,1,0,30.6,0,12,16,0.0,15,19,0
2024-06-26,22,6,2,2,0,29.5,0,15,16,0.0,15,16,0
2024-06-27,23,6,2,3,0,30.9,0,15,16,0.0,15,16,0
2024-06-28,24,6,2,4,0,29.5,0,15,16,0.0,15,16,0
2024-06-29,25,6,2,5,1,29.3,0,15,21,0.0,10,16,0
2024-06-30,26,6,2,6,1,29.8,0,10,26,0.0,5,21,0
2024-07-01,27,6,2,0,0,30.1,0,5,12,0.0,19,26,0
2024-07-02,28,6,2,1,0,30.0,0,19,19,0.0,12,12,0
2024-07-03,29,6,2,2,0,30.1,0,12,24,0.0,7,19,0
2024-07-04,30,6,2,3,0,29.9,0,7,10,0.0,21,24,0
2024-07-05,31,6,2,4,0,29.6,0,21,21,0.0,10,10,0
2024-07-06,32,6,2,5,1,29.8,0,10,24,0.0,7,21,0
2024-07-07,33,6,2,6,1,28.9,0,7,19,0.0,12,24,0
2024-07-08,34,6,2,0,0,29.1,0,12,27,0.0,4,19,0
2024-07-09,35,6,2,1,0,28.5,0,4,23,0.0,8,27,0
2024-07-10,36,6,2,2,0,31.9,0,8,17,0.0,14,23,0
2024-07-11,37,6,2,3,0,30.5,0,14,19,0.0,12,17,0
2024-07-12,38,6,2,4,0,30.7,0,12,24,0.0,7,19,0
2024-07-13,39,6,2,5,1,30.2,0,7,26,0.0,5,24,0
2024-07-14,40,6,2,6,1,30.1,0,5,31,0.0,0,26,0
2024-07-15,41,6,2,0,0,28.7,0,0,17,0.0,14,31,0
2024-07-16,42,6,2,1,0,34.2,0,14,23,0.0,8,17,0
2024-07-17,43,6,2,2,0,29.1,0,8,17,0.0,14,23,0
2024-07-18,44,6,2,3,0,28.5,0,14,17,0.0,14,17,0
2024-06-04,0,6,3,1,0,30.9,0,182,31,0.0,151,0,0
2024-06-05,1,6,3,2,0,29.2,0,151,43,0.0,108,0,0
2024-06-06,2,6,3,3,0,26.6,0,108,17,0.0,91,0,0
2024-06-07,3,6,3,4,0,33.8,0,91,17,0.0,74,0,0
2024-06-08,4,6,3,5,1,31.7,0,74,37,0.0,37,0,0
2024-06-09,5,6,3,6,1,31.4,0,37,21,0.0,16,0,0
2024-06-10,6,6,3,0,0,29.9,0,16,31,0.0,173,188,0
2024-06-11,7,6,3,1,0,28.2,0,173,28,0.0,145,0,0
2024-06-12,8,6,3,2,0,30.7,0,145,23,0.0,122,0,0
2024-06-13,9,6,3,3,0,33.1,0,122,32,0.0,90,0,0
2024-06-14,10,6,3,4,0,32.7,0,90,23,0.0,67,0,0
2024-06-15,11,6,3,5,1,29.9,0,67,35,0.0,32,0,0
2024-06-16,12,6,3,6,1,30.2,0,32,32,0.0,0,0,0
2024-06-17,13,6,3,0,0,28.3,0,0,21,0.0,183,204,0
2024-06-18,14,6,3,1,0,29.4,0,183,27,0.0,156,0,0
2024-06-19,15,6,3,2,0,30.8,0,156,33,0.0,123,0,0
2024-06-20,16,6,3,3,0,30.1,0,123,20,0.0,103,0,0
2024-06-21,17,6,3,4,0,30.4,0,103,21,0.0,82,0,0
2024-06-22,18,6,3,5,1,33.0,0,82,25,0.0,57,0,0
2024-06-23,19,6,3,6,1,31.0,0,57,38,0.0,19,0,0
2024-06-24,20,6,3,0,0,31.4,0,19,21,0.0,183,185,0
2024-06-25,21,6,3,1,0,30.6,0,183,28,0.0,155,0,0
2024-06-26,22,6,3,2,0,29.5,0,155,28,0.0,127,0,0
2024-06-27,23,6,3,3,0,30.9,0,127,17,0.0,110,0,0
2024-06-28,24,6,3,4,0,29.5,0,110,17,0.0,93,0,0
2024-06-29,25,6,3,5,1,29.3,0,93,30,0.0,63,0,0
2024-06-30,26,6,3,6,1,29.8,0,63,22,0.0,41,0,0
2024-07-01,27,6,3,0,0,30.1,0,41,19,0.0,185,163,0
2024-07-02,28,6,3,1,0,30.0,0,185,25,0.0,160,0,0
2024-07-03,29,6,3,2,0,30.1,0,160,24,0.0,136,0,0
2024-07-04,30,6,3,3,0,29.9,0,136,23,0.0,113,0,0
2024-07-05,31,6,3,4,0,29.6,0,113,23,0.0,90,0,0
2024-07-06,32,6,3,5,1,29.8,0,90,33,0.0,57,0,0
2024-07-07,33,6,3,6,1,28.9,0,57,20,0.0,37,0,0
2024-07-08,34,6,3,0,0,29.1,0,37,29,0.0,175,167,0
2024-07-09,35,6,3,1,0,28.5,0,175,30,0.0,145,0,0
2024-07-10,36,6,3,2,0,31.9,0,145,20,0.0,125,0,0
2024-07-11,37,6,3,3,0,30.5,0,125,30,0.0,95,0,0
2024-07-12,38,6,3,4,0,30.7,0,95,25,0.0,70,0,0
2024-07-13,39,6,3,5,1,30.2,0,70,29,0.0,41,0,0
2024-07-14,40,6,3,6,1,30.1,0,41,32,0.0,9,0,0
2024-07-15,41,6,3,0,0,28.7,0,9,31,0.0,173,195,0
2024-07-16,42,6,3,1,0,34.2,0,173,21,0.0,152,0,0
2024-07-17,43,6,3,2,0,29.1,0,152,27,0.0,125,0,0
2024-07-18,44,6,3,3,0,28.5,0,125,21,0.0,104,0,0
2024-06-04,0,6,4,1,0,30.9,0,157,21,0.0,136,0,0
2024-06-05,1,6,4,2,0,29.2,0,136,21,0.0,115,0,0
2024-06-06,2,6,4,3,0,26.6,0,115,24,0.0,91,0,0
2024-06-07,3,6,4,4,0,33.8,0,91,20,0.0,71,0,0
2024-06-08,4,6,4,5,1,31.7,0,71,29,0.0,42,0,0
2024-06-09,5,6,4,6,1,31.4,0,42,25,0.0,17,0,0
2024-06-10,6,6,4,0,0,29.9,0,17,30,0.0,154,167,0
2024-06-11,7,6,4,1,0,28.2,0,154,27,0.0,127,0,0
2024-06-12,8,6,4,2,0,30.7,0,127,26,0.0,101,0,0
2024-06-13,9,6,4,3,0,33.1,0,101,26,0.0,75,0,0
2024-06-14,10,6,4,4,0,32.7,0,75,18,0.0,57,0,0
2024-06-15,11,6,4,5,1,29.9,0,57,33,0.0,24,0,0
2024-06-16,12,6,4,6,1,30.2,0,24,24,0.0,0,0,0
2024-06-17,13,6,4,0,0,28.3,0,0,22,0.0,162,184,0
2024-06-18,14,6,4,1,0,29.4,0,162,26,0.0,136,0,0
2024-06-19,15,6,4,2,0,30.8,0,136,18,0.0,118,0,0
2024-06-20,16,6,4,3,0,30.1,0,118,19,0.0,99,0,0
2024-06-21,17,6,4,4,0,30.4,0,99,26,0.0,73,0,0
2024-06-22,18,6,4,5,1,33.0,0,73,25,0.0,48,0,0
2024-06-23,19,6,4,6,1,31.0,0,48,24,0.0,24,0,0
2024-06-24,20,6,4,0,0,31.4,0,24,25,0.0,159,160,0
2024-06-25,21,6,4,1,0,30.6,0,159,13,0.0,146,0,0
2024-06-26,22,6,4,2,0,29.5,0,146,26,0.0,120,0,0
2024-06-27,23,6,4,3,0,30.9,0,120,21,0.0,99,0,0
2024-06-28,24,6,4,4,0,29.5,0,99,17,0.0,82,0,0
2024-06-29,25,6,4,5,1,29.3,0,82,20,0.0,62,0,0
2024-06-30,26,6,4,6,1,29.8,0,62,29,0.0,33,0,0
2024-07-01,27,6,4,0,0,30.1,0,33,23,0.0,161,151,0
2024-07-02,28,6,4,1,0,30.0,0,161,26,0.0,135,0,0
2024-07-03,29,6,4,2,0,30.1,0,135,26,0.0,109,0,0
2024-07-04,30,6,4,3,0,29.9,0,109,14,0.0,95,0,0
2024-07-05,31,6,4,4,0,29.6,0,95,22,0.0,73,0,0
2024-07-06,32,6,4,5,1,29.8,0,73,21,0.0,52,0,0
2024-07-07,33,6,4,6,1,28.9,0,52,25,0.0,27,0,0
2024-07-08,34,6,4,0,0,29.1,0,27,21,0.0,163,157,0
2024-07-09,35,6,4,1,0,28.5,0,163,20,0.0,143,0,0
2024-07-10,36,6,4,2,0,31.9,0,143,25,0.0,118,0,0
2024-07-11,37,6,4,3,0,30.5,0,118,31,0.0,87,0,0
2024-07-12,38,6,4,4,0,30.7,0,87,24,0.0,63,0,0
2024-07-13,39,6,4,5,1,30.2,0,63,27,0.0,36,0,0
2024-07-14,40,6,4,6,1,30.1,0,36,29,0.0,7,0,0
2024-07-15,41,6,4,0,0,28.7,0,7,27,0.0,157,177,0
2024-07-16,42,6,4,1,0,34.2,0,157,28,0.0,129,0,0
2024-07-17,43,6,4,2,0,29.1,0,129,28,0.0,101,0,0
2024-07-18,44,6,4,3,0,28.5,0,101,21,0.0,80,0,0
2024-06-04,0,6,5,1,0,30.9,0,71,16,0.0,55,0,0
2024-06-05,1,6,5,2,0,29.2,0,55,8,0.0,47,0,0
2024-06-06,2,6,5,3,0,26.6,0,47,11,0.0,36,0,0
2024-06-07,3,6,5,4,0,33.8,0,36,7,0.0,29,0,0
2024-06-08,4,6,5,5,1,31.7,0,29,10,0.0,19,0,0
2024-06-09,5,6,5,6,1,31.4,0,19,11,0.0,8,0,0
2024-06-10,6,6,5,0,0,29.9,0,8,13,0.0,66,71,0
2024-06-11,7,6,5,1,0,28.2,0,66,11,0.0,55,0,0
2024-06-12,8,6,5,2,0,30.7,0,55,6,0.0,49,0,0
2024-06-13,9,6,5,3,0,33.1,0,49,8,0.0,41,0,0
2024-06-14,10,6,5,4,0,32.7,0,41,14,0.0,27,0,0
2024-06-15,11,6,5,5,1,29.9,0,27,9,0.0,18,0,0
2024-06-16,12,6,5,6,1,30.2,0,18,16,0.0,2,0,0
2024-06-17,13,6,5,0,0,28.3,0,2,12,0.0,67,77,0
2024-06-18,14,6,5,1,0,29.4,0,67,8,0.0,59,0,0
2024-06-19,15,6,5,2,0,30.8,0,59,5,0.0,54,0,0
2024-06-20,16,6,5,3,0,30.1,0,54,10,0.0,44,0,0
2024-06-21,17,6,5,4,0,30.4,0,44,11,0.0,33,0,0
2024-06-22,18,6,5,5,1,33.0,0,33,7,0.0,26,0,0
2024-06-23,19,6,5,6,1,31.0,0,26,12,0.0,14,0,0
2024-06-24,20,6,5,0,0,31.4,0,14,11,0.0,68,65,0
2024-06-25,21,6,5,1,0,30.6,0,68,16,0.0,52,0,0
2024-06-26,22,6,5,2,0,29.5,0,52,10,0.0,42,0,0
2024-06-27,23,6,5,3,0,30.9,0,42,5,0.0,37,0,0
2024-06-28,24,6,5,4,0,29.5,0,37,6,0.0,31,0,0
2024-06-29,25,6,5,5,1,29.3,0,31,7,0.0,24,0,0
2024-06-30,26,6,5,6,1,29.8,0,24,13,0.0,11,0,0
2024-07-01,27,6,5,0,0,30.1,0,11,11,0.0,68,68,0
2024-07-02,28,6,5,1,0,30.0,0,68,8,0.0,60,0,0
2024-07-03,29,6,5,2,0,30.1,0,60,15,0.0,45,0,0
2024-07-04,30,6,5,3,0,29.9,0,45,5,0.0,40,0,0
2024-07-05,31,6,5,4,0,29.6,0,40,8,0.0,32,0,0
2024-07-06,32,6,5,5,1,29.8,0,32,13,0.0,19,0,0
2024-07-07,33,6,5,6,1,28.9,0,19,19,0.0,0,0,0
2024-07-08,34,6,5,0,0,29.1,0,0,12,0.0,67,79,0
2024-07-09,35,6,5,1,0,28.5,0,67,10,0.0,57,0,0
2024-07-10,36,6,5,2,0,31.9,0,57,9,0.0,48,0,0
2024-07-11,37,6,5,3,0,30.5,0,48,11,0.0,37,0,0
2024-07-12,38,6,5,4,0,30.7,0,37,8,0.0,29,0,0
2024-07-13,39,6,5,5,1,30.2,0,29,11,0.0,18,0,0
2024-07-14,40,6,5,6,1,30.1,0,18,14,0.0,4,0,0
2024-07-15,41,6,5,0,0,28.7,0,4,14,0.0,65,75,0
2024-07-16,42,6,5,1,0,34.2,0,65,12,0.0,53,0,0
2024-07-17,43,6,5,2,0,29.1,0,53,11,0.0,42,0,0
2024-07-18,44,6,5,3,0,28.5,0,42,6,0.0,36,0,0
2024-06-04,0,6,6,1,0,30.9,0,34,2,0.0,32,0,0
2024-06-05,1,6,6,2,0,29.2,0,32,6,0.0,26,0,0
2024-06-06,2,6,6,3,0,26.6,0,26,5,0.0,21,0,0
2024-06-07,3,6,6,4,0,33.8,0,21,6,0.0,15,0,0
2024-06-08,4,6,6,5,1,31.7,0,15,7,0.0,8,0,0
2024-06-09,5,6,6,6,1,31.4,0,8,6,0.0,2,0,0
2024-06-10,6,6,6,0,0,29.9,0,2,5,0.0,34,37,0
2024-06-11,7,6,6,1,0,28.2,0,34,3,0.0,31,0,0
2024-06-12,8,6,6,2,0,30.7,0,31,6,0.0,25,0,0
2024-06-13,9,6,6,3,0,33.1,0,25,3,0.0,22,0,0
2024-06-14,10,6,6,4,0,32.7,0,22,3,0.0,19,0,0
2024-06-15,11,6,6,5,1,29.9,0,19,1,0.0,18,0,0
2024-06-16,12,6,6,6,1,30.2,0,18,4,0.0,14,0,0
2024-06-17,13,6,6,0,0,28.3,0,14,3,0.0,36,25,0
2024-06-18,14,6,6,1,0,29.4,0,36,2,0.0,34,0,0
2024-06-19,15,6,6,2,0,30.8,0,34,3,0.0,31,0,0
2024-06-20,16,6,6,3,0,30.1,0,31,3,0.0,28,0,0
2024-06-21,17,6,6,4,0,30.4,0,28,1,0.0,27,0,0
2024-06-22,18,6,6,5,1,33.0,0,27,4,0.0,23,0,0
2024-06-23,19,6,6,6,1,31.0,0,23,10,0.0,13,0,0
2024-06-24,20,6,6,0,0,31.4,0,13,2,0.0,37,26,0
2024-06-25,21,6,6,1,0,30.6,0,37,8,0.0,29,0,0
2024-06-26,22,6,6,2,0,29.5,0,29,2,0.0,27,0,0
2024-06-27,23,6,6,3,0,30.9,0,27,2,0.0,25,0,0
2024-06-28,24,6,6,4,0,29.5,0,25,4,0.0,21,0,0
2024-06-29,25,6,6,5,1,29.3,0,21,6,0.0,15,0,0
2024-06-30,26,6,6,6,1,29.8,0,15,2,0.0,13,0,0
2024-07-01,27,6,6,0,0,30.1,0,13,7,0.0,32,26,0
2024-07-02,28,6,6,1,0,30.0,0,32,5,0.0,27,0,0
2024-07-03,29,6,6,2,0,30.1,0,27,7,0.0,20,0,0
2024-07-04,30,6,6,3,0,29.9,0,20,7,0.0,13,0,0
2024-07-05,31,6,6,4,0,29.6,0,13,7,0.0,6,0,0
2024-07-06,32,6,6,5,1,29.8,0,6,4,0.0,2,0,0
2024-07-07,33,6,6,6,1,28.9,0,2,2,0.0,0,0,0
2024-07-08,34,6,6,0,0,29.1,0,0,5,0.0,34,39,0
2024-07-09,35,6,6,1,0,28.5,0,34,4,0.0,30,0,0
2024-07-10,36,6,6,2,0,31.9,0,30,2,0.0,28,0,0
2024-07-11,37,6,6,3,0,30.5,0,28,9,0.0,19,0,0
2024-07-12,38,6,6,4,0,30.7,0,19,4,0.0,15,0,0
2024-07-13,39,6,6,5,1,30.2,0,15,10,0.0,5,0,0
2024-07-14,40,6,6,6,1,30.1,0,5,5,0.0,0,0,0
2024-07-15,41,6,6,0,0,28.7,0,0,4,0.0,35,39,0
2024-07-16,42,6,6,1,0,34.2,0,35,3,0.0,32,0,0
2024-07-17,43,6,6,2,0,29.1,0,32,6,0.0,26,0,0
2024-07-18,44,6,6,3,0,28.5,0,26,5,0.0,21,0,0
2024-06-04,0,6,7,1,0,30.9,0,27,6,0.0,21,0,0
2024-06-05,1,6,7,2,0,29.2,0,21,2,0.0,19,0,0
2024-06-06,2,6,7,3,0,26.6,0,19,3,0.0,16,0,0
2024-06-07,3,6,7,4,0,33.8,0,16,3,0.0,13,0,0
2024-06-08,4,6,7,5,1,31.7,0,13,6,0.0,7,0,0
2024-06-09,5,6,7,6,1,31.4,0,7,6,0.0,1,0,0
2024-06-10,6,6,7,0,0,29.9,0,1,4,0.0,27,30,0
2024-06-11,7,6,7,1,0,28.2,0,27,2,0.0,25,0,0
2024-06-12,8,6,7,2,0,30.7,0,25,8,0.0,17,0,0
2024-06-13,9,6,7,3,0,33.1,0,17,4,0.0,13,0,0
2024-06-14,10,6,7,4,0,32.7,0,13,2,0.0,11,0,0
2024-06-15,11,6,7,5,1,29.9,0,11,5,0.0,6,0,0
2024-06-16,12,6,7,6,1,30.2,0,6,5,0.0,1,0,0
2024-06-17,13,6,7,0,0,28.3,0,1,1,0.0,30,30,0
2024-06-18,14,6,7,1,0,29.4,0,30,4,0.0,26,0,0
2024-06-19,15,6,7,2,0,30.8,0,26,6,0.0,20,0,0
2024-06-20,16,6,7,3,0,30.1,0,20,3,0.0,17,0,0
2024-06-21,17,6,7,4,0,30.4,0,17,2,0.0,15,0,0
2024-06-22,18,6,7,5,1,33.0,0,15,5,0.0,10,0,0
2024-06-23,19,6,7,6,1,31.0,0,10,2,0.0,8,0,0
2024-06-24,20,6,7,0,0,31.4,0,8,7,0.0,24,23,0
2024-06-25,21,6,7,1,0,30.6,0,24,8,0.0,16,0,0
2024-06-26,22,6,7,2,0,29.5,0,16,1,0.0,15,0,0
2024-06-27,23,6,7,3,0,30.9,0,15,1,0.0,14,0,0
2024-06-28,24,6,7,4,0,29.5,0,14,0,0.0,14,0,0
2024-06-29,25,6,7,5,1,29.3,0,14,6,0.0,8,0,0
2024-06-30,26,6,7,6,1,29.8,0,8,5,0.0,3,0,0
2024-07-01,27,6,7,0,0,30.1,0,3,3,0.0,28,28,0
2024-07-02,28,6,7,1,0,30.0,0,28,4,0.0,24,0,0
2024-07-03,29,6,7,2,0,30.1,0,24,3,0.0,21,0,0
2024-07-04,30,6,7,3,0,29.9,0,21,4,0.0,17,0,0
2024-07-05,31,6,7,4,0,29.6,0,17,2,0.0,15,0,0
2024-07-06,32,6,7,5,1,29.8,0,15,11,0.0,4,0,0
2024-07-07,33,6,7,6,1,28.9,0,4,4,0.0,0,0,0
2024-07-08,34,6,7,0,0,29.1,0,0,3,0.0,28,31,0
2024-07-09,35,6,7,1,0,28.5,0,28,2,0.0,26,0,0
2024-07-10,36,6,7,2,0,31.9,0,26,3,0.0,23,0,0
2024-07-11,37,6,7,3,0,30.5,0,23,3,0.0,20,0,0
2024-07-12,38,6,7,4,0,30.7,0,20,1,0.0,19,0,0
2024-07-13,39,6,7,5,1,30.2,0,19,7,0.0,12,0,0
2024-07-14,40,6,7,6,1,30.1,0,12,3,0.0,9,0,0
2024-07-15,41,6,7,0,0,28.7,0,9,3,0.0,28,22,0
2024-07-16,42,6,7,1,0,34.2,0,28,4,0.0,24,0,0
2024-07-17,43,6,7,2,0,29.1,0,24,5,0.0,19,0,0
2024-07-18,44,6,7,3,0,28.5,0,19,3,0.0,16,0,0
2024-06-04,0,6,8,1,0,30.9,0,277,34,0.0,243,0,0
2024-06-05,1,6,8,2,0,29.2,0,243,33,0.0,210,0,0
2024-06-06,2,6,8,3,0,26.6,0,210,33,0.0,177,0,0
2024-06-07,3,6,8,4,0,33.8,0,177,52,0.0,125,0,0
2024-06-08,4,6,8,5,1,31.7,0,125,51,0.0,74,0,0
2024-06-09,5,6,8,6,1,31.4,0,74,45,0.0,29,0,0
2024-06-10,6,6,8,0,0,29.9,0,29,44,0.0,282,297,0
2024-06-11,7,6,8,1,0,28.2,0,282,65,0.0,217,0,0
2024-06-12,8,6,8,2,0,30.7,0,217,44,0.0,173,0,0
2024-06-13,9,6,8,3,0,33.1,0,173,36,0.0,137,0,0
2024-06-14,10,6,8,4,0,32.7,0,137,39,0.0,98,0,0
2024-06-15,11,6,8,5,1,29.9,0,98,39,0.0,59,0,0
2024-06-16,12,6,8,6,1,30.2,0,59,49,0.0,10,0,0
2024-06-17,13,6,8,0,0,28.3,0,10,40,0.0,286,316,0
2024-06-18,14,6,8,1,0,29.4,0,286,35,0.0,251,0,0
2024-06-19,15,6,8,2,0,30.8,0,251,29,0.0,222,0,0
2024-06-20,16,6,8,3,0,30.1,0,222,51,0.0,171,0,0
2024-06-21,17,6,8,4,0,30.4,0,171,46,0.0,125,0,0
2024-06-22,18,6,8,5,1,33.0,0,125,54,0.0,71,0,0
2024-06-23,19,6,8,6,1,31.0,0,71,53,0.0,18,0,0
2024-06-24,20,6,8,0,0,31.4,0,18,50,0.0,276,308,0
2024-06-25,21,6,8,1,0,30.6,0,276,29,0.0,247,0,0
2024-06-26,22,6,8,2,0,29.5,0,247,41,0.0,206,0,0
2024-06-27,23,6,8,3,0,30.9,0,206,41,0.0,165,0,0
2024-06-28,24,6,8,4,0,29.5,0,165,32,0.0,133,0,0
2024-06-29,25,6,8,5,1,29.3,0,133,49,0.0,84,0,0
2024-06-30,26,6,8,6,1,29.8,0,84,52,0.0,32,0,0
2024-07-01,27,6,8,0,0,30.1,0,32,30,0.0,296,294,0
2024-07-02,28,6,8,1,0,30.0,0,296,44,0.0,252,0,0
2024-07-03,29,6,8,2,0,30.1,0,252,36,0.0,216,0,0
2024-07-04,30,6,8,3,0,29.9,0,216,54,0.0,162,0,0
2024-07-05,31,6,8,4,0,29.6,0,162,39,0.0,123,0,0
2024-07-06,32,6,8,5,1,29.8,0,123,43,0.0,80,0,0
2024-07-07,33,6,8,6,1,28.9,0,80,80,0.0,0,0,0
2024-07-08,34,6,8,0,0,29.1,0,0,38,0.0,288,326,0
2024-07-09,35,6,8,1,0,28.5,0,288,27,0.0,261,0,0
2024-07-10,36,6,8,2,0,31.9,0,261,36,0.0,225,0,0
2024-07-11,37,6,8,3,0,30.5,0,225,38,0.0,187,0,0
2024-07-12,38,6,8,4,0,30.7,0,187,40,0.0,147,0,0
2024-07-13,39,6,8,5,1,30.2,0,147,45,0.0,102,0,0
2024-07-14,40,6,8,6,1,30.1,0,102,46,0.0,56,0,0
2024-07-15,41,6,8,0,0,28.7,0,56,58,0.0,268,270,0
2024-07-16,42,6,8,1,0,34.2,0,268,62,0.0,206,0,0
2024-07-17,43,6,8,2,0,29.1,0,206,41,0.0,165,0,0
2024-07-18,44,6,8,3,0,28.5,0,165,33,0.0,132,0,0
2024-06-04,0,6,9,1,0,30.9,0,12,11,0.0,13,12,0
2024-06-05,1,6,9,2,0,29.2,0,13,16,0.0,8,11,0
2024-06-06,2,6,9,3,0,26.6,0,8,12,0.0,12,16,0
2024-06-07,3,6,9,4,0,33.8,0,12,12,0.0,12,12,0
2024-06-08,4,6,9,5,1,31.7,0,12,12,0.0,12,12,0
2024-06-09,5,6,9,6,1,31.4,0,12,16,0.0,8,12,0
2024-06-10,6,6,9,0,0,29.9,0,8,13,0.0,11,16,0
2024-06-11,7,6,9,1,0,28.2,0,11,14,0.0,10,13,0
2024-06-12,8,6,9,2,0,30.7,0,10,14,0.0,10,14,0
2024-06-13,9,6,9,3,0,33.1,0,10,11,0.0,13,14,0
2024-06-14,10,6,9,4,0,32.7,0,13,18,0.0,6,11,0
2024-06-15,11,6,9,5,1,29.9,0,6,17,0.0,7,18,0
2024-06-16,12,6,9,6,1,30.2,0,7,19,0.0,5,17,0
2024-06-17,13,6,9,0,0,28.3,0,5,8,0.0,16,19,0
2024-06-18,14,6,9,1,0,29.4,0,16,11,0.0,13,8,0
2024-06-19,15,6,9,2,0,30.8,0,13,16,0.0,8,11,0
2024-06-20,16,6,9,3,0,30.1,0,8,11,0.0,13,16,0
2024-06-21,17,6,9,4,0,30.4,0,13,10,0.0,14,11,0
2024-06-22,18,6,9,5,1,33.0,0,14,15,0.0,9,10,0
2024-06-23,19,6,9,6,1,31.0,0,9,18,0.0,6,15,0
2024-06-24,20,6,9,0,0,31.4,0,6,9,0.0,15,18,0
2024-06-25,21,6,9,1,0,30.6,0,15,19,0.0,5,9,0
2024-06-26,22,6,9,2,0,29.5,0,5,10,0.0,14,19,0
2024-06-27,23,6,9,3,0,30.9,0,14,18,0.0,6,10,0
2024-06-28,24,6,9,4,0,29.5,0,6,14,0.0,10,18,0
2024-06-29,25,6,9,5,1,29.3,0,10,12,0.0,12,14,0
2024-06-30,26,6,9,6,1,29.8,0,12,24,0.0,0,12,0
2024-07-01,27,6,9,0,0,30.1,0,0,17,0.0,7,24,0
2024-07-02,28,6,9,1,0,30.0,0,7,6,0.0,18,17,0
2024-07-03,29,6,9,2,0,30.1,0,18,22,0.0,2,6,0
2024-07-04,30,6,9,3,0,29.9,0,2,8,0.0,16,22,0
2024-07-05,31,6,9,4,0,29.6,0,16,11,0.0,13,8,0
2024-07-06,32,6,9,5,1,29.8,0,13,15,0.0,9,11,0
2024-07-07,33,6,9,6,1,28.9,0,9,17,0.0,7,15,0
2024-07-08,34,6,9,0,0,29.1,0,7,15,0.0,9,17,0
2024-07-09,35,6,9,1,0,28.5,0,9,19,0.0,5,15,0
2024-07-10,36,6,9,2,0,31.9,0,5,9,0.0,15,19,0
2024-07-11,37,6,9,3,0,30.5,0,15,11,0.0,13,9,0
2024-07-12,38,6,9,4,0,30.7,0,13,15,0.0,9,11,0
2024-07-13,39,6,9,5,1,30.2,0,9,17,0.0,7,15,0
2024-07-14,40,6,9,6,1,30.1,0,7,14,0.0,10,17,0
2024-07-15,41,6,9,0,0,28.7,0,10,5,0.0,19,14,0
2024-07-16,42,6,9,1,0,34.2,0,19,14,0.0,10,5,0
2024-07-17,43,6,9,2,0,29.1,0,10,16,0.0,8,14,0
2024-07-18,44,6,9,3,0,28.5,0,8,16,0.0,8,16,0
2024-06-04,0,6,10,1,0,30.9,0,126,17,0.0,109,0,0
2024-06-05,1,6,10,2,0,29.2,0,109,16,0.0,93,0,0
2024-06-06,2,6,10,3,0,26.6,0,93,22,0.0,71,0,0
2024-06-07,3,6,10,4,0,33.8,0,71,10,0.0,61,0,0
2024-06-08,4,6,10,5,1,31.7,0,61,26,0.0,35,0,0
2024-06-09,5,6,10,6,1,31.4,0,35,25,0.0,10,0,0
2024-06-10,6,6,10,0,0,29.9,0,10,12,0.0,132,134,0
2024-06-11,7,6,10,1,0,28.2,0,132,21,0.0,111,0,0
2024-06-12,8,6,10,2,0,30.7,0,111,21,0.0,90,0,0
2024-06-13,9,6,10,3,0,33.1,0,90,15,0.0,75,0,0
2024-06-14,10,6,10,4,0,32.7,0,75,14,0.0,61,0,0
2024-06-15,11,6,10,5,1,29.9,0,61,19,0.0,42,0,0
2024-06-16,12,6,10,6,1,30.2,0,42,17,0.0,25,0,0
2024-06-17,13,6,10,0,0,28.3,0,25,16,0.0,128,119,0
2024-06-18,14,6,10,1,0,29.4,0,128,26,0.0,102,0,0
2024-06-19,15,6,10,2,0,30.8,0,102,22,0.0,80,0,0
2024-06-20,16,6,10,3,0,30.1,0,80,13,0.0,67,0,0
2024-06-21,17,6,10,4,0,30.4,0,67,19,0.0,48,0,0
2024-06-22,18,6,10,5,1,33.0,0,48,22,0.0,26,0,0
2024-06-23,19,6,10,6,1,31.0,0,26,12,0.0,14,0,0
2024-06-24,20,6,10,0,0,31.4,0,14,19,0.0,125,130,0
2024-06-25,21,6,10,1,0,30.6,0,125,19,0.0,106,0,0
2024-06-26,22,6,10,2,0,29.5,0,106,17,0.0,89,0,0
2024-06-27,23,6,10,3,0,30.9,0,89,17,0.0,72,0,0
2024-06-28,24,6,10,4,0,29.5,0,72,15,0.0,57,0,0
2024-06-29,25,6,10,5,1,29.3,0,57,21,0.0,36,0,0
2024-06-30,26,6,10,6,1,29.8,0,36,17,0.0,19,0,0
2024-07-01,27,6,10,0,0,30.1,0,19,13,0.0,131,125,0
2024-07-02,28,6,10,1,0,30.0,0,131,23,0.0,108,0,0
2024-07-03,29,6,10,2,0,30.1,0,108,23,0.0,85,0,0
2024-07-04,30,6,10,3,0,29.9,0,85,18,0.0,67,0,0
2024-07-05,31,6,10,4,0,29.6,0,67,24,0.0,43,0,0
2024-07-06,32,6,10,5,1,29.8,0,43,23,0.0,20,0,0
2024-07-07,33,6,10,6,1,28.9,0,20,20,0.0,0,0,0
2024-07-08,34,6,10,0,0,29.1,0,0,22,0.0,122,144,0
2024-07-09,35,6,10,1,0,28.5,0,122,16,0.0,106,0,0
2024-07-10,36,6,10,2,0,31.9,0,106,25,0.0,81,0,0
2024-07-11,37,6,10,3,0,30.5,0,81,10,0.0,71,0,0
2024-07-12,38,6,10,4,0,30.7,0,71,31,0.0,40,0,0
2024-07-13,39,6,10,5,1,30.2,0,40,23,0.0,17,0,0
2024-07-14,40,6,10,6,1,30.1,0,17,15,0.0,2,0,0
2024-07-15,41,6,10,0,0,28.7,0,2,19,0.0,125,142,0
2024-07-16,42,6,10,1,0,34.2,0,125,18,0.0,107,0,0
2024-07-17,43,6,10,2,0,29.1,0,107,14,0.0,93,0,0
2024-07-18,44,6,10,3,0,28.5,0,93,21,0.0,72,0,0
2024-06-04,0,6,11,1,0,30.9,0,177,27,0.0,150,0,0
2024-06-05,1,6,11,2,0,29.2,0,150,15,0.0,135,0,0
2024-06-06,2,6,11,3,0,26.6,0,135,27,0.0,108,0,0
2024-06-07,3,6,11,4,0,33.8,0,108,24,0.0,84,0,0
2024-06-08,4,6,11,5,1,31.7,0,84,29,0.0,55,0,0
2024-06-09,5,6,11,6,1,31.4,0,55,22,0.0,33,0,0
2024-06-10,6,6,11,0,0,29.9,0,33,15,0.0,180,162,0
2024-06-11,7,6,11,1,0,28.2,0,180,20,0.0,160,0,0
2024-06-12,8,6,11,2,0,30.7,0,160,15,0.0,145,0,0
2024-06-13,9,6,11,3,0,33.1,0,145,18,0.0,127,0,0
2024-06-14,10,6,11,4,0,32.7,0,127,17,0.0,110,0,0
2024-06-15,11,6,11,5,1,29.9,0,110,19,0.0,91,0,0
2024-06-16,12,6,11,6,1,30.2,0,91,19,0.0,72,0,0
2024-06-17,13,6,11,0,0,28.3,0,72,30,0.0,165,123,0
2024-06-18,14,6,11,1,0,29.4,0,165,21,0.0,144,0,0
2024-06-19,15,6,11,2,0,30.8,0,144,19,0.0,125,0,0
2024-06-20,16,6,11,3,0,30.1,0,125,40,0.0,85,0,0
2024-06-21,17,6,11,4,0,30.4,0,85,26,0.0,59,0,0
2024-06-22,18,6,11,5,1,33.0,0,59,27,0.0,32,0,0
2024-06-23,19,6,11,6,1,31.0,0,32,32,0.0,0,0,0
2024-06-24,20,6,11,0,0,31.4,0,0,19,0.0,176,195,0
2024-06-25,21,6,11,1,0,30.6,0,176,29,0.0,147,0,0
2024-06-26,22,6,11,2,0,29.5,0,147,25,0.0,122,0,0
2024-06-27,23,6,11,3,0,30.9,0,122,20,0.0,102,0,0
2024-06-28,24,6,11,4,0,29.5,0,102,20,0.0,82,0,0
2024-06-29,25,6,11,5,1,29.3,0,82,30,0.0,52,0,0
2024-06-30,26,6,11,6,1,29.8,0,52,21,0.0,31,0,0
2024-07-01,27,6,11,0,0,30.1,0,31,25,0.0,170,164,0
2024-07-02,28,6,11,1,0,30.0,0,170,24,0.0,146,0,0
2024-07-03,29,6,11,2,0,30.1,0,146,19,0.0,127,0,0
2024-07-04,30,6,11,3,0,29.9,0,127,32,0.0,95,0,0
2024-07-05,31,6,11,4,0,29.6,0,95,30,0.0,65,0,0
2024-07-06,32,6,11,5,1,29.8,0,65,25,0.0,40,0,0
2024-07-07,33,6,11,6,1,28.9,0,40,24,0.0,16,0,0
2024-07-08,34,6,11,0,0,29.1,0,16,19,0.0,176,179,0
2024-07-09,35,6,11,1,0,28.5,0,176,20,0.0,156,0,0
2024-07-10,36,6,11,2,0,31.9,0,156,18,0.0,138,0,0
2024-07-11,37,6,11,3,0,30.5,0,138,22,0.0,116,0,0
2024-07-12,38,6,11,4,0,30.7,0,116,22,0.0,94,0,0
2024-07-13,39,6,11,5,1,30.2,0,94,23,0.0,71,0,0
2024-07-14,40,6,11,6,1,30.1,0,71,26,0.0,45,0,0
2024-07-15,41,6,11,0,0,28.7,0,45,31,0.0,164,150,0
2024-07-16,42,6,11,1,0,34.2,0,164,19,0.0,145,0,0
2024-07-17,43,6,11,2,0,29.1,0,145,27,0.0,118,0,0
2024-07-18,44,6,11,3,0,28.5,0,118,20,0.0,98,0,0
2024-06-04,0,6,12,1,0,30.9,0,17,8,0.0,56,47,0
2024-06-05,1,6,12,2,0,29.2,0,56,16,0.0,40,0,0
2024-06-06,2,6,12,3,0,26.6,0,40,10,0.0,30,0,0
2024-06-07,3,6,12,4,0,33.8,0,30,15,0.0,15,0,0
2024-06-08,4,6,12,5,1,31.7,0,15,9,0.0,6,0,0
2024-06-09,5,6,12,6,1,31.4,0,6,8,0.0,56,58,0
2024-06-10,6,6,12,0,0,29.9,0,56,9,0.0,47,0,0
2024-06-11,7,6,12,1,0,28.2,0,47,8,0.0,39,0,0
2024-06-12,8,6,12,2,0,30.7,0,39,9,0.0,30,0,0
2024-06-13,9,6,12,3,0,33.1,0,30,6,0.0,24,0,0
2024-06-14,10,6,12,4,0,32.7,0,24,8,0.0,56,40,0
2024-06-15,11,6,12,5,1,29.9,0,56,6,0.0,50,0,0
2024-06-16,12,6,12,6,1,30.2,0,50,13,0.0,37,0,0
2024-06-17,13,6,12,0,0,28.3,0,37,12,0.0,25,0,0
2024-06-18,14,6,12,1,0,29.4,0,25,11,0.0,14,0,0
2024-06-19,15,6,12,2,0,30.8,0,14,15,0.0,49,50,0
2024-06-20,16,6,12,3,0,30.1,0,49,9,0.0,40,0,0
2024-06-21,17,6,12,4,0,30.4,0,40,11,0.0,29,0,0
2024-06-22,18,6,12,5,1,33.0,0,29,12,0.0,17,0,0
2024-06-23,19,6,12,6,1,31.0,0,17,16,0.0,1,0,0
2024-06-24,20,6,12,0,0,31.4,0,1,9,0.0,55,63,0
2024-06-25,21,6,12,1,0,30.6,0,55,7,0.0,48,0,0
2024-06-26,22,6,12,2,0,29.5,0,48,10,0.0,38,0,0
2024-06-27,23,6,12,3,0,30.9,0,38,14,0.0,24,0,0
2024-06-28,24,6,12,4,0,29.5,0,24,12,0.0,12,0,0
2024-06-29,25,6,12,5,1,29.3,0,12,12,0.0,52,52,0
2024-06-30,26,6,12,6,1,29.8,0,52,12,0.0,40,0,0
2024-07-01,27,6,12,0,0,30.1,0,40,13,0.0,27,0,0
2024-07-02,28,6,12,1,0,30.0,0,27,14,0.0,13,0,0
2024-07-03,29,6,12,2,0,30.1,0,13,13,0.0,0,0,0
2024-07-04,30,6,12,3,0,29.9,0,0,11,0.0,53,64,0
2024-07-05,31,6,12,4,0,29.6,0,53,9,0.0,44,0,0
2024-07-06,32,6,12,5,1,29.8,0,44,13,0.0,31,0,0
2024-07-07,33,6,12,6,1,28.9,0,31,12,0.0,19,0,0
2024-07-08,34,6,12,0,0,29.1,0,19,14,0.0,5,0,0
2024-07-09,35,6,12,1,0,28.5,0,5,10,0.0,54,59,0
2024-07-10,36,6,12,2,0,31.9,0,54,14,0.0,40,0,0
2024-07-11,37,6,12,3,0,30.5,0,40,10,0.0,30,0,0
2024-07-12,38,6,12,4,0,30.7,0,30,5,0.0,25,0,0
2024-07-13,39,6,12,5,1,30.2,0,25,9,0.0,16,0,0
2024-07-14,40,6,12,6,1,30.1,0,16,8,0.0,56,48,0
2024-07-15,41,6,12,0,0,28.7,0,56,8,0.0,48,0,0
2024-07-16,42,6,12,1,0,34.2,0,48,13,0.0,35,0,0
2024-07-17,43,6,12,2,0,29.1,0,35,7,0.0,28,0,0
2024-07-18,44,6,12,3,0,28.5,0,28,5,0.0,23,0,0
2024-06-04,0,7,1,1,0,36.1,0,331,58,0.0,273,0,0
2024-06-05,1,7,1,2,0,34.4,0,273,59,0.0,214,0,0
2024-06-06,2,7,1,3,0,32.8,0,214,40,0.0,174,0,0
2024-06-07,3,7,1,4,0,32.8,0,174,55,0.0,119,0,0
2024-06-08,4,7,1,5,1,33.1,0,119,50,0.0,69,0,0
2024-06-09,5,7,1,6,1,33.8,0,69,52,0.0,17,0,0
2024-06-10,6,7,1,0,0,33.9,0,17,59,0.0,333,375,0
2024-06-11,7,7,1,1,0,33.1,0,333,61,0.0,272,0,0
2024-06-12,8,7,1,2,0,34.1,0,272,56,0.0,216,0,0
2024-06-13,9,7,1,3,0,33.1,0,216,47,0.0,169,0,0
2024-06-14,10,7,1,4,0,33.9,0,169,54,0.0,115,0,0
2024-06-15,11,7,1,5,1,33.4,0,115,50,0.0,65,0,0
2024-06-16,12,7,1,6,1,31.7,0,65,60,0.0,5,0,0
2024-06-17,13,7,1,0,0,35.9,0,5,46,0.0,346,387,0
2024-06-18,14,7,1,1,0,33.6,0,346,51,0.0,295,0,0
2024-06-19,15,7,1,2,0,31.6,0,295,42,0.0,253,0,0
2024-06-20,16,7,1,3,0,32.1,0,253,54,0.0,199,0,0
2024-06-21,17,7,1,4,0,35.1,0,199,49,0.0,150,0,0
2024-06-22,18,7,1,5,1,36.1,0,150,61,0.0,89,0,0
2024-06-23,19,7,1,6,1,31.4,0,89,67,0.0,22,0,0
2024-06-24,20,7,1,0,0,35.1,0,22,60,0.0,332,370,0
2024-06-25,21,7,1,1,0,31.2,0,332,50,0.0,282,0,0
2024-06-26,22,7,1,2,0,32.1,0,282,45,0.0,237,0,0
2024-06-27,23,7,1,3,0,34.0,0,237,53,0.0,184,0,0
2024-06-28,24,7,1,4,0,35.0,0,184,54,0.0,130,0,0
2024-06-29,25,7,1,5,1,32.6,0,130,51,0.0,79,0,0
2024-06-30,26,7,1,6,1,32.9,0,79,51,0.0,28,0,0
2024-07-01,27,7,1,0,0,30.3,0,28,49,0.0,343,364,0
2024-07-02,28,7,1,1,0,31.3,0,343,60,0.0,283,0,0
2024-07-03,29,7,1,2,0,29.6,0,283,48,0.0,235,0,0
2024-07-04,30,7,1,3,0,34.9,0,235,53,0.0,182,0,0
2024-07-05,31,7,1,4,0,32.5,0,182,45,0.0,137,0,0
2024-07-06,32,7,1,5,1,34.0,0,137,64,0.0,73,0,0
2024-07-07,33,7,1,6,1,34.0,0,73,53,0.0,20,0,0
2024-07-08,34,7,1,0,0,34.3,0,20,56,0.0,336,372,0
2024-07-09,35,7,1,1,0,30.9,0,336,64,0.0,272,0,0
2024-07-10,36,7,1,2,0,31.7,0,272,54,0.0,218,0,0
2024-07-11,37,7,1,3,0,32.3,0,218,56,0.0,162,0,0
2024-07-12,38,7,1,4,0,30.7,0,162,48,0.0,114,0,0
2024-07-13,39,7,1,5,1,32.8,0,114,46,0.0,68,0,0
2024-07-14,40,7,1,6,1,35.4,0,68,68,0.0,0,0,0
2024-07-15,41,7,1,0,0,28.8,0,0,41,0.0,351,392,0
2024-07-16,42,7,1,1,0,34.2,0,351,50,0.0,301,0,0
2024-07-17,43,7,1,2,0,34.3,0,301,52,0.0,249,0,0
2024-07-18,44,7,1,3,0,30.3,0,249,50,0.0,199,0,0
2024-06-04,0,7,2,1,0,36.1,0,12,12,0.0,16,16,0
2024-06-05,1,7,2,2,0,34.4,0,16,24,0.0,4,12,0
2024-06-06,2,7,2,3,0,32.8,0,4,15,0.0,13,24,0
2024-06-07,3,7,2,4,0,32.8,0,13,14,0.0,14,15,0
2024-06-08,4,7,2,5,1,33.1,0,14,20,0.0,8,14,0
2024-06-09,5,7,2,6,1,33.8,0,8,13,0.0,15,20,0
2024-06-10,6,7,2,0,0,33.9,0,15,22,0.0,6,13,0
2024-06-11,7,7,2,1,0,33.1,0,6,18,0.0,10,22,0
2024-06-12,8,7,2,2,0,34.1,0,10,20,0.0,8,18,0
2024-06-13,9,7,2,3,0,33.1,0,8,14,0.0,14,20,0
2024-06-14,10,7,2,4,0,33.9,0,14,12,0.0,16,14,0
2024-06-15,11,7,2,5,1,33.4,0,16,21,0.0,7,12,0
2024-06-16,12,7,2,6,1,31.7,0,7,21,0.0,7,21,0
2024-06-17,13,7,2,0,0,35.9,0,7,10,0.0,18,21,0
2024-06-18,14,7,2,1,0,33.6,0,18,16,0.0,12,10,0
2024-06-19,15,7,2,2,0,31.6,0,12,12,0.0,16,16,0
2024-06-20,16,7,2,3,0,32.1,0,16,20,0.0,8,12,0
2024-06-21,17,7,2,4,0,35.1,0,8,16,0.0,12,20,0
2024-06-22,18,7,2,5,1,36.1,0,12,14,0.0,14,16,0
2024-06-23,19,7,2,6,1,31.4,0,14,18,0.0,10,14,0
2024-06-24,20,7,2,0,0,35.1,0,10,14,0.0,14,18,0
2024-06-25,21,7,2,1,0,31.2,0,14,12,0.0,16,14,0
2024-06-26,22,7,2,2,0,32.1,0,16,14,0.0,14,12,0
2024-06-27,23,7,2,3,0,34.0,0,14,12,0.0,16,14,0
2024-06-28,24,7,2,4,0,35.0,0,16,14,0.0,14,12,0
2024-06-29,25,7,2,5,1,32.6,0,14,17,0.0,11,14,0
2024-06-30,26,7,2,6,1,32.9,0,11,11,0.0,17,17,0
2024-07-01,27,7,2,0,0,30.3,0,17,13,0.0,15,11,0
2024-07-02,28,7,2,1,0,31.3,0,15,10,0.0,18,13,0
2024-07-03,29,7,2,2,0,29.6,0,18,10,0.0,18,10,0
2024-07-04,30,7,2,3,0,34.9,0,18,17,0.0,11,10,0
2024-07-05,31,7,2,4,0,32.5,0,11,10,0.0,18,17,0
2024-07-06,32,7,2,5,1,34.0,0,18,21,0.0,7,10,0
2024-07-07,33,7,2,6,1,34.0,0,7,22,0.0,6,21,0
2024-07-08,34,7,2,0,0,34.3,0,6,12,0.0,16,22,0
2024-07-09,35,7,2,1,0,30.9,0,16,8,0.0,20,12,0
2024-07-10,36,7,2,2,0,31.7,0,20,19,0.0,9,8,0
2024-07-11,37,7,2,3,0,32.3,0,9,6,0.0,22,19,0
2024-07-12,38,7,2,4,0,30.7,0,22,28,0.0,0,6,0
2024-07-13,39,7,2,5,1,32.8,0,0,13,0.0,15,28,0
2024-07-14,40,7,2,6,1,35.4,0,15,14,0.0,14,13,0
2024-07-15,41,7,2,0,0,28.8,0,14,18,0.0,10,14,0
2024-07-16,42,7,2,1,0,34.2,0,10,10,0.0,18,18,0
2024-07-17,43,7,2,2,0,34.3,0,18,17,0.0,11,10,0
2024-07-18,44,7,2,3,0,30.3,0,11,14,0.0,14,17,0
2024-06-04,0,7,3,1,0,36.1,0,160,23,0.0,137,0,0
2024-06-05,1,7,3,2,0,34.4,0,137,19,0.0,118,0,0
2024-06-06,2,7,3,3,0,32.8,0,118,22,0.0,96,0,0
2024-06-07,3,7,3,4,0,32.8,0,96,28,0.0,68,0,0
2024-06-08,4,7,3,5,1,33.1,0,68,19,0.0,49,0,0
2024-06-09,5,7,3,6,1,33.8,0,49,12,0.0,37,0,0
2024-06-10,6,7,3,0,0,33.9,0,37,27,0.0,160,150,0
2024-06-11,7,7,3,1,0,33.1,0,160,20,0.0,140,0,0
2024-06-12,8,7,3,2,0,34.1,0,140,33,0.0,107,0,0
2024-06-13,9,7,3,3,0,33.1,0,107,23,0.0,84,0,0
2024-06-14,10,7,3,4,0,33.9,0,84,26,0.0,58,0,0
2024-06-15,11,7,3,5,1,33.4,0,58,35,0.0,23,0,0
2024-06-16,12,7,3,6,1,31.7,0,23,23,0.0,0,0,0
2024-06-17,13,7,3,0,0,35.9,0,0,23,0.0,164,187,0
2024-06-18,14,7,3,1,0,33.6,0,164,16,0.0,148,0,0
2024-06-19,15,7,3,2,0,31.6,0,148,29,0.0,119,0,0
2024-06-20,16,7,3,3,0,32.1,0,119,25,0.0,94,0,0
2024-06-21,17,7,3,4,0,35.1,0,94,11,0.0,83,0,0
2024-06-22,18,7,3,5,1,36.1,0,83,24,0.0,59,0,0
2024-06-23,19,7,3,6,1,31.4,0,59,25,0.0,34,0,0
2024-06-24,20,7,3,0,0,35.1,0,34,16,0.0,171,153,0
2024-06-25,21,7,3,1,0,31.2,0,171,25,0.0,146,0,0
2024-06-26,22,7,3,2,0,32.1,0,146,15,0.0,131,0,0
2024-06-27,23,7,3,3,0,34.0,0,131,25,0.0,106,0,0
2024-06-28,24,7,3,4,0,35.0,0,106,31,0.0,75,0,0
2024-06-29,25,7,3,5,1,32.6,0,75,36,0.0,39,0,0
2024-06-30,26,7,3,6,1,32.9,0,39,27,0.0,12,0,0
2024-07-01,27,7,3,0,0,30.3,0,12,25,0.0,162,175,0
2024-07-02,28,7,3,1,0,31.3,0,162,30,0.0,132,0,0
2024-07-03,29,7,3,2,0,29.6,0,132,27,0.0,105,0,0
2024-07-04,30,7,3,3,0,34.9,0,105,19,0.0,86,0,0
2024-07-05,31,7,3,4,0,32.5,0,86,26,0.0,60,0,0
2024-07-06,32,7,3,5,1,34.0,0,60,21,0.0,39,0,0
2024-07-07,33,7,3,6,1,34.0,0,39,26,0.0,13,0,0
2024-07-08,34,7,3,0,0,34.3,0,13,14,0.0,173,174,0
2024-07-09,35,7,3,1,0,30.9,0,173,20,0.0,153,0,0
2024-07-10,36,7,3,2,0,31.7,0,153,16,0.0,137,0,0
2024-07-11,37,7,3,3,0,32.3,0,137,30,0.0,107,0,0
2024-07-12,38,7,3,4,0,30.7,0,107,18,0.0,89,0,0
2024-07-13,39,7,3,5,1,32.8,0,89,18,0.0,71,0,0
2024-07-14,40,7,3,6,1,35.4,0,71,23,0.0,48,0,0
2024-07-15,41,7,3,0,0,28.8,0,48,25,0.0,162,139,0
2024-07-16,42,7,3,1,0,34.2,0,162,17,0.0,145,0,0
2024-07-17,43,7,3,2,0,34.3,0,145,19,0.0,126,0,0
2024-07-18,44,7,3,3,0,30.3,0,126,25,0.0,101,0,0
2024-06-04,0,7,4,1,0,36.1,0,205,31,0.0,174,0,0
2024-06-05,1,7,4,2,0,34.4,0,174,26,0.0,148,0,0
2024-06-06,2,7,4,3,0,32.8,0,148,12,0.0,136,0,0
2024-06-07,3,7,4,4,0,32.8,0,136,33,0.0,103,0,0
2024-06-08,4,7,4,5,1,33.1,0,103,25,0.0,78,0,0
2024-06-09,5,7,4,6,1,33.8,0,78,23,0.0,55,0,0
2024-06-10,6,7,4,0,0,33.9,0,55,31,0.0,191,167,0
2024-06-11,7,7,4,1,0,33.1,0,191,20,0.0,171,0,0
2024-06-12,8,7,4,2,0,34.1,0,171,28,0.0,143,0,0
2024-06-13,9,7,4,3,0,33.1,0,143,27,0.0,116,0,0
2024-06-14,10,7,4,4,0,33.9,0,116,33,0.0,83,0,0
2024-06-15,11,7,4,5,1,33.4,0,83,29,0.0,54,0,0
2024-06-16,12,7,4,6,1,31.7,0,54,32,0.0,22,0,0
2024-06-17,13,7,4,0,0,35.9,0,22,36,0.0,186,200,0
2024-06-18,14,7,4,1,0,33.6,0,186,22,0.0,164,0,0
2024-06-19,15,7,4,2,0,31.6,0,164,21,0.0,143,0,0
2024-06-20,16,7,4,3,0,32.1,0,143,30,0.0,113,0,0
2024-06-21,17,7,4,4,0,35.1,0,113,30,0.0,83,0,0
2024-06-22,18,7,4,5,1,36.1,0,83,22,0.0,61,0,0
2024-06-23,19,7,4,6,1,31.4,0,61,32,0.0,29,0,0
2024-06-24,20,7,4,0,0,35.1,0,29,21,0.0,201,193,0
2024-06-25,21,7,4,1,0,31.2,0,201,27,0.0,174,0,0
2024-06-26,22,7,4,2,0,32.1,0,174,21,0.0,153,0,0
2024-06-27,23,7,4,3,0,34.0,0,153,25,0.0,128,0,0
2024-06-28,24,7,4,4,0,35.0,0,128,20,0.0,108,0,0
2024-06-29,25,7,4,5,1,32.6,0,108,20,0.0,88,0,0
2024-06-30,26,7,4,6,1,32.9,0,88,41,0.0,47,0,0
2024-07-01,27,7,4,0,0,30.3,0,47,35,0.0,187,175,0
2024-07-02,28,7,4,1,0,31.3,0,187,22,0.0,165,0,0
2024-07-03,29,7,4,2,0,29.6,0,165,29,0.0,136,0,0
2024-07-04,30,7,4,3,0,34.9,0,136,24,0.0,112,0,0
2024-07-05,31,7,4,4,0,32.5,0,112,28,0.0,84,0,0
2024-07-06,32,7,4,5,1,34.0,0,84,32,0.0,52,0,0
2024-07-07,33,7,4,6,1,34.0,0,52,25,0.0,27,0,0
2024-07-08,34,7,4,0,0,34.3,0,27,26,0.0,196,195,0
2024-07-09,35,7,4,1,0,30.9,0,196,34,0.0,162,0,0
2024-07-10,36,7,4,2,0,31.7,0,162,27,0.0,135,0,0
2024-07-11,37,7,4,3,0,32.3,0,135,33,0.0,102,0,0
2024-07-12,38,7,4,4,0,30.7,0,102,30,0.0,72,0,0
2024-07-13,39,7,4,5,1,32.8,0,72,31,0.0,41,0,0
2024-07-14,40,7,4,6,1,35.4,0,41,41,0.0,0,0,0
2024-07-15,41,7,4,0,0,28.8,0,0,27,0.0,195,222,0
2024-07-16,42,7,4,1,0,34.2,0,195,34,0.0,161,0,0
2024-07-17,43,7,4,2,0,34.3,0,161,15,0.0,146,0,0
2024-07-18,44,7,4,3,0,30.3,0,146,32,0.0,114,0,0
2024-06-04,0,7,5,1,0,36.1,0,109,16,0.0,93,0,0
2024-06-05,1,7,5,2,0,34.4,0,93,16,0.0,77,0,0
2024-06-06,2,7,5,3,0,32.8,0,77,11,0.0,66,0,0
2024-06-07,3,7,5,4,0,32.8,0,66,10,0.0,56,0,0
2024-06-08,4,7,5,5,1,33.1,0,56,15,0.0,41,0,0
2024-06-09,5,7,5,6,1,33.8,0,41,9,0.0,32,0,0
2024-06-10,6,7,5,0,0,33.9,0,32,20,0.0,107,95,0
2024-06-11,7,7,5,1,0,33.1,0,107,12,0.0,95,0,0
2024-06-12,8,7,5,2,0,34.1,0,95,20,0.0,75,0,0
2024-06-13,9,7,5,3,0,33.1,0,75,19,0.0,56,0,0
2024-06-14,10,7,5,4,0,33.9,0,56,20,0.0,36,0,0
2024-06-15,11,7,5,5,1,33.4,0,36,19,0.0,17,0,0
2024-06-16,12,7,5,6,1,31.7,0,17,17,0.0,0,0,0
2024-06-17,13,7,5,0,0,35.9,0,0,8,0.0,119,127,0
2024-06-18,14,7,5,1,0,33.6,0,119,8,0.0,111,0,0
2024-06-19,15,7,5,2,0,31.6,0,111,14,0.0,97,0,0
2024-06-20,16,7,5,3,0,32.1,0,97,14,0.0,83,0,0
2024-06-21,17,7,5,4,0,35.1,0,83,14,0.0,69,0,0
2024-06-22,18,7,5,5,1,36.1,0,69,23,0.0,46,0,0
2024-06-23,19,7,5,6,1,31.4,0,46,13,0.0,33,0,0
2024-06-24,20,7,5,0,0,35.1,0,33,10,0.0,117,94,0
2024-06-25,21,7,5,1,0,31.2,0,117,11,0.0,106,0,0
2024-06-26,22,7,5,2,0,32.1,0,106,20,0.0,86,0,0
2024-06-27,23,7,5,3,0,34.0,0,86,11,0.0,75,0,0
2024-06-28,24,7,5,4,0,35.0,0,75,18,0.0,57,0,0
2024-06-29,25,7,5,5,1,32.6,0,57,16,0.0,41,0,0
2024-06-30,26,7,5,6,1,32.9,0,41,17,0.0,24,0,0
2024-07-01,27,7,5,0,0,30.3,0,24,13,0.0,114,103,0
2024-07-02,28,7,5,1,0,31.3,0,114,13,0.0,101,0,0
2024-07-03,29,7,5,2,0,29.6,0,101,15,0.0,86,0,0
2024-07-04,30,7,5,3,0,34.9,0,86,18,0.0,68,0,0
2024-07-05,31,7,5,4,0,32.5,0,68,12,0.0,56,0,0
2024-07-06,32,7,5,5,1,34.0,0,56,13,0.0,43,0,0
2024-07-07,33,7,5,6,1,34.0,0,43,16,0.0,27,0,0
2024-07-08,34,7,5,0,0,34.3,0,27,19,0.0,108,100,0
2024-07-09,35,7,5,1,0,30.9,0,108,13,0.0,95,0,0
2024-07-10,36,7,5,2,0,31.7,0,95,19,0.0,76,0,0
2024-07-11,37,7,5,3,0,32.3,0,76,26,0.0,50,0,0
2024-07-12,38,7,5,4,0,30.7,0,50,19,0.0,31,0,0
2024-07-13,39,7,5,5,1,32.8,0,31,21,0.0,10,0,0
2024-07-14,40,7,5,6,1,35.4,0,10,10,0.0,0,0,0
2024-07-15,41,7,5,0,0,28.8,0,0,9,0.0,118,127,0
2024-07-16,42,7,5,1,0,34.2,0,118,12,0.0,106,0,0
2024-07-17,43,7,5,2,0,34.3,0,106,16,0.0,90,0,0
2024-07-18,44,7,5,3,0,30.3,0,90,13,0.0,77,0,0
2024-06-04,0,7,6,1,0,36.1,0,27,3,0.0,24,0,0
2024-06-05,1,7,6,2,0,34.4,0,24,1,0.0,23,0,0
2024-06-06,2,7,6,3,0,32.8,0,23,2,0.0,21,0,0
2024-06-07,3,7,6,4,0,32.8,0,21,4,0.0,17,0,0
2024-06-08,4,7,6,5,1,33.1,0,17,5,0.0,12,0,0
2024-06-09,5,7,6,6,1,33.8,0,12,5,0.0,7,0,0
2024-06-10,6,7,6,0,0,33.9,0,7,4,0.0,27,24,0
2024-06-11,7,7,6,1,0,33.1,0,27,6,0.0,21,0,0
2024-06-12,8,7,6,2,0,34.1,0,21,2,0.0,19,0,0
2024-06-13,9,7,6,3,0,33.1,0,19,2,0.0,17,0,0
2024-06-14,10,7,6,4,0,33.9,0,17,5,0.0,12,0,0
2024-06-15,11,7,6,5,1,33.4,0,12,5,0.0,7,0,0
2024-06-16,12,7,6,6,1,31.7,0,7,3,0.0,4,0,0
2024-06-17,13,7,6,0,0,35.9,0,4,2,0.0,29,27,0
2024-06-18,14,7,6,1,0,33.6,0,29,4,0.0,25,0,0
2024-06-19,15,7,6,2,0,31.6,0,25,4,0.0,21,0,0
2024-06-20,16,7,6,3,0,32.1,0,21,0,0.0,21,0,0
2024-06-21,17,7,6,4,0,35.1,0,21,2,0.0,19,0,0
2024-06-22,18,7,6,5,1,36.1,0,19,4,0.0,15,0,0
2024-06-23,19,7,6,6,1,31.4,0,15,3,0.0,12,0,0
2024-06-24,20,7,6,0,0,35.1,0,12,4,0.0,27,19,0
2024-06-25,21,7,6,1,0,31.2,0,27,4,0.0,23,0,0
2024-06-26,22,7,6,2,0,32.1,0,23,1,0.0,22,0,0
2024-06-27,23,7,6,3,0,34.0,0,22,4,0.0,18,0,0
2024-06-28,24,7,6,4,0,35.0,0,18,1,0.0,17,0,0
2024-06-29,25,7,6,5,1,32.6,0,17,7,0.0,10,0,0
2024-06-30,26,7,6,6,1,32.9,0,10,5,0.0,5,0,0
2024-07-01,27,7,6,0,0,30.3,0,5,3,0.0,28,26,0
2024-07-02,28,7,6,1,0,31.3,0,28,6,0.0,22,0,0
2024-07-03,29,7,6,2,0,29.6,0,22,6,0.0,16,0,0
2024-07-04,30,7,6,3,0,34.9,0,16,4,0.0,12,0,0
2024-07-05,31,7,6,4,0,32.5,0,12,5,0.0,7,0,0
2024-07-06,32,7,6,5,1,34.0,0,7,4,0.0,3,0,0
2024-07-07,33,7,6,6,1,34.0,0,3,2,0.0,1,0,0
2024-07-08,34,7,6,0,0,34.3,0,1,4,0.0,27,30,0
2024-07-09,35,7,6,1,0,30.9,0,27,4,0.0,23,0,0
2024-07-10,36,7,6,2,0,31.7,0,23,3,0.0,20,0,0
2024-07-11,37,7,6,3,0,32.3,0,20,4,0.0,16,0,0
2024-07-12,38,7,6,4,0,30.7,0,16,4,0.0,12,0,0
2024-07-13,39,7,6,5,1,32.8,0,12,8,0.0,4,0,0
2024-07-14,40,7,6,6,1,35.4,0,4,4,0.0,0,0,0
2024-07-15,41,7,6,0,0,28.8,0,0,1,0.0,30,31,0
2024-07-16,42,7,6,1,0,34.2,0,30,7,0.0,23,0,0
2024-07-17,43,7,6,2,0,34.3,0,23,3,0.0,20,0,0
2024-07-18,44,7,6,3,0,30.3,0,20,4,0.0,16,0,0
2024-06-04,0,7,7,1,0,36.1,0,32,5,0.0,27,0,0
2024-06-05,1,7,7,2,0,34.4,0,27,5,0.0,22,0,0
2024-06-06,2,7,7,3,0,32.8,0,22,1,0.0,21,0,0
2024-06-07,3,7,7,4,0,32.8,0,21,5,0.0,16,0,0
2024-06-08,4,7,7,5,1,33.1,0,16,1,0.0,15,0,0
2024-06-09,5,7,7,6,1,33.8,0,15,3,0.0,12,0,0
2024-06-10,6,7,7,0,0,33.9,0,12,5,0.0,33,26,0
2024-06-11,7,7,7,1,0,33.1,0,33,4,0.0,29,0,0
2024-06-12,8,7,7,2,0,34.1,0,29,4,0.0,25,0,0
2024-06-13,9,7,7,3,0,33.1,0,25,4,0.0,21,0,0
2024-06-14,10,7,7,4,0,33.9,0,21,1,0.0,20,0,0
2024-06-15,11,7,7,5,1,33.4,0,20,7,0.0,13,0,0
2024-06-16,12,7,7,6,1,31.7,0,13,4,0.0,9,0,0
2024-06-17,13,7,7,0,0,35.9,0,9,6,0.0,32,29,0
2024-06-18,14,7,7,1,0,33.6,0,32,6,0.0,26,0,0
2024-06-19,15,7,7,2,0,31.6,0,26,6,0.0,20,0,0
2024-06-20,16,7,7,3,0,32.1,0,20,5,0.0,15,0,0
2024-06-21,17,7,7,4,0,35.1,0,15,1,0.0,14,0,0
2024-06-22,18,7,7,5,1,36.1,0,14,2,0.0,12,0,0
2024-06-23,19,7,7,6,1,31.4,0,12,1,0.0,11,0,0
2024-06-24,20,7,7,0,0,35.1,0,11,4,0.0,34,27,0
2024-06-25,21,7,7,1,0,31.2,0,34,4,0.0,30,0,0
2024-06-26,22,7,7,2,0,32.1,0,30,8,0.0,22,0,0
2024-06-27,23,7,7,3,0,34.0,0,22,5,0.0,17,0,0
2024-06-28,24,7,7,4,0,35.0,0,17,4,0.0,13,0,0
2024-06-29,25,7,7,5,1,32.6,0,13,4,0.0,9,0,0
2024-06-30,26,7,7,6,1,32.9,0,9,9,0.0,0,0,0
2024-07-01,27,7,7,0,0,30.3,0,0,5,0.0,33,38,0
2024-07-02,28,7,7,1,0,31.3,0,33,2,0.0,31,0,0
2024-07-03,29,7,7,2,0,29.6,0,31,7,0.0,24,0,0
2024-07-04,30,7,7,3,0,34.9,0,24,2,0.0,22,0,0
2024-07-05,31,7,7,4,0,32.5,0,22,1,0.0,21,0,0
2024-07-06,32,7,7,5,1,34.0,0,21,8,0.0,13,0,0
2024-07-07,33,7,7,6,1,34.0,0,13,1,0.0,12,0,0
2024-07-08,34,7,7,0,0,34.3,0,12,3,0.0,35,26,0
2024-07-09,35,7,7,1,0,30.9,0,35,2,0.0,33,0,0
2024-07-10,36,7,7,2,0,31.7,0,33,1,0.0,32,0,0
2024-07-11,37,7,7,3,0,32.3,0,32,4,0.0,28,0,0
2024-07-12,38,7,7,4,0,30.7,0,28,1,0.0,27,0,0
2024-07-13,39,7,7,5,1,32.8,0,27,4,0.0,23,0,0
2024-07-14,40,7,7,6,1,35.4,0,23,5,0.0,18,0,0
2024-07-15,41,7,7,0,0,28.8,0,18,5,0.0,33,20,0
2024-07-16,42,7,7,1,0,34.2,0,33,4,0.0,29,0,0
2024-07-17,43,7,7,2,0,34.3,0,29,6,0.0,23,0,0
2024-07-18,44,7,7,3,0,30.3,0,23,3,0.0,20,0,0
2024-06-04,0,7,8,1,0,36.1,0,332,48,0.0,284,0,0
2024-06-05,1,7,8,2,0,34.4,0,284,46,0.0,238,0,0
2024-06-06,2,7,8,3,0,32.8,0,238,46,0.0,192,0,0
2024-06-07,3,7,8,4,0,32.8,0,192,51,0.0,141,0,0
2024-06-08,4,7,8,5,1,33.1,0,141,58,0.0,83,0,0
2024-06-09,5,7,8,6,1,33.8,0,83,66,0.0,17,0,0
2024-06-10,6,7,8,0,0,33.9,0,17,52,0.0,335,370,0
2024-06-11,7,7,8,1,0,33.1,0,335,58,0.0,277,0,0
2024-06-12,8,7,8,2,0,34.1,0,277,53,0.0,224,0,0
2024-06-13,9,7,8,3,0,33.1,0,224,47,0.0,177,0,0
2024-06-14,10,7,8,4,0,33.9,0,177,48,0.0,129,0,0
2024-06-15,11,7,8,5,1,33.4,0,129,58,0.0,71,0,0
2024-06-16,12,7,8,6,1,31.7,0,71,57,0.0,14,0,0
2024-06-17,13,7,8,0,0,35.9,0,14,74,0.0,313,373,0
2024-06-18,14,7,8,1,0,33.6,0,313,46,0.0,267,0,0
2024-06-19,15,7,8,2,0,31.6,0,267,63,0.0,204,0,0
2024-06-20,16,7,8,3,0,32.1,0,204,41,0.0,163,0,0
2024-06-21,17,7,8,4,0,35.1,0,163,62,0.0,101,0,0
2024-06-22,18,7,8,5,1,36.1,0,101,63,0.0,38,0,0
2024-06-23,19,7,8,6,1,31.4,0,38,38,0.0,0,0,0
2024-06-24,20,7,8,0,0,35.1,0,0,65,0.0,322,387,0
2024-06-25,21,7,8,1,0,31.2,0,322,40,0.0,282,0,0
2024-06-26,22,7,8,2,0,32.1,0,282,52,0.0,230,0,0
2024-06-27,23,7,8,3,0,34.0,0,230,58,0.0,172,0,0
2024-06-28,24,7,8,4,0,35.0,0,172,63,0.0,109,0,0
2024-06-29,25,7,8,5,1,32.6,0,109,60,0.0,49,0,0
2024-06-30,26,7,8,6,1,32.9,0,49,49,0.0,0,0,0
2024-07-01,27,7,8,0,0,30.3,0,0,50,0.0,337,387,0
2024-07-02,28,7,8,1,0,31.3,0,337,46,0.0,291,0,0
2024-07-03,29,7,8,2,0,29.6,0,291,43,0.0,248,0,0
2024-07-04,30,7,8,3,0,34.9,0,248,50,0.0,198,0,0
2024-07-05,31,7,8,4,0,32.5,0,198,42,0.0,156,0,0
2024-07-06,32,7,8,5,1,34.0,0,156,89,0.0,67,0,0
2024-07-07,33,7,8,6,1,34.0,0,67,56,0.0,11,0,0
2024-07-08,34,7,8,0,0,34.3,0,11,46,0.0,341,376,0
2024-07-09,35,7,8,1,0,30.9,0,341,40,0.0,301,0,0
2024-07-10,36,7,8,2,0,31.7,0,301,49,0.0,252,0,0
2024-07-11,37,7,8,3,0,32.3,0,252,58,0.0,194,0,0
2024-07-12,38,7,8,4,0,30.7,0,194,50,0.0,144,0,0
2024-07-13,39,7,8,5,1,32.8,0,144,63,0.0,81,0,0
2024-07-14,40,7,8,6,1,35.4,0,81,51,0.0,30,0,0
2024-07-15,41,7,8,0,0,28.8,0,30,46,0.0,341,357,0
2024-07-16,42,7,8,1,0,34.2,0,341,42,0.0,299,0,0
2024-07-17,43,7,8,2,0,34.3,0,299,57,0.0,242,0,0
2024-07-18,44,7,8,3,0,30.3,0,242,54,0.0,188,0,0
2024-06-04,0,7,9,1,0,36.1,0,13,15,0.0,18,20,0
2024-06-05,1,7,9,2,0,34.4,0,18,25,0.0,8,15,0
2024-06-06,2,7,9,3,0,32.8,0,8,17,0.0,16,25,0
2024-06-07,3,7,9,4,0,32.8,0,16,20,0.0,13,17,0
2024-06-08,4,7,9,5,1,33.1,0,13,21,0.0,12,20,0
2024-06-09,5,7,9,6,1,33.8,0,12,33,0.0,0,21,0
2024-06-10,6,7,9,0,0,33.9,0,0,21,0.0,12,33,0
2024-06-11,7,7,9,1,0,33.1,0,12,26,0.0,7,21,0
2024-06-12,8,7,9,2,0,34.1,0,7,12,0.0,21,26,0
2024-06-13,9,7,9,3,0,33.1,0,21,18,0.0,15,12,0
2024-06-14,10,7,9,4,0,33.9,0,15,21,0.0,12,18,0
2024-06-15,11,7,9,5,1,33.4,0,12,24,0.0,9,21,0
2024-06-16,12,7,9,6,1,31.7,0,9,33,0.0,0,24,0
2024-06-17,13,7,9,0,0,35.9,0,0,19,0.0,14,33,0
2024-06-18,14,7,9,1,0,33.6,0,14,19,0.0,14,19,0
2024-06-19,15,7,9,2,0,31.6,0,14,22,0.0,11,19,0
2024-06-20,16,7,9,3,0,32.1,0,11,18,0.0,15,22,0
2024-06-21,17,7,9,4,0,35.1,0,15,20,0.0,13,18,0
2024-06-22,18,7,9,5,1,36.1,0,13,26,0.0,7,20,0
2024-06-23,19,7,9,6,1,31.4,0,7,16,0.0,17,26,0
2024-06-24,20,7,9,0,0,35.1,0,17,11,0.0,22,16,0
2024-06-25,21,7,9,1,0,31.2,0,22,18,0.0,15,11,0
2024-06-26,22,7,9,2,0,32.1,0,15,22,0.0,11,18,0
2024-06-27,23,7,9,3,0,34.0,0,11,13,0.0,20,22,0
2024-06-28,24,7,9,4,0,35.0,0,20,19,0.0,14,13,0
2024-06-29,25,7,9,5,1,32.6,0,14,17,0.0,16,19,0
2024-06-30,26,7,9,6,1,32.9,0,16,18,0.0,15,17,0
2024-07-01,27,7,9,0,0,30.3,0,15,18,0.0,15,18,0
2024-07-02,28,7,9,1,0,31.3,0,15,22,0.0,11,18,0
2024-07-03,29,7,9,2,0,29.6,0,11,12,0.0,21,22,0
2024-07-04,30,7,9,3,0,34.9,0,21,17,0.0,16,12,0
2024-07-05,31,7,9,4,0,32.5,0,16,18,0.0,15,17,0
2024-07-06,32,7,9,5,1,34.0,0,15,24,0.0,9,18,0
2024-07-07,33,7,9,6,1,34.0,0,9,22,0.0,11,24,0
2024-07-08,34,7,9,0,0,34.3,0,11,12,0.0,21,22,0
2024-07-09,35,7,9,1,0,30.9,0,21,17,0.0,16,12,0
2024-07-10,36,7,9,2,0,31.7,0,16,26,0.0,7,17,0
2024-07-11,37,7,9,3,0,32.3,0,7,16,0.0,17,26,0
2024-07-12,38,7,9,4,0,30.7,0,17,26,0.0,7,16,0
2024-07-13,39,7,9,5,1,32.8,0,7,24,0.0,9,26,0
2024-07-14,40,7,9,6,1,35.4,0,9,29,0.0,4,24,0
2024-07-15,41,7,9,0,0,28.8,0,4,14,0.0,19,29,0
2024-07-16,42,7,9,1,0,34.2,0,19,20,0.0,13,14,0
2024-07-17,43,7,9,2,0,34.3,0,13,14,0.0,19,20,0
2024-07-18,44,7,9,3,0,30.3,0,19,23,0.0,10,14,0
2024-06-04,0,7,10,1,0,36.1,0,139,16,0.0,123,0,0
2024-06-05,1,7,10,2,0,34.4,0,123,22,0.0,101,0,0
2024-06-06,2,7,10,3,0,32.8,0,101,20,0.0,81,0,0
2024-06-07,3,7,10,4,0,32.8,0,81,15,0.0,66,0,0
2024-06-08,4,7,10,5,1,33.1,0,66,19,0.0,47,0,0
2024-06-09,5,7,10,6,1,33.8,0,47,30,0.0,17,0,0
2024-06-10,6,7,10,0,0,33.9,0,17,18,0.0,147,148,0
2024-06-11,7,7,10,1,0,33.1,0,147,24,0.0,123,0,0
2024-06-12,8,7,10,2,0,34.1,0,123,18,0.0,105,0,0
2024-06-13,9,7,10,3,0,33.1,0,105,18,0.0,87,0,0
2024-06-14,10,7,10,4,0,33.9,0,87,18,0.0,69,0,0
2024-06-15,11,7,10,5,1,33.4,0,69,27,0.0,42,0,0
2024-06-16,12,7,10,6,1,31.7,0,42,25,0.0,17,0,0
2024-06-17,13,7,10,0,0,35.9,0,17,28,0.0,137,148,0
2024-06-18,14,7,10,1,0,33.6,0,137,20,0.0,117,0,0
2024-06-19,15,7,10,2,0,31.6,0,117,22,0.0,95,0,0
2024-06-20,16,7,10,3,0,32.1,0,95,12,0.0,83,0,0
2024-06-21,17,7,10,4,0,35.1,0,83,25,0.0,58,0,0
2024-06-22,18,7,10,5,1,36.1,0,58,29,0.0,29,0,0
2024-06-23,19,7,10,6,1,31.4,0,29,29,0.0,0,0,0
2024-06-24,20,7,10,0,0,35.1,0,0,28,0.0,137,165,0
2024-06-25,21,7,10,1,0,31.2,0,137,19,0.0,118,0,0
2024-06-26,22,7,10,2,0,32.1,0,118,16,0.0,102,0,0
2024-06-27,23,7,10,3,0,34.0,0,102,20,0.0,82,0,0
2024-06-28,24,7,10,4,0,35.0,0,82,22,0.0,60,0,0
2024-06-29,25,7,10,5,1,32.6,0,60,36,0.0,24,0,0
2024-06-30,26,7,10,6,1,32.9,0,24,21,0.0,3,0,0
2024-07-01,27,7,10,0,0,30.3,0,3,19,0.0,146,162,0
2024-07-02,28,7,10,1,0,31.3,0,146,18,0.0,128,0,0
2024-07-03,29,7,10,2,0,29.6,0,128,23,0.0,105,0,0
2024-07-04,30,7,10,3,0,34.9,0,105,19,0.0,86,0,0
2024-07-05,31,7,10,4,0,32.5,0,86,15,0.0,71,0,0
2024-07-06,32,7,10,5,1,34.0,0,71,19,0.0,52,0,0
2024-07-07,33,7,10,6,1,34.0,0,52,23,0.0,29,0,0
2024-07-08,34,7,10,0,0,34.3,0,29,25,0.0,140,136,0
2024-07-09,35,7,10,1,0,30.9,0,140,25,0.0,115,0,0
2024-07-10,36,7,10,2,0,31.7,0,115,21,0.0,94,0,0
2024-07-11,37,7,10,3,0,32.3,0,94,20,0.0,74,0,0
2024-07-12,38,7,10,4,0,30.7,0,74,16,0.0,58,0,0
2024-07-13,39,7,10,5,1,32.8,0,58,27,0.0,31,0,0
2024-07-14,40,7,10,6,1,35.4,0,31,22,0.0,9,0,0
2024-07-15,41,7,10,0,0,28.8,0,9,21,0.0,144,156,0
2024-07-16,42,7,10,1,0,34.2,0,144,19,0.0,125,0,0
2024-07-17,43,7,10,2,0,34.3,0,125,25,0.0,100,0,0
2024-07-18,44,7,10,3,0,30.3,0,100,24,0.0,76,0,0
2024-06-04,0,7,11,1,0,36.1,0,128,20,0.0,108,0,0
2024-06-05,1,7,11,2,0,34.4,0,108,13,0.0,95,0,0
2024-06-06,2,7,11,3,0,32.8,0,95,18,0.0,77,0,0
2024-06-07,3,7,11,4,0,32.8,0,77,13,0.0,64,0,0
2024-06-08,4,7,11,5,1,33.1,0,64,17,0.0,47,0,0
2024-06-09,5,7,11,6,1,33.8,0,47,19,0.0,28,0,0
2024-06-10,6,7,11,0,0,33.9,0,28,24,0.0,118,114,0
2024-06-11,7,7,11,1,0,33.1,0,118,16,0.0,102,0,0
2024-06-12,8,7,11,2,0,34.1,0,102,16,0.0,86,0,0
2024-06-13,9,7,11,3,0,33.1,0,86,22,0.0,64,0,0
2024-06-14,10,7,11,4,0,33.9,0,64,22,0.0,42,0,0
2024-06-15,11,7,11,5,1,33.4,0,42,22,0.0,20,0,0
2024-06-16,12,7,11,6,1,31.7,0,20,20,0.0,0,0,0
2024-06-17,13,7,11,0,0,35.9,0,0,19,0.0,123,142,0
2024-06-18,14,7,11,1,0,33.6,0,123,22,0.0,101,0,0
2024-06-19,15,7,11,2,0,31.6,0,101,19,0.0,82,0,0
2024-06-20,16,7,11,3,0,32.1,0,82,20,0.0,62,0,0
2024-06-21,17,7,11,4,0,35.1,0,62,24,0.0,38,0,0
2024-06-22,18,7,11,5,1,36.1,0,38,22,0.0,16,0,0
2024-06-23,19,7,11,6,1,31.4,0,16,16,0.0,0,0,0
2024-06-24,20,7,11,0,0,35.1,0,0,17,0.0,125,142,0
2024-06-25,21,7,11,1,0,31.2,0,125,9,0.0,116,0,0
2024-06-26,22,7,11,2,0,32.1,0,116,25,0.0,91,0,0
2024-06-27,23,7,11,3,0,34.0,0,91,5,0.0,86,0,0
2024-06-28,24,7,11,4,0,35.0,0,86,22,0.0,64,0,0
2024-06-29,25,7,11,5,1,32.6,0,64,17,0.0,47,0,0
2024-06-30,26,7,11,6,1,32.9,0,47,25,0.0,22,0,0
2024-07-01,27,7,11,0,0,30.3,0,22,17,0.0,125,120,0
2024-07-02,28,7,11,1,0,31.3,0,125,19,0.0,106,0,0
2024-07-03,29,7,11,2,0,29.6,0,106,12,0.0,94,0,0
2024-07-04,30,7,11,3,0,34.9,0,94,18,0.0,76,0,0
2024-07-05,31,7,11,4,0,32.5,0,76,12,0.0,64,0,0
2024-07-06,32,7,11,5,1,34.0,0,64,14,0.0,50,0,0
2024-07-07,33,7,11,6,1,34.0,0,50,25,0.0,25,0,0
2024-07-08,34,7,11,0,0,34.3,0,25,23,0.0,119,117,0
2024-07-09,35,7,11,1,0,30.9,0,119,17,0.0,102,0,0
2024-07-10,36,7,11,2,0,31.7,0,102,16,0.0,86,0,0
2024-07-11,37,7,11,3,0,32.3,0,86,17,0.0,69,0,0
2024-07-12,38,7,11,4,0,30.7,0,69,13,0.0,56,0,0
2024-07-13,39,7,11,5,1,32.8,0,56,20,0.0,36,0,0
2024-07-14,40,7,11,6,1,35.4,0,36,18,0.0,18,0,0
2024-07-15,41,7,11,0,0,28.8,0,18,16,0.0,126,124,0
2024-07-16,42,7,11,1,0,34.2,0,126,13,0.0,113,0,0
2024-07-17,43,7,11,2,0,34.3,0,113,24,0.0,89,0,0
2024-07-18,44,7,11,3,0,30.3,0,89,18,0.0,71,0,0
2024-06-04,0,7,12,1,0,36.1,0,21,13,0.0,70,62,0
2024-06-05,1,7,12,2,0,34.4,0,70,10,0.0,60,0,0
2024-06-06,2,7,12,3,0,32.8,0,60,11,0.0,49,0,0
2024-06-07,3,7,12,4,0,32.8,0,49,16,0.0,33,0,0
2024-06-08,4,7,12,5,1,33.1,0,33,16,0.0,17,0,0
2024-06-09,5,7,12,6,1,33.8,0,17,11,0.0,72,66,0
2024-06-10,6,7,12,0,0,33.9,0,72,13,0.0,59,0,0
2024-06-11,7,7,12,1,0,33.1,0,59,10,0.0,49,0,0
2024-06-12,8,7,12,2,0,34.1,0,49,19,0.0,30,0,0
2024-06-13,9,7,12,3,0,33.1,0,30,9,0.0,21,0,0
2024-06-14,10,7,12,4,0,33.9,0,21,19,0.0,64,62,0
2024-06-15,11,7,12,5,1,33.4,0,64,15,0.0,49,0,0
2024-06-16,12,7,12,6,1,31.7,0,49,15,0.0,34,0,0
2024-06-17,13,7,12,0,0,35.9,0,34,16,0.0,18,0,0
2024-06-18,14,7,12,1,0,33.6,0,18,18,0.0,0,0,0
2024-06-19,15,7,12,2,0,31.6,0,0,12,0.0,71,83,0
2024-06-20,16,7,12,3,0,32.1,0,71,11,0.0,60,0,0
2024-06-21,17,7,12,4,0,35.1,0,60,14,0.0,46,0,0
2024-06-22,18,7,12,5,1,36.1,0,46,8,0.0,38,0,0
2024-06-23,19,7,12,6,1,31.4,0,38,11,0.0,27,0,0
2024-06-24,20,7,12,0,0,35.1,0,27,11,0.0,72,56,0
2024-06-25,21,7,12,1,0,31.2,0,72,15,0.0,57,0,0
2024-06-26,22,7,12,2,0,32.1,0,57,21,0.0,36,0,0
2024-06-27,23,7,12,3,0,34.0,0,36,7,0.0,29,0,0
2024-06-28,24,7,12,4,0,35.0,0,29,12,0.0,17,0,0
2024-06-29,25,7,12,5,1,32.6,0,17,10,0.0,73,66,0
2024-06-30,26,7,12,6,1,32.9,0,73,13,0.0,60,0,0
2024-07-01,27,7,12,0,0,30.3,0,60,10,0.0,50,0,0
2024-07-02,28,7,12,1,0,31.3,0,50,16,0.0,34,0,0
2024-07-03,29,7,12,2,0,29.6,0,34,15,0.0,19,0,0
2024-07-04,30,7,12,3,0,34.9,0,19,14,0.0,69,64,0
2024-07-05,31,7,12,4,0,32.5,0,69,14,0.0,55,0,0
2024-07-06,32,7,12,5,1,34.0,0,55,15,0.0,40,0,0
2024-07-07,33,7,12,6,1,34.0,0,40,19,0.0,21,0,0
2024-07-08,34,7,12,0,0,34.3,0,21,17,0.0,4,0,0
2024-07-09,35,7,12,1,0,30.9,0,4,14,0.0,69,79,0
2024-07-10,36,7,12,2,0,31.7,0,69,11,0.0,58,0,0
2024-07-11,37,7,12,3,0,32.3,0,58,11,0.0,47,0,0
2024-07-12,38,7,12,4,0,30.7,0,47,15,0.0,32,0,0
2024-07-13,39,7,12,5,1,32.8,0,32,12,0.0,20,0,0
2024-07-14,40,7,12,6,1,35.4,0,20,14,0.0,69,63,0
2024-07-15,41,7,12,0,0,28.8,0,69,17,0.0,52,0,0
2024-07-16,42,7,12,1,0,34.2,0,52,12,0.0,40,0,0
2024-07-17,43,7,12,2,0,34.3,0,40,14,0.0,26,0,0
2024-07-18,44,7,12,3,0,30.3,0,26,11,0.0,15,0,0
2024-06-04,0,8,1,1,0,30.9,0,167,19,0.0,148,0,0
2024-06-05,1,8,1,2,0,29.2,0,148,18,0.0,130,0,0
2024-06-06,2,8,1,3,0,26.6,0,130,27,0.0,103,0,0
2024-06-07,3,8,1,4,0,33.8,0,103,31,0.0,72,0,0
2024-06-08,4,8,1,5,1,31.7,0,72,39,0.0,33,0,0
2024-06-09,5,8,1,6,1,31.4,0,33,33,0.0,0,0,0
2024-06-10,6,8,1,0,0,29.9,0,0,27,0.0,168,195,0
2024-06-11,7,8,1,1,0,28.2,0,168,29,0.0,139,0,0
2024-06-12,8,8,1,2,0,30.7,0,139,24,0.0,115,0,0
2024-06-13,9,8,1,3,0,33.1,0,115,24,0.0,91,0,0
2024-06-14,10,8,1,4,0,32.7,0,91,26,0.0,65,0,0
2024-06-15,11,8,1,5,1,29.9,0,65,29,0.0,36,0,0
2024-06-16,12,8,1,6,1,30.2,0,36,32,0.0,4,0,0
2024-06-17,13,8,1,0,0,28.3,0,4,24,0.0,171,191,0
2024-06-18,14,8,1,1,0,29.4,0,171,31,0.0,140,0,0
2024-06-19,15,8,1,2,0,30.8,0,140,20,0.0,120,0,0
2024-06-20,16,8,1,3,0,30.1,0,120,20,0.0,100,0,0
2024-06-21,17,8,1,4,0,30.4,0,100,31,0.0,69,0,0
2024-06-22,18,8,1,5,1,33.0,0,69,20,0.0,49,0,0
2024-06-23,19,8,1,6,1,31.0,0,49,33,0.0,16,0,0
2024-06-24,20,8,1,0,0,31.4,0,16,28,0.0,167,179,0
2024-06-25,21,8,1,1,0,30.6,0,167,29,0.0,138,0,0
2024-06-26,22,8,1,2,0,29.5,0,138,21,0.0,117,0,0
2024-06-27,23,8,1,3,0,30.9,0,117,20,0.0,97,0,0
2024-06-28,24,8,1,4,0,29.5,0,97,31,0.0,66,0,0
2024-06-29,25,8,1,5,1,29.3,0,66,26,0.0,40,0,0
2024-06-30,26,8,1,6,1,29.8,0,40,31,0.0,9,0,0
2024-07-01,27,8,1,0,0,30.1,0,9,26,0.0,169,186,0
2024-07-02,28,8,1,1,0,30.0,0,169,18,0.0,151,0,0
2024-07-03,29,8,1,2,0,30.1,0,151,24,0.0,127,0,0
2024-07-04,30,8,1,3,0,29.9,0,127,31,0.0,96,0,0
2024-07-05,31,8,1,4,0,29.6,0,96,23,0.0,73,0,0
2024-07-06,32,8,1,5,1,29.8,0,73,35,0.0,38,0,0
2024-07-07,33,8,1,6,1,28.9,0,38,27,0.0,11,0,0
2024-07-08,34,8,1,0,0,29.1,0,11,24,0.0,171,184,0
2024-07-09,35,8,1,1,0,28.5,0,171,20,0.0,151,0,0
2024-07-10,36,8,1,2,0,31.9,0,151,29,0.0,122,0,0
2024-07-11,37,8,1,3,0,30.5,0,122,22,0.0,100,0,0
2024-07-12,38,8,1,4,0,30.7,0,100,23,0.0,77,0,0
2024-07-13,39,8,1,5,1,30.2,0,77,34,0.0,43,0,0
2024-07-14,40,8,1,6,1,30.1,0,43,42,0.0,1,0,0
2024-07-15,41,8,1,0,0,28.7,0,1,29,0.0,166,194,0
2024-07-16,42,8,1,1,0,34.2,0,166,25,0.0,141,0,0
2024-07-17,43,8,1,2,0,29.1,0,141,25,0.0,116,0,0
2024-07-18,44,8,1,3,0,28.5,0,116,19,0.0,97,0,0
2024-06-04,0,8,2,1,0,30.9,0,10,21,0.0,16,27,0
2024-06-05,1,8,2,2,0,29.2,0,16,18,0.0,19,21,0
2024-06-06,2,8,2,3,0,26.6,0,19,19,0.0,18,18,0
2024-06-07,3,8,2,4,0,33.8,0,18,16,0.0,21,19,0
2024-06-08,4,8,2,5,1,31.7,0,21,19,0.0,18,16,0
2024-06-09,5,8,2,6,1,31.4,0,18,29,0.0,8,19,0
2024-06-10,6,8,2,0,0,29.9,0,8,18,0.0,19,29,0
2024-06-11,7,8,2,1,0,28.2,0,19,23,0.0,14,18,0
2024-06-12,8,8,2,2,0,30.7,0,14,19,0.0,18,23,0
2024-06-13,9,8,2,3,0,33.1,0,18,10,0.0,27,19,0
2024-06-14,10,8,2,4,0,32.7,0,27,15,0.0,22,10,0
2024-06-15,11,8,2,5,1,29.9,0,22,20,0.0,17,15,0
2024-06-16,12,8,2,6,1,30.2,0,17,27,0.0,10,20,0
2024-06-17,13,8,2,0,0,28.3,0,10,23,0.0,14,27,0
2024-06-18,14,8,2,1,0,29.4,0,14,18,0.0,19,23,0
2024-06-19,15,8,2,2,0,30.8,0,19,22,0.0,15,18,0
2024-06-20,16,8,2,3,0,30.1,0,15,23,0.0,14,22,0
2024-06-21,17,8,2,4,0,30.4,0,14,21,0.0,16,23,0
2024-06-22,18,8,2,5,1,33.0,0,16,21,0.0,16,21,0
2024-06-23,19,8,2,6,1,31.0,0,16,26,0.0,11,21,0
2024-06-24,20,8,2,0,0,31.4,0,11,23,0.0,14,26,0
2024-06-25,21,8,2,1,0,30.6,0,14,23,0.0,14,23,0
2024-06-26,22,8,2,2,0,29.5,0,14,19,0.0,18,23,0
2024-06-27,23,8,2,3,0,30.9,0,18,28,0.0,9,19,0
2024-06-28,24,8,2,4,0,29.5,0,9,15,0.0,22,28,0
2024-06-29,25,8,2,5,1,29.3,0,22,28,0.0,9,15,0
2024-06-30,26,8,2,6,1,29.8,0,9,29,0.0,8,28,0
2024-07-01,27,8,2,0,0,30.1,0,8,23,0.0,14,29,0
2024-07-02,28,8,2,1,0,30.0,0,14,17,0.0,20,23,0
2024-07-03,29,8,2,2,0,30.1,0,20,21,0.0,16,17,0
2024-07-04,30,8,2,3,0,29.9,0,16,15,0.0,22,21,0
2024-07-05,31,8,2,4,0,29.6,0,22,20,0.0,17,15,0
2024-07-06,32,8,2,5,1,29.8,0,17,26,0.0,11,20,0
2024-07-07,33,8,2,6,1,28.9,0,11,21,0.0,16,26,0
2024-07-08,34,8,2,0,0,29.1,0,16,23,0.0,14,21,0
2024-07-09,35,8,2,1,0,28.5,0,14,23,0.0,14,23,0
2024-07-10,36,8,2,2,0,31.9,0,14,21,0.0,16,23,0
2024-07-11,37,8,2,3,0,30.5,0,16,25,0.0,12,21,0
2024-07-12,38,8,2,4,0,30.7,0,12,22,0.0,15,25,0
2024-07-13,39,8,2,5,1,30.2,0,15,37,0.0,0,22,0
2024-07-14,40,8,2,6,1,30.1,0,0,22,0.0,15,37,0
2024-07-15,41,8,2,0,0,28.7,0,15,32,0.0,5,22,0
2024-07-16,42,8,2,1,0,34.2,0,5,21,0.0,16,32,0
2024-07-17,43,8,2,2,0,29.1,0,16,21,0.0,16,21,0
2024-07-18,44,8,2,3,0,28.5,0,16,20,0.0,17,21,0
2024-06-04,0,8,3,1,0,30.9,0,168,31,0.0,137,0,0
2024-06-05,1,8,3,2,0,29.2,0,137,23,0.0,114,0,0
2024-06-06,2,8,3,3,0,26.6,0,114,20,0.0,94,0,0
2024-06-07,3,8,3,4,0,33.8,0,94,30,0.0,64,0,0
2024-06-08,4,8,3,5,1,31.7,0,64,26,0.0,38,0,0
2024-06-09,5,8,3,6,1,31.4,0,38,14,0.0,24,0,0
2024-06-10,6,8,3,0,0,29.9,0,24,32,0.0,153,161,0
2024-06-11,7,8,3,1,0,28.2,0,153,13,0.0,140,0,0
2024-06-12,8,8,3,2,0,30.7,0,140,21,0.0,119,0,0
2024-06-13,9,8,3,3,0,33.1,0,119,20,0.0,99,0,0
2024-06-14,10,8,3,4,0,32.7,0,99,23,0.0,76,0,0
2024-06-15,11,8,3,5,1,29.9,0,76,27,0.0,49,0,0
2024-06-16,12,8,3,6,1,30.2,0,49,24,0.0,25,0,0
2024-06-17,13,8,3,0,0,28.3,0,25,23,0.0,162,160,0
2024-06-18,14,8,3,1,0,29.4,0,162,16,0.0,146,0,0
2024-06-19,15,8,3,2,0,30.8,0,146,23,0.0,123,0,0
2024-06-20,16,8,3,3,0,30.1,0,123,26,0.0,97,0,0
2024-06-21,17,8,3,4,0,30.4,0,97,41,0.0,56,0,0
2024-06-22,18,8,3,5,1,33.0,0,56,28,0.0,28,0,0
2024-06-23,19,8,3,6,1,31.0,0,28,28,0.0,0,0,0
2024-06-24,20,8,3,0,0,31.4,0,0,17,0.0,168,185,0
2024-06-25,21,8,3,1,0,30.6,0,168,26,0.0,142,0,0
2024-06-26,22,8,3,2,0,29.5,0,142,19,0.0,123,0,0
2024-06-27,23,8,3,3,0,30.9,0,123,15,0.0,108,0,0
2024-06-28,24,8,3,4,0,29.5,0,108,25,0.0,83,0,0
2024-06-29,25,8,3,5,1,29.3,0,83,35,0.0,48,0,0
2024-06-30,26,8,3,6,1,29.8,0,48,22,0.0,26,0,0
2024-07-01,27,8,3,0,0,30.1,0,26,24,0.0,161,159,0
2024-07-02,28,8,3,1,0,30.0,0,161,19,0.0,142,0,0
2024-07-03,29,8,3,2,0,30.1,0,142,21,0.0,121,0,0
2024-07-04,30,8,3,3,0,29.9,0,121,22,0.0,99,0,0
2024-07-05,31,8,3,4,0,29.6,0,99,21,0.0,78,0,0
2024-07-06,32,8,3,5,1,29.8,0,78,24,0.0,54,0,0
2024-07-07,33,8,3,6,1,28.9,0,54,22,0.0,32,0,0
2024-07-08,34,8,3,0,0,29.1,0,32,27,0.0,158,153,0
2024-07-09,35,8,3,1,0,28.5,0,158,20,0.0,138,0,0
2024-07-10,36,8,3,2,0,31.9,0,138,27,0.0,111,0,0
2024-07-11,37,8,3,3,0,30.5,0,111,15,0.0,96,0,0
2024-07-12,38,8,3,4,0,30.7,0,96,17,0.0,79,0,0
2024-07-13,39,8,3,5,1,30.2,0,79,20,0.0,59,0,0
2024-07-14,40,8,3,6,1,30.1,0,59,42,0.0,17,0,0
2024-07-15,41,8,3,0,0,28.7,0,17,19,0.0,166,168,0
2024-07-16,42,8,3,1,0,34.2,0,166,15,0.0,151,0,0
2024-07-17,43,8,3,2,0,29.1,0,151,25,0.0,126,0,0
2024-07-18,44,8,3,3,0,28.5,0,126,17,0.0,109,0,0
2024-06-04,0,8,4,1,0,30.9,0,113,22,0.0,91,0,0
2024-06-05,1,8,4,2,0,29.2,0,91,18,0.0,73,0,0
2024-06-06,2,8,4,3,0,26.6,0,73,14,0.0,59,0,0
2024-06-07,3,8,4,4,0,33.8,0,59,13,0.0,46,0,0
2024-06-08,4,8,4,5,1,31.7,0,46,18,0.0,28,0,0
2024-06-09,5,8,4,6,1,31.4,0,28,18,0.0,10,0,0
2024-06-10,6,8,4,0,0,29.9,0,10,18,0.0,110,118,0
2024-06-11,7,8,4,1,0,28.2,0,110,17,0.0,93,0,0
2024-06-12,8,8,4,2,0,30.7,0,93,19,0.0,74,0,0
2024-06-13,9,8,4,3,0,33.1,0,74,17,0.0,57,0,0
2024-06-14,10,8,4,4,0,32.7,0,57,13,0.0,44,0,0
2024-06-15,11,8,4,5,1,29.9,0,44,22,0.0,22,0,0
2024-06-16,12,8,4,6,1,30.2,0,22,19,0.0,3,0,0
2024-06-17,13,8,4,0,0,28.3,0,3,15,0.0,113,125,0
2024-06-18,14,8,4,1,0,29.4,0,113,15,0.0,98,0,0
2024-06-19,15,8,4,2,0,30.8,0,98,25,0.0,73,0,0
2024-06-20,16,8,4,3,0,30.1,0,73,20,0.0,53,0,0
2024-06-21,17,8,4,4,0,30.4,0,53,15,0.0,38,0,0
2024-06-22,18,8,4,5,1,33.0,0,38,11,0.0,27,0,0
2024-06-23,19,8,4,6,1,31.0,0,27,27,0.0,0,0,0
2024-06-24,20,8,4,0,0,31.4,0,0,20,0.0,108,128,0
2024-06-25,21,8,4,1,0,30.6,0,108,20,0.0,88,0,0
2024-06-26,22,8,4,2,0,29.5,0,88,14,0.0,74,0,0
2024-06-27,23,8,4,3,0,30.9,0,74,11,0.0,63,0,0
2024-06-28,24,8,4,4,0,29.5,0,63,17,0.0,46,0,0
2024-06-29,25,8,4,5,1,29.3,0,46,18,0.0,28,0,0
2024-06-30,26,8,4,6,1,29.8,0,28,21,0.0,7,0,0
2024-07-01,27,8,4,0,0,30.1,0,7,12,0.0,116,121,0
2024-07-02,28,8,4,1,0,30.0,0,116,24,0.0,92,0,0
2024-07-03,29,8,4,2,0,30.1,0,92,7,0.0,85,0,0
2024-07-04,30,8,4,3,0,29.9,0,85,12,0.0,73,0,0
2024-07-05,31,8,4,4,0,29.6,0,73,14,0.0,59,0,0
2024-07-06,32,8,4,5,1,29.8,0,59,15,0.0,44,0,0
2024-07-07,33,8,4,6,1,28.9,0,44,13,0.0,31,0,0
2024-07-08,34,8,4,0,0,29.1,0,31,17,0.0,111,97,0
2024-07-09,35,8,4,1,0,28.5,0,111,16,0.0,95,0,0
2024-07-10,36,8,4,2,0,31.9,0,95,14,0.0,81,0,0
2024-07-11,37,8,4,3,0,30.5,0,81,22,0.0,59,0,0
2024-07-12,38,8,4,4,0,30.7,0,59,17,0.0,42,0,0
2024-07-13,39,8,4,5,1,30.2,0,42,13,0.0,29,0,0
2024-07-14,40,8,4,6,1,30.1,0,29,16,0.0,13,0,0
2024-07-15,41,8,4,0,0,28.7,0,13,14,0.0,114,115,0
2024-07-16,42,8,4,1,0,34.2,0,114,21,0.0,93,0,0
2024-07-17,43,8,4,2,0,29.1,0,93,13,0.0,80,0,0
2024-07-18,44,8,4,3,0,28.5,0,80,18,0.0,62,0,0
2024-06-04,0,8,5,1,0,30.9,0,82,15,0.0,67,0,0
2024-06-05,1,8,5,2,0,29.2,0,67,11,0.0,56,0,0
2024-06-06,2,8,5,3,0,26.6,0,56,9,0.0,47,0,0
2024-06-07,3,8,5,4,0,33.8,0,47,17,0.0,30,0,0
2024-06-08,4,8,5,5,1,31.7,0,30,15,0.0,15,0,0
2024-06-09,5,8,5,6,1,31.4,0,15,12,0.0,3,0,0
2024-06-10,6,8,5,0,0,29.9,0,3,5,0.0,89,91,0
2024-06-11,7,8,5,1,0,28.2,0,89,6,0.0,83,0,0
2024-06-12,8,8,5,2,0,30.7,0,83,9,0.0,74,0,0
2024-06-13,9,8,5,3,0,33.1,0,74,18,0.0,56,0,0
2024-06-14,10,8,5,4,0,32.7,0,56,12,0.0,44,0,0
2024-06-15,11,8,5,5,1,29.9,0,44,13,0.0,31,0,0
2024-06-16,12,8,5,6,1,30.2,0,31,15,0.0,16,0,0
2024-06-17,13,8,5,0,0,28.3,0,16,13,0.0,81,78,0
2024-06-18,14,8,5,1,0,29.4,0,81,14,0.0,67,0,0
2024-06-19,15,8,5,2,0,30.8,0,67,10,0.0,57,0,0
2024-06-20,16,8,5,3,0,30.1,0,57,12,0.0,45,0,0
2024-06-21,17,8,5,4,0,30.4,0,45,18,0.0,27,0,0
2024-06-22,18,8,5,5,1,33.0,0,27,14,0.0,13,0,0
2024-06-23,19,8,5,6,1,31.0,0,13,13,0.0,0,0,0
2024-06-24,20,8,5,0,0,31.4,0,0,9,0.0,85,94,0
2024-06-25,21,8,5,1,0,30.6,0,85,9,0.0,76,0,0
2024-06-26,22,8,5,2,0,29.5,0,76,20,0.0,56,0,0
2024-06-27,23,8,5,3,0,30.9,0,56,9,0.0,47,0,0
2024-06-28,24,8,5,4,0,29.5,0,47,11,0.0,36,0,0
2024-06-29,25,8,5,5,1,29.3,0,36,11,0.0,25,0,0
2024-06-30,26,8,5,6,1,29.8,0,25,21,0.0,4,0,0
2024-07-01,27,8,5,0,0,30.1,0,4,10,0.0,84,90,0
2024-07-02,28,8,5,1,0,30.0,0,84,8,0.0,76,0,0
2024-07-03,29,8,5,2,0,30.1,0,76,8,0.0,68,0,0
2024-07-04,30,8,5,3,0,29.9,0,68,10,0.0,58,0,0
2024-07-05,31,8,5,4,0,29.6,0,58,6,0.0,52,0,0
2024-07-06,32,8,5,5,1,29.8,0,52,13,0.0,39,0,0
2024-07-07,33,8,5,6,1,28.9,0,39,11,0.0,28,0,0
2024-07-08,34,8,5,0,0,29.1,0,28,13,0.0,81,66,0
2024-07-09,35,8,5,1,0,28.5,0,81,12,0.0,69,0,0
2024-07-10,36,8,5,2,0,31.9,0,69,9,0.0,60,0,0
2024-07-11,37,8,5,3,0,30.5,0,60,16,0.0,44,0,0
2024-07-12,38,8,5,4,0,30.7,0,44,12,0.0,32,0,0
2024-07-13,39,8,5,5,1,30.2,0,32,14,0.0,18,0,0
2024-07-14,40,8,5,6,1,30.1,0,18,8,0.0,10,0,0
2024-07-15,41,8,5,0,0,28.7,0,10,8,0.0,86,84,0
2024-07-16,42,8,5,1,0,34.2,0,86,9,0.0,77,0,0
2024-07-17,43,8,5,2,0,29.1,0,77,7,0.0,70,0,0
2024-07-18,44,8,5,3,0,28.5,0,70,8,0.0,62,0,0
2024-06-04,0,8,6,1,0,30.9,0,45,10,0.0,35,0,0
2024-06-05,1,8,6,2,0,29.2,0,35,3,0.0,32,0,0
2024-06-06,2,8,6,3,0,26.6,0,32,3,0.0,29,0,0
2024-06-07,3,8,6,4,0,33.8,0,29,7,0.0,22,0,0
2024-06-08,4,8,6,5,1,31.7,0,22,11,0.0,11,0,0
2024-06-09,5,8,6,6,1,31.4,0,11,4,0.0,7,0,0
2024-06-10,6,8,6,0,0,29.9,0,7,12,0.0,34,39,0
2024-06-11,7,8,6,1,0,28.2,0,34,4,0.0,30,0,0
2024-06-12,8,8,6,2,0,30.7,0,30,8,0.0,22,0,0
2024-06-13,9,8,6,3,0,33.1,0,22,5,0.0,17,0,0
2024-06-14,10,8,6,4,0,32.7,0,17,5,0.0,12,0,0
2024-06-15,11,8,6,5,1,29.9,0,12,6,0.0,6,0,0
2024-06-16,12,8,6,6,1,30.2,0,6,3,0.0,3,0,0
2024-06-17,13,8,6,0,0,28.3,0,3,9,0.0,37,43,0
2024-06-18,14,8,6,1,0,29.4,0,37,3,0.0,34,0,0
2024-06-19,15,8,6,2,0,30.8,0,34,2,0.0,32,0,0
2024-06-20,16,8,6,3,0,30.1,0,32,8,0.0,24,0,0
2024-06-21,17,8,6,4,0,30.4,0,24,5,0.0,19,0,0
2024-06-22,18,8,6,5,1,33.0,0,19,9,0.0,10,0,0
2024-06-23,19,8,6,6,1,31.0,0,10,10,0.0,0,0,0
2024-06-24,20,8,6,0,0,31.4,0,0,10,0.0,36,46,0
2024-06-25,21,8,6,1,0,30.6,0,36,6,0.0,30,0,0
2024-06-26,22,8,6,2,0,29.5,0,30,2,0.0,28,0,0
2024-06-27,23,8,6,3,0,30.9,0,28,5,0.0,23,0,0
2024-06-28,24,8,6,4,0,29.5,0,23,3,0.0,20,0,0
2024-06-29,25,8,6,5,1,29.3,0,20,7,0.0,13,0,0
2024-06-30,26,8,6,6,1,29.8,0,13,6,0.0,7,0,0
2024-07-01,27,8,6,0,0,30.1,0,7,5,0.0,41,39,0
2024-07-02,28,8,6,1,0,30.0,0,41,6,0.0,35,0,0
2024-07-03,29,8,6,2,0,30.1,0,35,2,0.0,33,0,0
2024-07-04,30,8,6,3,0,29.9,0,33,7,0.0,26,0,0
2024-07-05,31,8,6,4,0,29.6,0,26,7,0.0,19,0,0
2024-07-06,32,8,6,5,1,29.8,0,19,6,0.0,13,0,0
2024-07-07,33,8,6,6,1,28.9,0,13,11,0.0,2,0,0
2024-07-08,34,8,6,0,0,29.1,0,2,2,0.0,44,44,0
2024-07-09,35,8,6,1,0,28.5,0,44,4,0.0,40,0,0
2024-07-10,36,8,6,2,0,31.9,0,40,1,0.0,39,0,0
2024-07-11,37,8,6,3,0,30.5,0,39,4,0.0,35,0,0
2024-07-12,38,8,6,4,0,30.7,0,35,12,0.0,23,0,0
2024-07-13,39,8,6,5,1,30.2,0,23,9,0.0,14,0,0
2024-07-14,40,8,6,6,1,30.1,0,14,10,0.0,4,0,0
2024-07-15,41,8,6,0,0,28.7,0,4,8,0.0,38,42,0
2024-07-16,42,8,6,1,0,34.2,0,38,4,0.0,34,0,0
2024-07-17,43,8,6,2,0,29.1,0,34,6,0.0,28,0,0
2024-07-18,44,8,6,3,0,28.5,0,28,8,0.0,20,0,0
2024-06-04,0,8,7,1,0,30.9,0,24,3,0.0,21,0,0
2024-06-05,1,8,7,2,0,29.2,0,21,2,0.0,19,0,0
2024-06-06,2,8,7,3,0,26.6,0,19,2,0.0,17,0,0
2024-06-07,3,8,7,4,0,33.8,0,17,1,0.0,16,0,0
2024-06-08,4,8,7,5,1,31.7,0,16,2,0.0,14,0,0
2024-06-09,5,8,7,6,1,31.4,0,14,2,0.0,12,0,0
2024-06-10,6,8,7,0,0,29.9,0,12,2,0.0,24,14,0
2024-06-11,7,8,7,1,0,28.2,0,24,4,0.0,20,0,0
2024-06-12,8,8,7,2,0,30.7,0,20,4,0.0,16,0,0
2024-06-13,9,8,7,3,0,33.1,0,16,4,0.0,12,0,0
2024-06-14,10,8,7,4,0,32.7,0,12,8,0.0,4,0,0
2024-06-15,11,8,7,5,1,29.9,0,4,3,0.0,1,0,0
2024-06-16,12,8,7,6,1,30.2,0,1,1,0.0,0,0,0
2024-06-17,13,8,7,0,0,28.3,0,0,3,0.0,23,26,0
2024-06-18,14,8,7,1,0,29.4,0,23,3,0.0,20,0,0
2024-06-19,15,8,7,2,0,30.8,0,20,3,0.0,17,0,0
2024-06-20,16,8,7,3,0,30.1,0,17,1,0.0,16,0,0
2024-06-21,17,8,7,4,0,30.4,0,16,5,0.0,11,0,0
2024-06-22,18,8,7,5,1,33.0,0,11,5,0.0,6,0,0
2024-06-23,19,8,7,6,1,31.0,0,6,5,0.0,1,0,0
2024-06-24,20,8,7,0,0,31.4,0,1,5,0.0,21,25,0
2024-06-25,21,8,7,1,0,30.6,0,21,0,0.0,21,0,0
2024-06-26,22,8,7,2,0,29.5,0,21,2,0.0,19,0,0
2024-06-27,23,8,7,3,0,30.9,0,19,4,0.0,15,0,0
2024-06-28,24,8,7,4,0,29.5,0,15,6,0.0,9,0,0
2024-06-29,25,8,7,5,1,29.3,0,9,6,0.0,3,0,0
2024-06-30,26,8,7,6,1,29.8,0,3,0,0.0,3,0,0
2024-07-01,27,8,7,0,0,30.1,0,3,1,0.0,25,23,0
2024-07-02,28,8,7,1,0,30.0,0,25,3,0.0,22,0,0
2024-07-03,29,8,7,2,0,30.1,0,22,4,0.0,18,0,0
2024-07-04,30,8,7,3,0,29.9,0,18,3,0.0,15,0,0
2024-07-05,31,8,7,4,0,29.6,0,15,0,0.0,15,0,0
2024-07-06,32,8,7,5,1,29.8,0,15,4,0.0,11,0,0
2024-07-07,33,8,7,6,1,28.9,0,11,2,0.0,9,0,0
2024-07-08,34,8,7,0,0,29.1,0,9,4,0.0,22,17,0
2024-07-09,35,8,7,1,0,28.5,0,22,2,0.0,20,0,0
2024-07-10,36,8,7,2,0,31.9,0,20,1,0.0,19,0,0
2024-07-11,37,8,7,3,0,30.5,0,19,4,0.0,15,0,0
2024-07-12,38,8,7,4,0,30.7,0,15,1,0.0,14,0,0
2024-07-13,39,8,7,5,1,30.2,0,14,8,0.0,6,0,0
2024-07-14,40,8,7,6,1,30.1,0,6,4,0.0,2,0,0
2024-07-15,41,8,7,0,0,28.7,0,2,4,0.0,22,24,0
2024-07-16,42,8,7,1,0,34.2,0,22,2,0.0,20,0,0
2024-07-17,43,8,7,2,0,29.1,0,20,2,0.0,18,0,0
2024-07-18,44,8,7,3,0,28.5,0,18,6,0.0,12,0,0
2024-06-04,0,8,8,1,0,30.9,0,273,57,0.0,216,0,0
2024-06-05,1,8,8,2,0,29.2,0,216,34,0.0,182,0,0
2024-06-06,2,8,8,3,0,26.6,0,182,43,0.0,139,0,0
2024-06-07,3,8,8,4,0,33.8,0,139,45,0.0,94,0,0
2024-06-08,4,8,8,5,1,31.7,0,94,45,0.0,49,0,0
2024-06-09,5,8,8,6,1,31.4,0,49,47,0.0,2,0,0
2024-06-10,6,8,8,0,0,29.9,0,2,47,0.0,273,318,0
2024-06-11,7,8,8,1,0,28.2,0,273,43,0.0,230,0,0
2024-06-12,8,8,8,2,0,30.7,0,230,42,0.0,188,0,0
2024-06-13,9,8,8,3,0,33.1,0,188,46,0.0,142,0,0
2024-06-14,10,8,8,4,0,32.7,0,142,53,0.0,89,0,0
2024-06-15,11,8,8,5,1,29.9,0,89,47,0.0,42,0,0
2024-06-16,12,8,8,6,1,30.2,0,42,42,0.0,0,0,0
2024-06-17,13,8,8,0,0,28.3,0,0,51,0.0,269,320,0
2024-06-18,14,8,8,1,0,29.4,0,269,29,0.0,240,0,0
2024-06-19,15,8,8,2,0,30.8,0,240,44,0.0,196,0,0
2024-06-20,16,8,8,3,0,30.1,0,196,50,0.0,146,0,0
2024-06-21,17,8,8,4,0,30.4,0,146,40,0.0,106,0,0
2024-06-22,18,8,8,5,1,33.0,0,106,48,0.0,58,0,0
2024-06-23,19,8,8,6,1,31.0,0,58,53,0.0,5,0,0
2024-06-24,20,8,8,0,0,31.4,0,5,41,0.0,279,315,0
2024-06-25,21,8,8,1,0,30.6,0,279,40,0.0,239,0,0
2024-06-26,22,8,8,2,0,29.5,0,239,46,0.0,193,0,0
2024-06-27,23,8,8,3,0,30.9,0,193,42,0.0,151,0,0
2024-06-28,24,8,8,4,0,29.5,0,151,57,0.0,94,0,0
2024-06-29,25,8,8,5,1,29.3,0,94,37,0.0,57,0,0
2024-06-30,26,8,8,6,1,29.8,0,57,32,0.0,25,0,0
2024-07-01,27,8,8,0,0,30.1,0,25,38,0.0,282,295,0
2024-07-02,28,8,8,1,0,30.0,0,282,54,0.0,228,0,0
2024-07-03,29,8,8,2,0,30.1,0,228,47,0.0,181,0,0
2024-07-04,30,8,8,3,0,29.9,0,181,39,0.0,142,0,0
2024-07-05,31,8,8,4,0,29.6,0,142,40,0.0,102,0,0
2024-07-06,32,8,8,5,1,29.8,0,102,34,0.0,68,0,0
2024-07-07,33,8,8,6,1,28.9,0,68,45,0.0,23,0,0
2024-07-08,34,8,8,0,0,29.1,0,23,41,0.0,279,297,0
2024-07-09,35,8,8,1,0,28.5,0,279,33,0.0,246,0,0
2024-07-10,36,8,8,2,0,31.9,0,246,44,0.0,202,0,0
2024-07-11,37,8,8,3,0,30.5,0,202,45,0.0,157,0,0
2024-07-12,38,8,8,4,0,30.7,0,157,39,0.0,118,0,0
2024-07-13,39,8,8,5,1,30.2,0,118,53,0.0,65,0,0
2024-07-14,40,8,8,6,1,30.1,0,65,60,0.0,5,0,0
2024-07-15,41,8,8,0,0,28.7,0,5,34,0.0,286,315,0
2024-07-16,42,8,8,1,0,34.2,0,286,62,0.0,224,0,0
2024-07-17,43,8,8,2,0,29.1,0,224,49,0.0,175,0,0
2024-07-18,44,8,8,3,0,28.5,0,175,38,0.0,137,0,0
2024-06-04,0,8,9,1,0,30.9,0,27,27,0.0,22,22,0
2024-06-05,1,8,9,2,0,29.2,0,22,29,0.0,20,27,0
2024-06-06,2,8,9,3,0,26.6,0,20,28,0.0,21,29,0
2024-06-07,3,8,9,4,0,33.8,0,21,32,0.0,17,28,0
2024-06-08,4,8,9,5,1,31.7,0,17,31,0.0,18,32,0
2024-06-09,5,8,9,6,1,31.4,0,18,30,0.0,19,31,0
2024-06-10,6,8,9,0,0,29.9,0,19,28,0.0,21,30,0
2024-06-11,7,8,9,1,0,28.2,0,21,26,0.0,23,28,0
2024-06-12,8,8,9,2,0,30.7,0,23,35,0.0,14,26,0
2024-06-13,9,8,9,3,0,33.1,0,14,25,0.0,24,35,0
2024-06-14,10,8,9,4,0,32.7,0,24,20,0.0,29,25,0
2024-06-15,11,8,9,5,1,29.9,0,29,26,0.0,23,20,0
2024-06-16,12,8,9,6,1,30.2,0,23,36,0.0,13,26,0
2024-06-17,13,8,9,0,0,28.3,0,13,19,0.0,30,36,0
2024-06-18,14,8,9,1,0,29.4,0,30,32,0.0,17,19,0
2024-06-19,15,8,9,2,0,30.8,0,17,37,0.0,12,32,0
2024-06-20,16,8,9,3,0,30.1,0,12,25,0.0,24,37,0
2024-06-21,17,8,9,4,0,30.4,0,24,24,0.0,25,25,0
2024-06-22,18,8,9,5,1,33.0,0,25,35,0.0,14,24,0
2024-06-23,19,8,9,6,1,31.0,0,14,21,0.0,25,32,0
2024-06-24,20,8,9,0,0,31.4,0,25,33,0.0,16,24,0
2024-06-25,21,8,9,1,0,30.6,0,16,30,0.0,19,33,0
2024-06-26,22,8,9,2,0,29.5,0,19,29,0.0,20,30,0
2024-06-27,23,8,9,3,0,30.9,0,20,36,0.0,13,29,0
2024-06-28,24,8,9,4,0,29.5,0,13,19,0.0,30,36,0
2024-06-29,25,8,9,5,1,29.3,0,30,31,0.0,18,19,0
2024-06-30,26,8,9,6,1,29.8,0,18,45,0.0,4,31,0
2024-07-01,27,8,9,0,0,30.1,0,4,30,0.0,9,35,0
2024-07-02,28,8,9,1,0,30.0,0,9,35,0.0,14,40,0
2024-07-03,29,8,9,2,0,30.1,0,14,23,0.0,26,35,0
2024-07-04,30,8,9,3,0,29.9,0,26,31,0.0,18,23,0
2024-07-05,31,8,9,4,0,29.6,0,18,23,0.0,26,31,0
2024-07-06,32,8,9,5,1,29.8,0,26,28,0.0,21,23,0
2024-07-07,33,8,9,6,1,28.9,0,21,37,0.0,12,28,0
2024-07-08,34,8,9,0,0,29.1,0,12,25,0.0,24,37,0
2024-07-09,35,8,9,1,0,28.5,0,24,21,0.0,28,25,0
2024-07-10,36,8,9,2,0,31.9,0,28,22,0.0,27,21,0
2024-07-11,37,8,9,3,0,30.5,0,27,28,0.0,21,22,0
2024-07-12,38,8,9,4,0,30.7,0,21,26,0.0,23,28,0
2024-07-13,39,8,9,5,1,30.2,0,23,49,0.0,0,26,0
2024-07-14,40,8,9,6,1,30.1,0,0,25,0.0,24,49,0
2024-07-15,41,8,9,0,0,28.7,0,24,28,0.0,21,25,0
2024-07-16,42,8,9,1,0,34.2,0,21,34,0.0,15,28,0
2024-07-17,43,8,9,2,0,29.1,0,15,36,0.0,13,34,0
2024-07-18,44,8,9,3,0,28.5,0,13,30,0.0,19,36,0
2024-06-04,0,8,10,1,0,30.9,0,132,23,0.0,109,0,0
2024-06-05,1,8,10,2,0,29.2,0,109,12,0.0,97,0,0
2024-06-06,2,8,10,3,0,26.6,0,97,28,0.0,69,0,0
2024-06-07,3,8,10,4,0,33.8,0,69,21,0.0,48,0,0
2024-06-08,4,8,10,5,1,31.7,0,48,19,0.0,29,0,0
2024-06-09,5,8,10,6,1,31.4,0,29,11,0.0,18,0,0
2024-06-10,6,8,10,0,0,29.9,0,18,17,0.0,133,132,0
2024-06-11,7,8,10,1,0,28.2,0,133,16,0.0,117,0,0
2024-06-12,8,8,10,2,0,30.7,0,117,16,0.0,101,0,0
2024-06-13,9,8,10,3,0,33.1,0,101,22,0.0,79,0,0
2024-06-14,10,8,10,4,0,32.7,0,79,21,0.0,58,0,0
2024-06-15,11,8,10,5,1,29.9,0,58,19,0.0,39,0,0
2024-06-16,12,8,10,6,1,30.2,0,39,20,0.0,19,0,0
2024-06-17,13,8,10,0,0,28.3,0,19,15,0.0,135,131,0
2024-06-18,14,8,10,1,0,29.4,0,135,21,0.0,114,0,0
2024-06-19,15,8,10,2,0,30.8,0,114,14,0.0,100,0,0
2024-06-20,16,8,10,3,0,30.1,0,100,17,0.0,83,0,0
2024-06-21,17,8,10,4,0,30.4,0,83,19,0.0,64,0,0
2024-06-22,18,8,10,5,1,33.0,0,64,15,0.0,49,0,0
2024-06-23,19,8,10,6,1,31.0,0,49,24,0.0,25,0,0
2024-06-24,20,8,10,0,0,31.4,0,25,16,0.0,134,125,0
2024-06-25,21,8,10,1,0,30.6,0,134,21,0.0,113,0,0
2024-06-26,22,8,10,2,0,29.5,0,113,17,0.0,96,0,0
2024-06-27,23,8,10,3,0,30.9,0,96,21,0.0,75,0,0
2024-06-28,24,8,10,4,0,29.5,0,75,22,0.0,53,0,0
2024-06-29,25,8,10,5,1,29.3,0,53,22,0.0,31,0,0
2024-06-30,26,8,10,6,1,29.8,0,31,22,0.0,9,0,0
2024-07-01,27,8,10,0,0,30.1,0,9,21,0.0,129,141,0
2024-07-02,28,8,10,1,0,30.0,0,129,19,0.0,110,0,0
2024-07-03,29,8,10,2,0,30.1,0,110,22,0.0,88,0,0
2024-07-04,30,8,10,3,0,29.9,0,88,21,0.0,67,0,0
2024-07-05,31,8,10,4,0,29.6,0,67,14,0.0,53,0,0
2024-07-06,32,8,10,5,1,29.8,0,53,28,0.0,25,0,0
2024-07-07,33,8,10,6,1,28.9,0,25,25,0.0,0,0,0
2024-07-08,34,8,10,0,0,29.1,0,0,20,0.0,130,150,0
2024-07-09,35,8,10,1,0,28.5,0,130,16,0.0,114,0,0
2024-07-10,36,8,10,2,0,31.9,0,114,20,0.0,94,0,0
2024-07-11,37,8,10,3,0,30.5,0,94,17,0.0,77,0,0
2024-07-12,38,8,10,4,0,30.7,0,77,19,0.0,58,0,0
2024-07-13,39,8,10,5,1,30.2,0,58,20,0.0,38,0,0
2024-07-14,40,8,10,6,1,30.1,0,38,18,0.0,20,0,0
2024-07-15,41,8,10,0,0,28.7,0,20,17,0.0,133,130,0
2024-07-16,42,8,10,1,0,34.2,0,133,15,0.0,118,0,0
2024-07-17,43,8,10,2,0,29.1,0,118,20,0.0,98,0,0
2024-07-18,44,8,10,3,0,28.5,0,98,22,0.0,76,0,0
2024-06-04,0,8,11,1,0,30.9,0,94,16,0.0,78,0,0
2024-06-05,1,8,11,2,0,29.2,0,78,17,0.0,61,0,0
2024-06-06,2,8,11,3,0,26.6,0,61,13,0.0,48,0,0
2024-06-07,3,8,11,4,0,33.8,0,48,17,0.0,31,0,0
2024-06-08,4,8,11,5,1,31.7,0,31,8,0.0,23,0,0
2024-06-09,5,8,11,6,1,31.4,0,23,20,0.0,3,0,0
2024-06-10,6,8,11,0,0,29.9,0,3,17,0.0,95,109,0
2024-06-11,7,8,11,1,0,28.2,0,95,13,0.0,82,0,0
2024-06-12,8,8,11,2,0,30.7,0,82,11,0.0,71,0,0
2024-06-13,9,8,11,3,0,33.1,0,71,11,0.0,60,0,0
2024-06-14,10,8,11,4,0,32.7,0,60,13,0.0,47,0,0
2024-06-15,11,8,11,5,1,29.9,0,47,16,0.0,31,0,0
2024-06-16,12,8,11,6,1,30.2,0,31,16,0.0,15,0,0
2024-06-17,13,8,11,0,0,28.3,0,15,17,0.0,95,97,0
2024-06-18,14,8,11,1,0,29.4,0,95,16,0.0,79,0,0
2024-06-19,15,8,11,2,0,30.8,0,79,7,0.0,72,0,0
2024-06-20,16,8,11,3,0,30.1,0,72,10,0.0,62,0,0
2024-06-21,17,8,11,4,0,30.4,0,62,13,0.0,49,0,0
2024-06-22,18,8,11,5,1,33.0,0,49,13,0.0,36,0,0
2024-06-23,19,8,11,6,1,31.0,0,36,15,0.0,21,0,0
2024-06-24,20,8,11,0,0,31.4,0,21,12,0.0,100,91,0
2024-06-25,21,8,11,1,0,30.6,0,100,10,0.0,90,0,0
2024-06-26,22,8,11,2,0,29.5,0,90,13,0.0,77,0,0
2024-06-27,23,8,11,3,0,30.9,0,77,15,0.0,62,0,0
2024-06-28,24,8,11,4,0,29.5,0,62,13,0.0,49,0,0
2024-06-29,25,8,11,5,1,29.3,0,49,12,0.0,37,0,0
2024-06-30,26,8,11,6,1,29.8,0,37,13,0.0,24,0,0
2024-07-01,27,8,11,0,0,30.1,0,24,18,0.0,94,88,0
2024-07-02,28,8,11,1,0,30.0,0,94,13,0.0,81,0,0
2024-07-03,29,8,11,2,0,30.1,0,81,12,0.0,69,0,0
2024-07-04,30,8,11,3,0,29.9,0,69,11,0.0,58,0,0
2024-07-05,31,8,11,4,0,29.6,0,58,11,0.0,47,0,0
2024-07-06,32,8,11,5,1,29.8,0,47,28,0.0,19,0,0
2024-07-07,33,8,11,6,1,28.9,0,19,19,0.0,0,0,0
2024-07-08,34,8,11,0,0,29.1,0,0,11,0.0,101,112,0
2024-07-09,35,8,11,1,0,28.5,0,101,11,0.0,90,0,0
2024-07-10,36,8,11,2,0,31.9,0,90,13,0.0,77,0,0
2024-07-11,37,8,11,3,0,30.5,0,77,14,0.0,63,0,0
2024-07-12,38,8,11,4,0,30.7,0,63,15,0.0,48,0,0
2024-07-13,39,8,11,5,1,30.2,0,48,14,0.0,34,0,0
2024-07-14,40,8,11,6,1,30.1,0,34,10,0.0,24,0,0
2024-07-15,41,8,11,0,0,28.7,0,24,15,0.0,97,88,0
2024-07-16,42,8,11,1,0,34.2,0,97,12,0.0,85,0,0
2024-07-17,43,8,11,2,0,29.1,0,85,10,0.0,75,0,0
2024-07-18,44,8,11,3,0,28.5,0,75,24,0.0,51,0,0
2024-06-04,0,8,12,1,0,30.9,0,20,8,0.0,62,50,0
2024-06-05,1,8,12,2,0,29.2,0,62,11,0.0,51,0,0
2024-06-06,2,8,12,3,0,26.6,0,51,14,0.0,37,0,0
2024-06-07,3,8,12,4,0,33.8,0,37,13,0.0,24,0,0
2024-06-08,4,8,12,5,1,31.7,0,24,17,0.0,7,0,0
2024-06-09,5,8,12,6,1,31.4,0,7,19,0.0,51,63,0
2024-06-10,6,8,12,0,0,29.9,0,51,12,0.0,39,0,0
2024-06-11,7,8,12,1,0,28.2,0,39,13,0.0,26,0,0
2024-06-12,8,8,12,2,0,30.7,0,26,10,0.0,16,0,0
2024-06-13,9,8,12,3,0,33.1,0,16,7,0.0,9,0,0
2024-06-14,10,8,12,4,0,32.7,0,9,11,0.0,59,61,0
2024-06-15,11,8,12,5,1,29.9,0,59,12,0.0,47,0,0
2024-06-16,12,8,12,6,1,30.2,0,47,14,0.0,33,0,0
2024-06-17,13,8,12,0,0,28.3,0,33,9,0.0,24,0,0
2024-06-18,14,8,12,1,0,29.4,0,24,13,0.0,11,0,0
2024-06-19,15,8,12,2,0,30.8,0,11,11,0.0,59,59,0
2024-06-20,16,8,12,3,0,30.1,0,59,13,0.0,46,0,0
2024-06-21,17,8,12,4,0,30.4,0,46,15,0.0,31,0,0
2024-06-22,18,8,12,5,1,33.0,0,31,13,0.0,18,0,0
2024-06-23,19,8,12,6,1,31.0,0,18,11,0.0,7,0,0
2024-06-24,20,8,12,0,0,31.4,0,7,12,0.0,58,63,0
2024-06-25,21,8,12,1,0,30.6,0,58,13,0.0,45,0,0
2024-06-26,22,8,12,2,0,29.5,0,45,11,0.0,34,0,0
2024-06-27,23,8,12,3,0,30.9,0,34,6,0.0,28,0,0
2024-06-28,24,8,12,4,0,29.5,0,28,16,0.0,12,0,0
2024-06-29,25,8,12,5,1,29.3,0,12,16,0.0,54,58,0
2024-06-30,26,8,12,6,1,29.8,0,54,15,0.0,39,0,0
2024-07-01,27,8,12,0,0,30.1,0,39,9,0.0,30,0,0
2024-07-02,28,8,12,1,0,30.0,0,30,14,0.0,16,0,0
2024-07-03,29,8,12,2,0,30.1,0,16,10,0.0,6,0,0
2024-07-04,30,8,12,3,0,29.9,0,6,18,0.0,52,64,0
2024-07-05,31,8,12,4,0,29.6,0,52,10,0.0,42,0,0
2024-07-06,32,8,12,5,1,29.8,0,42,15,0.0,27,0,0
2024-07-07,33,8,12,6,1,28.9,0,27,18,0.0,9,0,0
2024-07-08,34,8,12,0,0,29.1,0,9,9,0.0,0,0,0
2024-07-09,35,8,12,1,0,28.5,0,0,13,0.0,57,70,0
2024-07-10,36,8,12,2,0,31.9,0,57,16,0.0,41,0,0
2024-07-11,37,8,12,3,0,30.5,0,41,9,0.0,32,0,0
2024-07-12,38,8,12,4,0,30.7,0,32,5,0.0,27,0,0
2024-07-13,39,8,12,5,1,30.2,0,27,19,0.0,8,0,0
2024-07-14,40,8,12,6,1,30.1,0,8,12,0.0,58,62,0
2024-07-15,41,8,12,0,0,28.7,0,58,9,0.0,49,0,0
2024-07-16,42,8,12,1,0,34.2,0,49,11,0.0,38,0,0
2024-07-17,43,8,12,2,0,29.1,0,38,12,0.0,26,0,0
2024-07-18,44,8,12,3,0,28.5,0,26,11,0.0,15,0,0
